standard_id,title,sector,product_category,scope_or_description,status,publication_date,revision_date,amendments,replaces_or_supersedes,ics_code,language,official_catalogue_url,official_purchase_or_access_url,keywords,source_page_title,source_url,last_verified_date
IS 5739 : 1970,Track and Field Equipment (Sports Goods for Schools),,,,,,,,,,,https://standards.bis.gov.in/website/know-your-standards,https://standardsbis.bsbedge.com/,track;field;equipment;sports;goods;schools,Know Your Standard - Bureau of Indian Standards,https://standards.bis.gov.in/website/know-your-standards,2026-09-07
IS 3181 : 2025,Conveyor Belts - Fire Resistant Conveyor Belting for Underground Mines and Such other Hazardous Applications - Specification,,,,,,,,,,,https://standards.bis.gov.in/website/know-your-standards,https://standardsbis.bsbedge.com/,conveyor;belts;fire;resistant;belting;underground;mines;such;other;hazardous;applications,Know Your Standard - Bureau of Indian Standards,https://standards.bis.gov.in/website/know-your-standards,2026-09-07
IS 9405 : 2024 ( ISO 1120 : 2012),Conveyor Belts-Determination of Strength of Mechanical Fastenings-Static Test Method,,,,,,,,,,,https://standards.bis.gov.in/website/know-your-standards,https://standardsbis.bsbedge.com/,conveyor;belts;determination;strength;mechanical;fastenings;static,Know Your Standard - Bureau of Indian Standards,https://standards.bis.gov.in/website/know-your-standards,2026-09-07
IS 15427 : Part 1 : 2022 ( ISO 15236-1 : 2016),"Steel Cord Conveyor Belts - Part 1 Design, Dimensions and Mechanical Requirements for Conveyor Belts for General Use",,,,,,,,,,,https://standards.bis.gov.in/website/know-your-standards,https://standardsbis.bsbedge.com/,steel;cord;conveyor;belts;design;dimensions;mechanical;use,Know Your Standard - Bureau of Indian Standards,https://standards.bis.gov.in/website/know-your-standards,2026-09-07
IS 15427 : Part 2 : 2022 ( ISO 15236-2 : 2017),Steel Cord Conveyor Belts - Part 2 Preferred Belt Types,,,,,,,,,,,https://standards.bis.gov.in/website/know-your-standards,https://standardsbis.bsbedge.com/,steel;cord;conveyor;belts;preferred;belt;types,Know Your Standard - Bureau of Indian Standards,https://standards.bis.gov.in/website/know-your-standards,2026-09-07
IS 15427 : Part 4 : 2015 ( ISO 15236-4 : 2004),Steel Cord Conveyor Belts Part 4 Vulcanized Belt Joints ( First Revision ),,,,,,,,,,,https://standards.bis.gov.in/website/know-your-standards,https://standardsbis.bsbedge.com/,steel;cord;conveyor;belts;vulcanized;belt;joints;first;revision,Know Your Standard - Bureau of Indian Standards,https://standards.bis.gov.in/website/know-your-standards,2026-09-07
IS 16365 : 2015 ( ISO 21182 : 2013),Light Conveyor Belts - Determination of the Coefficient of Friction,,,,,,,,,,,https://standards.bis.gov.in/website/know-your-standards,https://standardsbis.bsbedge.com/,light;conveyor;belts;determination;coefficient;friction,Know Your Standard - Bureau of Indian Standards,https://standards.bis.gov.in/website/know-your-standards,2026-09-07
IS 16381 : 2025 ( ISO 21178 : 2020),Light Conveyor Belts - Determination of Electrical Resistances,,,,,,,,,,,https://standards.bis.gov.in/website/know-your-standards,https://standardsbis.bsbedge.com/,light;conveyor;belts;determination;electrical;resistances,Know Your Standard - Bureau of Indian Standards,https://standards.bis.gov.in/website/know-your-standards,2026-09-07
IS 16382 : 2017 ( ISO 21179 : 2013),Light Conveyor Belts - Determination of the Electrostatic Field Generated by a Running Light Conveyor Belt,,,,,,,,,,,https://standards.bis.gov.in/website/know-your-standards,https://standardsbis.bsbedge.com/,light;conveyor;belts;determination;electrostatic;field;generated;running;belt,Know Your Standard - Bureau of Indian Standards,https://standards.bis.gov.in/website/know-your-standards,2026-09-07
IS 16383 : 2017 ( ISO 21180 : 2013),Light Conveyor Belts - Determination of the Maximum Tensile Strength,,,,,,,,,,,https://standards.bis.gov.in/website/know-your-standards,https://standardsbis.bsbedge.com/,light;conveyor;belts;determination;maximum;tensile;strength,Know Your Standard - Bureau of Indian Standards,https://standards.bis.gov.in/website/know-your-standards,2026-09-07
IS 16384 : 2017 ( ISO 21181 : 2013),Light Conveyor Belts - Determination of the Relaxed Elastic Modulus,,,,,,,,,,,https://standards.bis.gov.in/website/know-your-standards,https://standardsbis.bsbedge.com/,light;conveyor;belts;determination;relaxed;elastic;modulus,Know Your Standard - Bureau of Indian Standards,https://standards.bis.gov.in/website/know-your-standards,2026-09-07
IS 16385 : Part 1 : 2017 ( ISO 21183-1 : 2005),Light Conveyor Belts Part 1 Principal Characteristics and Applications,,,,,,,,,,,https://standards.bis.gov.in/website/know-your-standards,https://standardsbis.bsbedge.com/,light;conveyor;belts;principal;characteristics;applications,Know Your Standard - Bureau of Indian Standards,https://standards.bis.gov.in/website/know-your-standards,2026-09-07
IS 16388 : 2023 ( ISO 9856 : 2016),Conveyor Belts - Determination of Elastic and Permanent Elongation and Calculation of Elastic Modulus,,,,,,,,,,,https://standards.bis.gov.in/website/know-your-standards,https://standardsbis.bsbedge.com/,conveyor;belts;determination;elastic;permanent;elongation;calculation;modulus,Know Your Standard - Bureau of Indian Standards,https://standards.bis.gov.in/website/know-your-standards,2026-09-07
IS 16755 : 2018 ( ISO 16851 : 2012),Textiles Conveyor Belts- Determination of the Net Length of an Endless (Spliced) Conveyor Belt,,,,,,,,,,,https://standards.bis.gov.in/website/know-your-standards,https://standardsbis.bsbedge.com/,textiles;conveyor;belts;determination;net;length;endless;spliced;belt,Know Your Standard - Bureau of Indian Standards,https://standards.bis.gov.in/website/know-your-standards,2026-09-07
IS 16756 : 2018 ( ISO 10247 : 1990),Conveyor Belts — Characteristics of Covers — Classification,,,,,,,,,,,https://standards.bis.gov.in/website/know-your-standards,https://standardsbis.bsbedge.com/,conveyor;belts;characteristics;covers;classification,Know Your Standard - Bureau of Indian Standards,https://standards.bis.gov.in/website/know-your-standards,2026-09-07
IS 16758 : 2018 ( ISO 3684 : 1990),Conveyors Belts — Determination of Minimum Pulley Diameters,,,,,,,,,,,https://standards.bis.gov.in/website/know-your-standards,https://standardsbis.bsbedge.com/,conveyors;belts;determination;minimum;pulley;diameters,Know Your Standard - Bureau of Indian Standards,https://standards.bis.gov.in/website/know-your-standards,2026-09-07
IS 16765 : 2019 ( ISO 14890 : 2013),Conveyor Belts — Specification for Rubber- or Plastics-Covered Conveyor Belts of Textile Construction for General Use,,,,,,,,,,,https://standards.bis.gov.in/website/know-your-standards,https://standardsbis.bsbedge.com/,conveyor;belts;rubber;plastics;covered;textile;construction;use,Know Your Standard - Bureau of Indian Standards,https://standards.bis.gov.in/website/know-your-standards,2026-09-07
IS 16851 : 2018 ( ISO 583 : 2007),Conveyor Belts With a Textile Carcass — Total Belt Thickness and Thickness of Constitutive Elements — Test Methods,,,,,,,,,,,https://standards.bis.gov.in/website/know-your-standards,https://standardsbis.bsbedge.com/,conveyor;belts;textile;carcass;total;belt;thickness;constitutive;elements,Know Your Standard - Bureau of Indian Standards,https://standards.bis.gov.in/website/know-your-standards,2026-09-07
IS 17056 : 2019 ( ISO 282 : 1992),Conveyor Belts — Sampling,,,,,,,,,,,https://standards.bis.gov.in/website/know-your-standards,https://standardsbis.bsbedge.com/,conveyor;belts;sampling,Know Your Standard - Bureau of Indian Standards,https://standards.bis.gov.in/website/know-your-standards,2026-09-07
IS 17071 : 2024 ( ISO 252 : 2023),Conveyor Belts-Adhesion Between Constitutive Elements-Test Methods,,,,,,,,,,,https://standards.bis.gov.in/website/know-your-standards,https://standardsbis.bsbedge.com/,conveyor;belts;adhesion;between;constitutive;elements,Know Your Standard - Bureau of Indian Standards,https://standards.bis.gov.in/website/know-your-standards,2026-09-07
IS 17089 : 2019 ( ISO 433 : 2017),Conveyor Belts — Markings,,,,,,,,,,,https://standards.bis.gov.in/website/know-your-standards,https://standardsbis.bsbedge.com/,conveyor;belts;markings,Know Your Standard - Bureau of Indian Standards,https://standards.bis.gov.in/website/know-your-standards,2026-09-07
IS 17090 : 2019 ( ISO 703 : 2017),Conveyor Belts — Transverse Flexibility ( Troughability ) — Test Method,,,,,,,,,,,https://standards.bis.gov.in/website/know-your-standards,https://standardsbis.bsbedge.com/,conveyor;belts;transverse;flexibility;troughability,Know Your Standard - Bureau of Indian Standards,https://standards.bis.gov.in/website/know-your-standards,2026-09-07
IS 17114 : 2019 ( ISO 251 : 2012),Conveyor Belts with Textile Carcass — Widths and Lengths,,,,,,,,,,,https://standards.bis.gov.in/website/know-your-standards,https://standardsbis.bsbedge.com/,conveyor;belts;textile;carcass;widths;lengths,Know Your Standard - Bureau of Indian Standards,https://standards.bis.gov.in/website/know-your-standards,2026-09-07
IS 17496 : 2021 ( ISO 283 :2015),"Textile conveyor belts — Full thickness, tensile strength, elongation at break and elongation at the reference load — Test method",,,,,,,,,,,https://standards.bis.gov.in/website/know-your-standards,https://standardsbis.bsbedge.com/,textile;conveyor;belts;full;thickness;tensile;strength;elongation;break;reference;load,Know Your Standard - Bureau of Indian Standards,https://standards.bis.gov.in/website/know-your-standards,2026-09-07
IS 17527 - (Active) : 2021 ( ISO 18573 :2012),Conveyor Belts - Test Atmospheres and Conditioning Periods - (Vaild upto 23 August 2026),,,,,,,,,,,https://standards.bis.gov.in/website/know-your-standards,https://standardsbis.bsbedge.com/,conveyor;belts;atmospheres;conditioning;periods;vaild;upto;august,Know Your Standard - Bureau of Indian Standards,https://standards.bis.gov.in/website/know-your-standards,2026-09-07
IS 17527 : 2026 ( ISO 18573 : 2024),Conveyor Belts - Test Atmospheres and Conditioning Periods,,,,,,,,,,,https://standards.bis.gov.in/website/know-your-standards,https://standardsbis.bsbedge.com/,conveyor;belts;atmospheres;conditioning;periods,Know Your Standard - Bureau of Indian Standards,https://standards.bis.gov.in/website/know-your-standards,2026-09-07
IS 5920 : Part 1 : 2024 ( ISO 10110-1 : 2019),Optics and Photonics-Preparation of Drawings for Optical Elements and Systems - Part 1 General,,,,,,,,,,,https://standards.bis.gov.in/website/know-your-standards,https://standardsbis.bsbedge.com/,optics;photonics;preparation;drawings;optical;elements;systems,Know Your Standard - Bureau of Indian Standards,https://standards.bis.gov.in/website/know-your-standards,2026-09-07
IS 5920 : Part 2 : 2024 ( ISO 10110-5 : 2015),Optics and Photonics-Preparation of drawings for Optical Elements and Systems - Part 2 Surface Form Tolerances,,,,,,,,,,,https://standards.bis.gov.in/website/know-your-standards,https://standardsbis.bsbedge.com/,optics;photonics;preparation;drawings;optical;elements;systems;surface;form;tolerances,Know Your Standard - Bureau of Indian Standards,https://standards.bis.gov.in/website/know-your-standards,2026-09-07
IS 5920 : Part 3 : 2024 ( ISO 10110-6 : 2015),Optics and Photonics-Preparation of Drawings for Optical Elements and Systems - Part 3 Centring Tolerances,,,,,,,,,,,https://standards.bis.gov.in/website/know-your-standards,https://standardsbis.bsbedge.com/,optics;photonics;preparation;drawings;optical;elements;systems;centring;tolerances,Know Your Standard - Bureau of Indian Standards,https://standards.bis.gov.in/website/know-your-standards,2026-09-07
IS 5920 : Part 4 : 2024 ( ISO 10110-7 : 2017),Optics and Photonics - Preparation of Drawings for Optical Elements and Systems - Part 4 Surface Imperfections,,,,,,,,,,,https://standards.bis.gov.in/website/know-your-standards,https://standardsbis.bsbedge.com/,optics;photonics;preparation;drawings;optical;elements;systems;surface;imperfections,Know Your Standard - Bureau of Indian Standards,https://standards.bis.gov.in/website/know-your-standards,2026-09-07
IS 5920 : Part 5 : 2024 ( ISO 10110-8 : 2019),Optics and Photonics - Preparation of Drawings for Optical Elements and Systems - Part 5 Surface Texture,,,,,,,,,,,https://standards.bis.gov.in/website/know-your-standards,https://standardsbis.bsbedge.com/,optics;photonics;preparation;drawings;optical;elements;systems;surface;texture,Know Your Standard - Bureau of Indian Standards,https://standards.bis.gov.in/website/know-your-standards,2026-09-07
IS 5920 : Part 6 : 2024 ( ISO 10110-9 : 2016),Optics and Photonics - Preparation of Drawings for Optical Elements and Systems - Part 6 Surface Treatment and Coating,,,,,,,,,,,https://standards.bis.gov.in/website/know-your-standards,https://standardsbis.bsbedge.com/,optics;photonics;preparation;drawings;optical;elements;systems;surface;treatment;coating,Know Your Standard - Bureau of Indian Standards,https://standards.bis.gov.in/website/know-your-standards,2026-09-07
IS 5920 : Part 7 : 2024 ( IS0 10110-11 : 2016),Optics and Photonics - Preparation of Drawings for Optical Elements and Systems - Part 7 Non-Toleranced Data,,,,,,,,,,,https://standards.bis.gov.in/website/know-your-standards,https://standardsbis.bsbedge.com/,optics;photonics;preparation;drawings;optical;elements;systems;non;toleranced;data,Know Your Standard - Bureau of Indian Standards,https://standards.bis.gov.in/website/know-your-standards,2026-09-07
IS 5920 : Part 8 : 2024 ( ISO 10110-12 : 2019),Optics and Photonics - Preparation of Drawings for Optical Elements and Systems - Part 8 Aspheric Surfaces,,,,,,,,,,,https://standards.bis.gov.in/website/know-your-standards,https://standardsbis.bsbedge.com/,optics;photonics;preparation;drawings;optical;elements;systems;aspheric;surfaces,Know Your Standard - Bureau of Indian Standards,https://standards.bis.gov.in/website/know-your-standards,2026-09-07
IS 5920 : Part 9 : 2024 ( ISO 10110-14 : 2018),Optics and Photonics-Preparation of Drawings for Optical Elements and Systems - Part 9 Wavefront Deformation Tolerance,,,,,,,,,,,https://standards.bis.gov.in/website/know-your-standards,https://standardsbis.bsbedge.com/,optics;photonics;preparation;drawings;optical;elements;systems;wavefront;deformation;tolerance,Know Your Standard - Bureau of Indian Standards,https://standards.bis.gov.in/website/know-your-standards,2026-09-07
IS 5920 : Part 11 : 2024 ( IS0 10110-17 : 2004),Optics and Photonics - Preparation of Drawings for Optical Elements and Systems - Part 11 Laser Irradiation Damage Threshold,,,,,,,,,,,https://standards.bis.gov.in/website/know-your-standards,https://standardsbis.bsbedge.com/,optics;photonics;preparation;drawings;optical;elements;systems;laser;irradiation;damage;threshold,Know Your Standard - Bureau of Indian Standards,https://standards.bis.gov.in/website/know-your-standards,2026-09-07
IS 5920 : Part 12 : 2024 ( ISO 10110-18 : 2018),"Optics and Photonics-Preparation of Drawings for Optical Elements and Systems - Part 12 Stress Birefringence, Bubbles and Inclusions, Homogeneity and Striae",,,,,,,,,,,https://standards.bis.gov.in/website/know-your-standards,https://standardsbis.bsbedge.com/,optics;photonics;preparation;drawings;optical;elements;systems;stress;birefringence;bubbles;inclusions;homogeneity,Know Your Standard - Bureau of Indian Standards,https://standards.bis.gov.in/website/know-your-standards,2026-09-07
IS 5920 : Part 13 : 2024 ( ISO 10110-19 : 2015),Optics and Photonics-Preparation of Drawings for Optical Elements and Systems - Part 13 General Description of-Surfaces and Components,,,,,,,,,,,https://standards.bis.gov.in/website/know-your-standards,https://standardsbis.bsbedge.com/,optics;photonics;preparation;drawings;optical;elements;systems;description;surfaces;components,Know Your Standard - Bureau of Indian Standards,https://standards.bis.gov.in/website/know-your-standards,2026-09-07
IS/ISO 9336 : Part 1 : 2010 ( ISO 9336 : Part 1 : 2010),Optics and Photonics - Optional Transfer Function - Application Part 1 Interchangeable Lenses for 35 mm Still Cameras,,,,,,,,,,,https://standards.bis.gov.in/website/know-your-standards,https://standardsbis.bsbedge.com/,optics;photonics;optional;transfer;function;application;interchangeable;lenses;still;cameras,Know Your Standard - Bureau of Indian Standards,https://standards.bis.gov.in/website/know-your-standards,2026-09-07
IS/ISO 11145 : 2018 ( IS/ISO 11145),Optics And Photonics Lasers And Lasers-Related Equipment Vocabulary And Symbols,,,,,,,,,,,https://standards.bis.gov.in/website/know-your-standards,https://standardsbis.bsbedge.com/,optics;photonics;lasers;related;equipment;vocabulary;symbols,Know Your Standard - Bureau of Indian Standards,https://standards.bis.gov.in/website/know-your-standards,2026-09-07
IS 13108 : 2019 ( ISO 8036 : 2015),Optics and Photonics — Microscopes — Immersion Liquids for Light Microscopy ( Second Revision ),,,,,,,,,,,https://standards.bis.gov.in/website/know-your-standards,https://standardsbis.bsbedge.com/,optics;photonics;microscopes;immersion;liquids;light;microscopy;second;revision,Know Your Standard - Bureau of Indian Standards,https://standards.bis.gov.in/website/know-your-standards,2026-09-07
IS 14963 : 2023 ( ISO 11554 : 2017),Optics And Photonics Lasers And Laser-Related Equipment Test Methods For Laser Beam Power Energy And Temporal Characteristics,,,,,,,,,,,https://standards.bis.gov.in/website/know-your-standards,https://standardsbis.bsbedge.com/,optics;photonics;lasers;laser;related;equipment;beam;power;energy;temporal;characteristics,Know Your Standard - Bureau of Indian Standards,https://standards.bis.gov.in/website/know-your-standards,2026-09-07
IS/ISO 15529 : 2010 ( ISO 15529 : 2010),Optics and Photonics - Optical Transfer Function - Principles of Measurement of Modulation Transfer Function (MTF) of Sampled Imaging Systems,,,,,,,,,,,https://standards.bis.gov.in/website/know-your-standards,https://standardsbis.bsbedge.com/,optics;photonics;optical;transfer;function;principles;measurement;modulation;mtf;sampled;imaging;systems,Know Your Standard - Bureau of Indian Standards,https://standards.bis.gov.in/website/know-your-standards,2026-09-07
IS 16506 : Part 1 : 2024 ( ISO 9211-1 : 2018),Optics and Photonics-Optical Coatings - Part 1 Vocabulary,,,,,,,,,,,https://standards.bis.gov.in/website/know-your-standards,https://standardsbis.bsbedge.com/,optics;photonics;optical;coatings;vocabulary,Know Your Standard - Bureau of Indian Standards,https://standards.bis.gov.in/website/know-your-standards,2026-09-07
IS 16506 : Part 2 : 2020 ( ISO 9211-2:2010),Optics and photonics Optical coatings Part 2 : Optical Properties ( Adoption of ISO 9211 - 2:2010),,,,,,,,,,,https://standards.bis.gov.in/website/know-your-standards,https://standardsbis.bsbedge.com/,optics;photonics;optical;coatings;properties;adoption;iso,Know Your Standard - Bureau of Indian Standards,https://standards.bis.gov.in/website/know-your-standards,2026-09-07
IS 16506 : Part 8 : 2026 ( ISO 9211-8 : 2018),Optics and Photonics - Optical Coatings - Part 8 Minimum Requirements for Coatings Used for Laser Optics,,,,,,,,,,,https://standards.bis.gov.in/website/know-your-standards,https://standardsbis.bsbedge.com/,optics;photonics;optical;coatings;minimum;used;laser,Know Your Standard - Bureau of Indian Standards,https://standards.bis.gov.in/website/know-your-standards,2026-09-07
IS 17172 : Part 22 : 2020 ( ISO 9022-22 : 2012),"Optics and Photonics — Environmental Test Methods Part 22 Combined Cold, Dry Heat or Temperature Change with Bump or Random Vibration",,,,,,,,,,,https://standards.bis.gov.in/website/know-your-standards,https://standardsbis.bsbedge.com/,optics;photonics;environmental;combined;cold;dry;heat;temperature;change;bump;random;vibration,Know Your Standard - Bureau of Indian Standards,https://standards.bis.gov.in/website/know-your-standards,2026-09-07
IS 17172 : Part 23 : 2019 ( ISO 9022-23 : 2016),"Optics and Photonics -  Environmental Test Methods Part 23 Low Pressure Combined with Cold, Ambient Temperature and Dry or Damp Heat",,,,,,,,,,,https://standards.bis.gov.in/website/know-your-standards,https://standardsbis.bsbedge.com/,optics;photonics;environmental;low;pressure;combined;cold;ambient;temperature;dry;damp;heat,Know Your Standard - Bureau of Indian Standards,https://standards.bis.gov.in/website/know-your-standards,2026-09-07
IS 18442 : 2024 ( ISO 12123 : 2018),Optics and Photonics-Raw Optical Glass-Specification,,,,,,,,,,,https://standards.bis.gov.in/website/know-your-standards,https://standardsbis.bsbedge.com/,optics;photonics;raw;optical;glass,Know Your Standard - Bureau of Indian Standards,https://standards.bis.gov.in/website/know-your-standards,2026-09-07
IS 18581 : Part 2 : 2024 ( ISO 10936-2 : 2010),Optics and Photonics-Operation Microscopes - Part 2 Light Hazard from Operation Microscopes Used in Ocular Surgery,,,,,,,,,,,https://standards.bis.gov.in/website/know-your-standards,https://standardsbis.bsbedge.com/,optics;photonics;operation;microscopes;light;hazard;from;used;ocular;surgery,Know Your Standard - Bureau of Indian Standards,https://standards.bis.gov.in/website/know-your-standards,2026-09-07
IS 18726 : Part 1 : 2025 ( ISO 14880-1 : 2019),Optics and Photonics - Microlens Arrays - Part 1 Vocabulary,,,,,,,,,,,https://standards.bis.gov.in/website/know-your-standards,https://standardsbis.bsbedge.com/,optics;photonics;microlens;arrays;vocabulary,Know Your Standard - Bureau of Indian Standards,https://standards.bis.gov.in/website/know-your-standards,2026-09-07
IS 13214 : Part 3 : 2019 ( ISO 7250-3 : 2015),Basic Human Body Measurements for Technological Design Part 3 Worldwide and Regional Design Ranges for use in Product Standards,,,,,,,,,,,https://standards.bis.gov.in/website/know-your-standards,https://standardsbis.bsbedge.com/,basic;human;body;measurements;technological;design;worldwide;regional;ranges;use;product;standards,Know Your Standard - Bureau of Indian Standards,https://standards.bis.gov.in/website/know-your-standards,2026-09-07
IS 19550 : 2026 ( ISO 11200 : 2014),Acoustics - Noise Emitted by Machinery and Equipment - Guidelines for the use of Basic Standards for the Determination of Emission Sound Pressure Levels at a Work Station and at other Specified Positions,,,,,,,,,,,https://standards.bis.gov.in/website/know-your-standards,https://standardsbis.bsbedge.com/,acoustics;noise;emitted;machinery;equipment;guidelines;use;basic;standards;determination;emission;sound,Know Your Standard - Bureau of Indian Standards,https://standards.bis.gov.in/website/know-your-standards,2026-09-07
IS 1356 : Part 1 : 1972,Electrical Equipment of Machine Tools:part 1 Electrical Equipment of Machines for General Use,,,,,,,,,,,https://standards.bis.gov.in/website/know-your-standards,https://standardsbis.bsbedge.com/,electrical;equipment;machine;tools;machines;use,Know Your Standard - Bureau of Indian Standards,https://standards.bis.gov.in/website/know-your-standards,2026-09-07
IS 2063 : 1988,Acceptance code for machine tools - Geometric accuracy of machines operating under no-load or finishing conditions,,,,,,,,,,,https://standards.bis.gov.in/website/know-your-standards,https://standardsbis.bsbedge.com/,acceptance;machine;tools;geometric;accuracy;machines;operating;under;load;finishing;conditions,Know Your Standard - Bureau of Indian Standards,https://standards.bis.gov.in/website/know-your-standards,2026-09-07
IS 2063 : Part 1 : 2016 ( ISO 230-1 : 2012),Test Code for Machine Tools - Part 1 : Geometric Accuracy of Machines Operating Under No-load or Finishing Conditions (Second Revision),,,,,,,,,,,https://standards.bis.gov.in/website/know-your-standards,https://standardsbis.bsbedge.com/,machine;tools;geometric;accuracy;machines;operating;under;load;finishing;conditions;second;revision,Know Your Standard - Bureau of Indian Standards,https://standards.bis.gov.in/website/know-your-standards,2026-09-07
IS 2063 : Part 10 : 2023 ( ISO 230-10 : 2016),Test Code for Machine Tools - Part 10 Determination of the Measuring Performance of Probing Systems of Numerically Controlled Machine Tools,,,,,,,,,,,https://standards.bis.gov.in/website/know-your-standards,https://standardsbis.bsbedge.com/,machine;tools;determination;measuring;performance;probing;systems;numerically;controlled,Know Your Standard - Bureau of Indian Standards,https://standards.bis.gov.in/website/know-your-standards,2026-09-07
IS 2063 : Part 2 : 2016 ( ISO 230-2 : 2014),Test Code for Machine Tools - Part 2 : Determination of Accuracy and Repeatability of Positioning Numerically Controlled Axes,,,,,,,,,,,https://standards.bis.gov.in/website/know-your-standards,https://standardsbis.bsbedge.com/,machine;tools;determination;accuracy;repeatability;positioning;numerically;controlled;axes,Know Your Standard - Bureau of Indian Standards,https://standards.bis.gov.in/website/know-your-standards,2026-09-07
IS 2063 : Part 3 : 2023 ( ISO 230-3 : 2020),Test Code for Machine Tools - Part 3 Determination of Thermal Effects,,,,,,,,,,,https://standards.bis.gov.in/website/know-your-standards,https://standardsbis.bsbedge.com/,machine;tools;determination;thermal;effects,Know Your Standard - Bureau of Indian Standards,https://standards.bis.gov.in/website/know-your-standards,2026-09-07
IS 2063 : Part 4 : 2023 ( ISO 230-4 : 2022),Test Code for Machine Tools - Part 4 Circular Tests for Numerically Controlled Machine Tools,,,,,,,,,,,https://standards.bis.gov.in/website/know-your-standards,https://standardsbis.bsbedge.com/,machine;tools;circular;numerically;controlled,Know Your Standard - Bureau of Indian Standards,https://standards.bis.gov.in/website/know-your-standards,2026-09-07
IS 2063 : Part 5 : 2016 ( ISO 230-5 : 2000),Test Code for Machine Tools,,,,,,,,,,,https://standards.bis.gov.in/website/know-your-standards,https://standardsbis.bsbedge.com/,machine;tools,Know Your Standard - Bureau of Indian Standards,https://standards.bis.gov.in/website/know-your-standards,2026-09-07
IS 2063 : Part 6 : 2016 ( ISO 230-6 : 2002),Test Code for Machine Tools,,,,,,,,,,,https://standards.bis.gov.in/website/know-your-standards,https://standardsbis.bsbedge.com/,machine;tools,Know Your Standard - Bureau of Indian Standards,https://standards.bis.gov.in/website/know-your-standards,2026-09-07
IS 2063 : Part 7 : 2023 ( ISO 230-7 : 2015),Test Code For Machine Tools - Part 7 : Geometric Accuracy Of Axes Of Rotation,,,,,,,,,,,https://standards.bis.gov.in/website/know-your-standards,https://standardsbis.bsbedge.com/,machine;tools;geometric;accuracy;axes;rotation,Know Your Standard - Bureau of Indian Standards,https://standards.bis.gov.in/website/know-your-standards,2026-09-07
IS 2063 : Part 8 : 2016 ( ISO/TR 230-8 : 2010),Test Code for Machine Tools,,,,,,,,,,,https://standards.bis.gov.in/website/know-your-standards,https://standardsbis.bsbedge.com/,machine;tools,Know Your Standard - Bureau of Indian Standards,https://standards.bis.gov.in/website/know-your-standards,2026-09-07
IS 2063 : Part 9 : 2016 ( ISO/TR 230-9 : 2005),"Test Code for Machine Tools Part 9 Estimation of Measurement Uncertainty for Machine Tools Tests According to Series ISO 230, Basic Equations",,,,,,,,,,,https://standards.bis.gov.in/website/know-your-standards,https://standardsbis.bsbedge.com/,machine;tools;estimation;measurement;uncertainty;according;series;iso;basic;equations,Know Your Standard - Bureau of Indian Standards,https://standards.bis.gov.in/website/know-your-standards,2026-09-07
IS 2063 : Part 12 : 2024 ( ISO 230-12 : 2022),Machine Tools-Test Code - Part 12 Accuracy of Finished Test Pieces,,,,,,,,,,,https://standards.bis.gov.in/website/know-your-standards,https://standardsbis.bsbedge.com/,machine;tools;accuracy;finished;pieces,Know Your Standard - Bureau of Indian Standards,https://standards.bis.gov.in/website/know-your-standards,2026-09-07
IS 2161 : 1996,Coolant Pumps For General Purpose Machine Tools - Specification (First Revision),,,,,,,,,,,https://standards.bis.gov.in/website/know-your-standards,https://standardsbis.bsbedge.com/,coolant;pumps;purpose;machine;tools;first;revision,Know Your Standard - Bureau of Indian Standards,https://standards.bis.gov.in/website/know-your-standards,2026-09-07
IS 2182 : 2018 ( ISO 369 : 2009),Machine Tools — Symbols for Indications Appearing on Machine Tools ( Second Revision ),,,,,,,,,,,https://standards.bis.gov.in/website/know-your-standards,https://standardsbis.bsbedge.com/,machine;tools;symbols;indications;appearing;second;revision,Know Your Standard - Bureau of Indian Standards,https://standards.bis.gov.in/website/know-your-standards,2026-09-07
IS 2218 : 1999,Speeds and feeds for machine tools (First Revision),,,,,,,,,,,https://standards.bis.gov.in/website/know-your-standards,https://standardsbis.bsbedge.com/,speeds;feeds;machine;tools;first;revision,Know Your Standard - Bureau of Indian Standards,https://standards.bis.gov.in/website/know-your-standards,2026-09-07
IS 2219 : 1962,Feeds for Machine Tools,,,,,,,,,,,https://standards.bis.gov.in/website/know-your-standards,https://standardsbis.bsbedge.com/,feeds;machine;tools,Know Your Standard - Bureau of Indian Standards,https://standards.bis.gov.in/website/know-your-standards,2026-09-07
IS 2368 : 2018 ( ISO 2433 : 1999),Machine Tools - Test conditons for External Cylindrical and Universal Grinding Machines with a Movable Table - Testing of the Accuracy,,,,,,,,,,,https://standards.bis.gov.in/website/know-your-standards,https://standardsbis.bsbedge.com/,machine;tools;conditons;external;cylindrical;universal;grinding;machines;movable;table;testing;accuracy,Know Your Standard - Bureau of Indian Standards,https://standards.bis.gov.in/website/know-your-standards,2026-09-07
IS 2582 : Part 1 : 2015 ( ISO 702/1 : 2009),Machine Tools - Connecting Dimensions of Spindle Noses and Work Holding Chucks Part 1 Conical Connection ( Third Revision ),,,,,,,,,,,https://standards.bis.gov.in/website/know-your-standards,https://standardsbis.bsbedge.com/,machine;tools;connecting;dimensions;spindle;noses;work;holding;chucks;conical;connection;third,Know Your Standard - Bureau of Indian Standards,https://standards.bis.gov.in/website/know-your-standards,2026-09-07
IS 2582 : Part 2 : 2016 ( ISO 702/2 : 2007),Machine Tools - Connecting Dimensions of Spindle Noses and Work Holding Chucks Part 2 Camlock Type ( Third Revision ),,,,,,,,,,,https://standards.bis.gov.in/website/know-your-standards,https://standardsbis.bsbedge.com/,machine;tools;connecting;dimensions;spindle;noses;work;holding;chucks;camlock;type;third,Know Your Standard - Bureau of Indian Standards,https://standards.bis.gov.in/website/know-your-standards,2026-09-07
IS 2582 : Part 3 : 2023 ( ISO 702-3 : 2007),Machine Tools-Connecting Dimensions of Spindle Noses and Work Holding Chucks - Part 3 Bayonet Type,,,,,,,,,,,https://standards.bis.gov.in/website/know-your-standards,https://standardsbis.bsbedge.com/,machine;tools;connecting;dimensions;spindle;noses;work;holding;chucks;bayonet;type,Know Your Standard - Bureau of Indian Standards,https://standards.bis.gov.in/website/know-your-standards,2026-09-07
IS 2582 : Part 4 : 2016 ( ISO 702-4 : 2004),Machine Tools - Connecting Dimensions of Spindle Noses and Work Holding Chucks Part 4 Cylindrical Connection,,,,,,,,,,,https://standards.bis.gov.in/website/know-your-standards,https://standardsbis.bsbedge.com/,machine;tools;connecting;dimensions;spindle;noses;work;holding;chucks;cylindrical;connection,Know Your Standard - Bureau of Indian Standards,https://standards.bis.gov.in/website/know-your-standards,2026-09-07
IS 2610 : 1989,Power transmission - Straight sided splines for machine tools - Dimensions ( First Revision ),,,,,,,,,,,https://standards.bis.gov.in/website/know-your-standards,https://standardsbis.bsbedge.com/,power;transmission;straight;sided;splines;machine;tools;dimensions;first;revision,Know Your Standard - Bureau of Indian Standards,https://standards.bis.gov.in/website/know-your-standards,2026-09-07
IS 2710 : 1975,Parallel keys and keyways for machine tools,,,,,,,,,,,https://standards.bis.gov.in/website/know-your-standards,https://standardsbis.bsbedge.com/,parallel;keys;keyways;machine;tools,Know Your Standard - Bureau of Indian Standards,https://standards.bis.gov.in/website/know-your-standards,2026-09-07
IS 2890 : 1983,Specification for Taper handles for machine tools (First Revision),,,,,,,,,,,https://standards.bis.gov.in/website/know-your-standards,https://standardsbis.bsbedge.com/,taper;handles;machine;tools;first;revision,Know Your Standard - Bureau of Indian Standards,https://standards.bis.gov.in/website/know-your-standards,2026-09-07
IS 6652 : Part 1 : 1986,Glossary of terms relating to metal forming machines and tools:Part 1 Metal forming tools ( First Revision ),,,,,,,,,,,https://standards.bis.gov.in/website/know-your-standards,https://standardsbis.bsbedge.com/,glossary;terms;relating;metal;forming;machines;tools;first;revision,Know Your Standard - Bureau of Indian Standards,https://standards.bis.gov.in/website/know-your-standards,2026-09-07
IS 6652 : Part 2 : 1986,Glossary of terms relating to metal forming machines and tools:Part 2 Metal forming machines relating to sheet metal ( First Revision ),,,,,,,,,,,https://standards.bis.gov.in/website/know-your-standards,https://standardsbis.bsbedge.com/,glossary;terms;relating;metal;forming;machines;tools;sheet;first;revision,Know Your Standard - Bureau of Indian Standards,https://standards.bis.gov.in/website/know-your-standards,2026-09-07
IS 6652 : Part 3 : 1986,Glossary of terms relating to metal forming machines and tools:Part 3 Metal forming technology and operations relating to sheet metal ( First Revision ),,,,,,,,,,,https://standards.bis.gov.in/website/know-your-standards,https://standardsbis.bsbedge.com/,glossary;terms;relating;metal;forming;machines;tools;technology;operations;sheet;first;revision,Know Your Standard - Bureau of Indian Standards,https://standards.bis.gov.in/website/know-your-standards,2026-09-07
IS/ISO 6789 : 2003,"Assembly tools for screws and nuts - Hand torque tools - Requirements and test methods for design conformance testing, quality conformance testing and recalibration procedure",,,,,,,,,,,https://standards.bis.gov.in/website/know-your-standards,https://standardsbis.bsbedge.com/,assembly;tools;screws;nuts;hand;torque;design;conformance;testing;quality;recalibration;procedure,Know Your Standard - Bureau of Indian Standards,https://standards.bis.gov.in/website/know-your-standards,2026-09-07
IS/ISO 6789 : Part 1 : 2017 ( ISO 6789-1 : 2017),Assembly Tools for Screws and Nuts - Hand Torque Tools Part 1 Requirements and Methods for Design Conformance Testing and Quality Conformance Testing - Minimum Requirements for Declaration of Conformance,,,,,,,,,,,https://standards.bis.gov.in/website/know-your-standards,https://standardsbis.bsbedge.com/,assembly;tools;screws;nuts;hand;torque;design;conformance;testing;quality;minimum;declaration,Know Your Standard - Bureau of Indian Standards,https://standards.bis.gov.in/website/know-your-standards,2026-09-07
IS/ISO 6789 : Part 2 : 2017 ( ISO 6789-2 : 2017),Assembly Tools for Screws and Nuts-Hand Torque Tools - Part 2 Requirements for Calibration and Determination of Measurement Uncertainty,,,,,,,,,,,https://standards.bis.gov.in/website/know-your-standards,https://standardsbis.bsbedge.com/,assembly;tools;screws;nuts;hand;torque;calibration;determination;measurement;uncertainty,Know Your Standard - Bureau of Indian Standards,https://standards.bis.gov.in/website/know-your-standards,2026-09-07
IS 16906 : 2018,"Assembly Tools for Screws and Nuts — Hand Torque Tools — Requirements and Test Methods for Design Conformance Testing, Quality Conformance Testing and Recalibration Procedure",,,,,,,,,,,https://standards.bis.gov.in/website/know-your-standards,https://standardsbis.bsbedge.com/,assembly;tools;screws;nuts;hand;torque;design;conformance;testing;quality;recalibration;procedure,Know Your Standard - Bureau of Indian Standards,https://standards.bis.gov.in/website/know-your-standards,2026-09-07
IS/ISO 3857 : PART 1 : 1977 ( ISO 3857 : Part 1 : 1977),"Compressors, pneumatic tools and machines - Vocabulary : Part 1 General",,,,,,,,,,,https://standards.bis.gov.in/website/know-your-standards,https://standardsbis.bsbedge.com/,compressors;pneumatic;tools;machines;vocabulary,Know Your Standard - Bureau of Indian Standards,https://standards.bis.gov.in/website/know-your-standards,2026-09-07
IS/ISO 3857 : PART 2 : 1977 ( ISO 3857 : Part 2 : 1977),"Compressors, pneumatic tools and machines - Vocabulary : Part 2 Compressors",,,,,,,,,,,https://standards.bis.gov.in/website/know-your-standards,https://standardsbis.bsbedge.com/,compressors;pneumatic;tools;machines;vocabulary,Know Your Standard - Bureau of Indian Standards,https://standards.bis.gov.in/website/know-your-standards,2026-09-07
IS 5651 : 1987,Steels for Pneumatic Tools,,,,,,,,,,,https://standards.bis.gov.in/website/know-your-standards,https://standardsbis.bsbedge.com/,steels;pneumatic;tools,Know Your Standard - Bureau of Indian Standards,https://standards.bis.gov.in/website/know-your-standards,2026-09-07
IS 11609 : 2023,Technical Supply Conditions for Pneumatic Tools,,,,,,,,,,,https://standards.bis.gov.in/website/know-your-standards,https://standardsbis.bsbedge.com/,technical;supply;conditions;pneumatic;tools,Know Your Standard - Bureau of Indian Standards,https://standards.bis.gov.in/website/know-your-standards,2026-09-07
IS 11702 : Part 1 : 1986,Measurement of Airborne Noise Emitted by Pneumatic Tools and Machines - Part 1 : Engineering Method for Determination of Sound Power Levels,,,,,,,,,,,https://standards.bis.gov.in/website/know-your-standards,https://standardsbis.bsbedge.com/,measurement;airborne;noise;emitted;pneumatic;tools;machines;engineering;determination;sound;power;levels,Know Your Standard - Bureau of Indian Standards,https://standards.bis.gov.in/website/know-your-standards,2026-09-07
IS 11702 : Part 2 : 1986,Measurement Of Airborne Noise Emitted By Pneumatic Tools And Machines Part 2: Method For Checking Compliance With Noise Limits,,,,,,,,,,,https://standards.bis.gov.in/website/know-your-standards,https://standardsbis.bsbedge.com/,measurement;airborne;noise;emitted;pneumatic;tools;machines;checking;compliance;limits,Know Your Standard - Bureau of Indian Standards,https://standards.bis.gov.in/website/know-your-standards,2026-09-07
IS 12520 : 2023,Recommendations for Preffered Pressures for Pneumatic Tools and Machines,,,,,,,,,,,https://standards.bis.gov.in/website/know-your-standards,https://standardsbis.bsbedge.com/,recommendations;preffered;pressures;pneumatic;tools;machines,Know Your Standard - Bureau of Indian Standards,https://standards.bis.gov.in/website/know-your-standards,2026-09-07
IS 12523 : 2023,Piston Rods and Butts for Pneumatic Rammer Tools - Dimensions,,,,,,,,,,,https://standards.bis.gov.in/website/know-your-standards,https://standardsbis.bsbedge.com/,piston;rods;butts;pneumatic;rammer;tools;dimensions,Know Your Standard - Bureau of Indian Standards,https://standards.bis.gov.in/website/know-your-standards,2026-09-07
"IS 12523 (Active,Concurrent Running) : 1988",Dimensions for Piston Rods and Butts for Pneumatic Rammer Tools,,,,,,,,,,,https://standards.bis.gov.in/website/know-your-standards,https://standardsbis.bsbedge.com/,dimensions;piston;rods;butts;pneumatic;rammer;tools,Know Your Standard - Bureau of Indian Standards,https://standards.bis.gov.in/website/know-your-standards,2026-09-07
IS 12563 : 2001 ( ISO 2787 : 1984),Rotary and Percussive Pneumatic Tools - Performance Test (First Revision),,,,,,,,,,,https://standards.bis.gov.in/website/know-your-standards,https://standardsbis.bsbedge.com/,rotary;percussive;pneumatic;tools;performance;first;revision,Know Your Standard - Bureau of Indian Standards,https://standards.bis.gov.in/website/know-your-standards,2026-09-07
IS 12563 : Part 1 : 1988,Data Sheet for Pneumatic Tools Test Report:part 1 Rotary Tools,,,,,,,,,,,https://standards.bis.gov.in/website/know-your-standards,https://standardsbis.bsbedge.com/,data;sheet;pneumatic;tools;report;rotary,Know Your Standard - Bureau of Indian Standards,https://standards.bis.gov.in/website/know-your-standards,2026-09-07
IS 12563 : Part 2 : 1988,Data Sheet for Pneumatic Tools Test Report:part 2 Percussive Tool (with or Without Rotation),,,,,,,,,,,https://standards.bis.gov.in/website/know-your-standards,https://standardsbis.bsbedge.com/,data;sheet;pneumatic;tools;report;percussive;tool;without;rotation,Know Your Standard - Bureau of Indian Standards,https://standards.bis.gov.in/website/know-your-standards,2026-09-07
IS 12849 : 2015 ( ISO 5391 : 2003),Pneumatic Tools and Machines - Vocabulary ( First Revision ),,,,,,,,,,,https://standards.bis.gov.in/website/know-your-standards,https://standardsbis.bsbedge.com/,pneumatic;tools;machines;vocabulary;first;revision,Know Your Standard - Bureau of Indian Standards,https://standards.bis.gov.in/website/know-your-standards,2026-09-07
IS 19702 : 2026 ( ISO 1180 : 1983),Shanks for Pneumatic Tools and Fitting of Chuck Bushings - Dimensions,,,,,,,,,,,https://standards.bis.gov.in/website/know-your-standards,https://standardsbis.bsbedge.com/,shanks;pneumatic;tools;fitting;chuck;bushings;dimensions,Know Your Standard - Bureau of Indian Standards,https://standards.bis.gov.in/website/know-your-standards,2026-09-07
IS 715 : 2002,Coated Abrasives,,,,,,,,,,,https://standards.bis.gov.in/website/know-your-standards,https://standardsbis.bsbedge.com/,coated;abrasives,Know Your Standard - Bureau of Indian Standards,https://standards.bis.gov.in/website/know-your-standards,2026-09-07
IS 715 : Part 1 : 1976,Coated Abrasives - Part 1 : General Applications,,,,,,,,,,,https://standards.bis.gov.in/website/know-your-standards,https://standardsbis.bsbedge.com/,coated;abrasives;applications,Know Your Standard - Bureau of Indian Standards,https://standards.bis.gov.in/website/know-your-standards,2026-09-07
IS 715 : Part 2 : 1976,Coated Abrasives - Part II : Special and Mechanized Applications,,,,,,,,,,,https://standards.bis.gov.in/website/know-your-standards,https://standardsbis.bsbedge.com/,coated;abrasives;special;mechanized;applications,Know Your Standard - Bureau of Indian Standards,https://standards.bis.gov.in/website/know-your-standards,2026-09-07
IS 2817 : 1965,Methods for sampling of coated abrasives,,,,,,,,,,,https://standards.bis.gov.in/website/know-your-standards,https://standardsbis.bsbedge.com/,sampling;coated;abrasives,Know Your Standard - Bureau of Indian Standards,https://standards.bis.gov.in/website/know-your-standards,2026-09-07
IS 10866 : 1984,Abrasives Dental,,,,,,,,,,,https://standards.bis.gov.in/website/know-your-standards,https://standardsbis.bsbedge.com/,abrasives;dental,Know Your Standard - Bureau of Indian Standards,https://standards.bis.gov.in/website/know-your-standards,2026-09-07
IS 11986 : 2003,Industrial Textile - Cotton Backing Cloth for Abrasives,,,,,,,,,,,https://standards.bis.gov.in/website/know-your-standards,https://standardsbis.bsbedge.com/,industrial;textile;cotton;backing;cloth;abrasives,Know Your Standard - Bureau of Indian Standards,https://standards.bis.gov.in/website/know-your-standards,2026-09-07
IS 12686 : 1989,Abrasives - Diamond or Cubic Boron Nitride Micron Powder Sizes - Testing,,,,,,,,,,,https://standards.bis.gov.in/website/know-your-standards,https://standardsbis.bsbedge.com/,abrasives;diamond;cubic;boron;nitride;micron;powder;sizes;testing,Know Your Standard - Bureau of Indian Standards,https://standards.bis.gov.in/website/know-your-standards,2026-09-07
IS 14369 : 2026 ( ISO 2976 : 2005),Coated Abrasives - Abrasive Belts - Selection of Width/Length Combinations,,,,,,,,,,,https://standards.bis.gov.in/website/know-your-standards,https://standardsbis.bsbedge.com/,coated;abrasives;abrasive;belts;selection;width;length;combinations,Know Your Standard - Bureau of Indian Standards,https://standards.bis.gov.in/website/know-your-standards,2026-09-07
IS 14370 : 1996,Determination Of Magnetic Matter In Abrasives - Test Methods,,,,,,,,,,,https://standards.bis.gov.in/website/know-your-standards,https://standardsbis.bsbedge.com/,determination;magnetic;matter;abrasives,Know Your Standard - Bureau of Indian Standards,https://standards.bis.gov.in/website/know-your-standards,2026-09-07
IS 14992 : 2012 ( ISO 3919 : 2005),Coated Abrasives - Flap Wheels with Shaft ( First Revision ),,,,,,,,,,,https://standards.bis.gov.in/website/know-your-standards,https://standardsbis.bsbedge.com/,coated;abrasives;flap;wheels;shaft;first;revision,Know Your Standard - Bureau of Indian Standards,https://standards.bis.gov.in/website/know-your-standards,2026-09-07
IS 15066 : 2001,Coated Abrasives - Flap Wheel with Incorporated Flanges or Separate Flanges - Designation and Dimensions,,,,,,,,,,,https://standards.bis.gov.in/website/know-your-standards,https://standardsbis.bsbedge.com/,coated;abrasives;flap;wheel;incorporated;flanges;separate;designation;dimensions,Know Your Standard - Bureau of Indian Standards,https://standards.bis.gov.in/website/know-your-standards,2026-09-07
IS 15287 : Part 1 : 2003 ( ISO 6344-1 : 1998),Coated Abrasives - Grain Size Analysis - Part 1 : Grain Size Distribution Test,,,,,,,,,,,https://standards.bis.gov.in/website/know-your-standards,https://standardsbis.bsbedge.com/,coated;abrasives;grain;size;analysis;distribution,Know Your Standard - Bureau of Indian Standards,https://standards.bis.gov.in/website/know-your-standards,2026-09-07
IS 15287 : Part 2 - (Active) : 2003 ( ISO 6344-2:1998),Coated Abrasives - Grain Size Analysis - Part 2 Determination of Grain Size Distribution of Macrogrits P12 to P220 - (Vaild upto 27 August 2026),,,,,,,,,,,https://standards.bis.gov.in/website/know-your-standards,https://standardsbis.bsbedge.com/,coated;abrasives;grain;size;analysis;determination;distribution;macrogrits;vaild;upto;august,Know Your Standard - Bureau of Indian Standards,https://standards.bis.gov.in/website/know-your-standards,2026-09-07
IS 15287 : Part 2 : 2026 ( ISO 6344-2 : 2021),Coated Abrasives - Determination and Designation of Grain Size Distribution - Part 2 Macrogrit Sizes P12 to P220,,,,,,,,,,,https://standards.bis.gov.in/website/know-your-standards,https://standardsbis.bsbedge.com/,coated;abrasives;determination;designation;grain;size;distribution;macrogrit;sizes,Know Your Standard - Bureau of Indian Standards,https://standards.bis.gov.in/website/know-your-standards,2026-09-07
IS 15287 : Part 3 : 2024 ( ISO 6344-3 : 2021),Coated Abrasives-Determination and Designation of Grain Size Distribution - Part 3 Microgrit Sizes P240 to P5000,,,,,,,,,,,https://standards.bis.gov.in/website/know-your-standards,https://standardsbis.bsbedge.com/,coated;abrasives;determination;designation;grain;size;distribution;microgrit;sizes,Know Your Standard - Bureau of Indian Standards,https://standards.bis.gov.in/website/know-your-standards,2026-09-07
IS 15288 : Part 1 : 2003 ( ISO 8486-1:1996),Bonded Abrasives - Determination and Designation of Grain Size Distribution - Part 1 : Macrogrits F 4 to F 220,,,,,,,,,,,https://standards.bis.gov.in/website/know-your-standards,https://standardsbis.bsbedge.com/,bonded;abrasives;determination;designation;grain;size;distribution;macrogrits,Know Your Standard - Bureau of Indian Standards,https://standards.bis.gov.in/website/know-your-standards,2026-09-07
IS 15288 : Part 2 : 2018 ( ISO 8486-2 : 2007),Bonded Abrasives - Determination and Designation of Grain Size Distribution - Part 2 : Microgrits F230 to F1200,,,,,,,,,,,https://standards.bis.gov.in/website/know-your-standards,https://standardsbis.bsbedge.com/,bonded;abrasives;determination;designation;grain;size;distribution;microgrits,Know Your Standard - Bureau of Indian Standards,https://standards.bis.gov.in/website/know-your-standards,2026-09-07
IS/ISO 15635 : 2001 ( ISO 15635 : 2001),Coated Abrasives — Flap Discs,,,,,,,,,,,https://standards.bis.gov.in/website/know-your-standards,https://standardsbis.bsbedge.com/,coated;abrasives;flap;discs,Know Your Standard - Bureau of Indian Standards,https://standards.bis.gov.in/website/know-your-standards,2026-09-07
IS 17097 : 2019 ( ISO 6106 : 2013),Abrasive Products — Checking the Grain Size of Superabrasives,,,,,,,,,,,https://standards.bis.gov.in/website/know-your-standards,https://standardsbis.bsbedge.com/,abrasive;products;checking;grain;size;superabrasives,Know Your Standard - Bureau of Indian Standards,https://standards.bis.gov.in/website/know-your-standards,2026-09-07
IS 17204 : 2019 ( ISO 22917 : 2016),Precision Superabrasives — Limit Deviations and Run-out Tolerances for Grinding Wheels with Diamond or Cubic Boron Nitride,,,,,,,,,,,https://standards.bis.gov.in/website/know-your-standards,https://standardsbis.bsbedge.com/,precision;superabrasives;limit;deviations;run;out;tolerances;grinding;wheels;diamond;cubic;boron,Know Your Standard - Bureau of Indian Standards,https://standards.bis.gov.in/website/know-your-standards,2026-09-07
IS 17206 : 2019 ( ISO 16057 : 2002),Coated Abrasives -  Vulcanized Fibre Discs,,,,,,,,,,,https://standards.bis.gov.in/website/know-your-standards,https://standardsbis.bsbedge.com/,coated;abrasives;vulcanized;fibre;discs,Know Your Standard - Bureau of Indian Standards,https://standards.bis.gov.in/website/know-your-standards,2026-09-07
IS 19578 : 2026 ( ISO 2421 : 2003),Coated Abrasives - Cylindrical Sleeves,,,,,,,,,,,https://standards.bis.gov.in/website/know-your-standards,https://standardsbis.bsbedge.com/,coated;abrasives;cylindrical;sleeves,Know Your Standard - Bureau of Indian Standards,https://standards.bis.gov.in/website/know-your-standards,2026-09-07
IS/ISO 21948 : 2001 ( ISO 21948 : 2001),Coated abrasives — Plain sheets,,,,,,,,,,,https://standards.bis.gov.in/website/know-your-standards,https://standardsbis.bsbedge.com/,coated;abrasives;plain;sheets,Know Your Standard - Bureau of Indian Standards,https://standards.bis.gov.in/website/know-your-standards,2026-09-07
IS/ISO 21949 : 2001 ( ISO 21949 : 2001),Coated Abrasives — Plain Sheets with Holes for Dust Extraction,,,,,,,,,,,https://standards.bis.gov.in/website/know-your-standards,https://standardsbis.bsbedge.com/,coated;abrasives;plain;sheets;holes;dust;extraction,Know Your Standard - Bureau of Indian Standards,https://standards.bis.gov.in/website/know-your-standards,2026-09-07
IS/ISO 21950 : 2001 ( ISO 21950 : 2001),Coated Abrasives — Plain Discs,,,,,,,,,,,https://standards.bis.gov.in/website/know-your-standards,https://standardsbis.bsbedge.com/,coated;abrasives;plain;discs,Know Your Standard - Bureau of Indian Standards,https://standards.bis.gov.in/website/know-your-standards,2026-09-07
IS 25 : 1979,Antifriction Bearing Alloys,,,,,,,,,,,https://standards.bis.gov.in/website/know-your-standards,https://standardsbis.bsbedge.com/,antifriction;bearing;alloys,Know Your Standard - Bureau of Indian Standards,https://standards.bis.gov.in/website/know-your-standards,2026-09-07
IS 719 : 2022,Antifriction Bearing Grease,,,,,,,,,,,https://standards.bis.gov.in/website/know-your-standards,https://standardsbis.bsbedge.com/,antifriction;bearing;grease,Know Your Standard - Bureau of Indian Standards,https://standards.bis.gov.in/website/know-your-standards,2026-09-07
IS/ISO 834 : Part 4 : 2000 ( ISO 834 : Part 4 : 2000),Fire-Resistance Tests Elements of Building Construction Part 4 Specific Requirements for Load Bearing Vertical Separating Elements,,,,,,,,,,,https://standards.bis.gov.in/website/know-your-standards,https://standardsbis.bsbedge.com/,fire;resistance;elements;building;construction;specific;load;bearing;vertical;separating,Know Your Standard - Bureau of Indian Standards,https://standards.bis.gov.in/website/know-your-standards,2026-09-07
IS/ISO 834 : Part 5 : 2000 ( ISO 834 : Part 5 : 2000),Fire-Resistance Tests Elements of Building Construction Part 5 Specific Requirements for Load Bearing Horizontal Separating Elements,,,,,,,,,,,https://standards.bis.gov.in/website/know-your-standards,https://standardsbis.bsbedge.com/,fire;resistance;elements;building;construction;specific;load;bearing;horizontal;separating,Know Your Standard - Bureau of Indian Standards,https://standards.bis.gov.in/website/know-your-standards,2026-09-07
IS/ISO 834 : Part 8 : 2002 ( ISO 834 : Part 8 : 2002),Fire-Resistance Tests - Elements of Building Construction Part 8 Specific Requirements for Non-load Bearing Vertical Separating Elements,,,,,,,,,,,https://standards.bis.gov.in/website/know-your-standards,https://standardsbis.bsbedge.com/,fire;resistance;elements;building;construction;specific;non;load;bearing;vertical;separating,Know Your Standard - Bureau of Indian Standards,https://standards.bis.gov.in/website/know-your-standards,2026-09-07
IS/ISO 834 : Part 9 : 2003 ( ISO 834 : Part 9 : 2003),Fire-Resistance Tests - Elements of Building Construction Part 9 Specific Requirements for Non-load Bearing Ceiling Elements,,,,,,,,,,,https://standards.bis.gov.in/website/know-your-standards,https://standardsbis.bsbedge.com/,fire;resistance;elements;building;construction;specific;non;load;bearing;ceiling,Know Your Standard - Bureau of Indian Standards,https://standards.bis.gov.in/website/know-your-standards,2026-09-07
IS 1409 : 1959,Methods of chemical analysis of antifriction bearing alloys,,,,,,,,,,,https://standards.bis.gov.in/website/know-your-standards,https://standardsbis.bsbedge.com/,chemical;analysis;antifriction;bearing;alloys,Know Your Standard - Bureau of Indian Standards,https://standards.bis.gov.in/website/know-your-standards,2026-09-07
IS 1448 : Part 61 : 2023,Methods of Test for Petroleum and its Products - Part 61 Determination of the Leakage Tendencies of Automotive Wheel Bearing Greases,,,,,,,,,,,https://standards.bis.gov.in/website/know-your-standards,https://standardsbis.bsbedge.com/,petroleum;its;products;determination;leakage;tendencies;automotive;wheel;bearing;greases,Know Your Standard - Bureau of Indian Standards,https://standards.bis.gov.in/website/know-your-standards,2026-09-07
IS 1448 : Part 164 : 2018,Methods of Test for Petroleum and its Products [P : 164] Determination of the Leakage Tendencies of Automotive Wheel Bearing Grease Under Accelerated Conditions,,,,,,,,,,,https://standards.bis.gov.in/website/know-your-standards,https://standardsbis.bsbedge.com/,petroleum;its;products;determination;leakage;tendencies;automotive;wheel;bearing;grease;under;accelerated,Know Your Standard - Bureau of Indian Standards,https://standards.bis.gov.in/website/know-your-standards,2026-09-07
IS 1448 : Part 196 : 2025,Petroleum and its Products - Methods of Test - Part 196 Determination of the Leakage Tendencies of Automotive Wheel Bearing Greases,,,,,,,,,,,https://standards.bis.gov.in/website/know-your-standards,https://standardsbis.bsbedge.com/,petroleum;its;products;determination;leakage;tendencies;automotive;wheel;bearing;greases,Know Your Standard - Bureau of Indian Standards,https://standards.bis.gov.in/website/know-your-standards,2026-09-07
IS 2398 : 1967,Identification Code for Rolling Bearings (Incorporated Amendement No.1),,,,,,,,,,,https://standards.bis.gov.in/website/know-your-standards,https://standardsbis.bsbedge.com/,identification;rolling;bearings;incorporated;amendement,Know Your Standard - Bureau of Indian Standards,https://standards.bis.gov.in/website/know-your-standards,2026-09-07
IS 2399 : 2024 ( ISO 5593 : 2023),Rolling Bearings-Vocabulary,,,,,,,,,,,https://standards.bis.gov.in/website/know-your-standards,https://standardsbis.bsbedge.com/,rolling;bearings;vocabulary,Know Your Standard - Bureau of Indian Standards,https://standards.bis.gov.in/website/know-your-standards,2026-09-07
IS 2513 : 1963,Boundary Dimensions For Rolling Bearings For General Engineering Purposes,,,,,,,,,,,https://standards.bis.gov.in/website/know-your-standards,https://standardsbis.bsbedge.com/,boundary;dimensions;rolling;bearings;engineering;purposes,Know Your Standard - Bureau of Indian Standards,https://standards.bis.gov.in/website/know-your-standards,2026-09-07
IS 2720 : Part 31 : 1990,Methods of test for soils: Part 31 Field determination of California Bearing Ratio,,,,,,,,,,,https://standards.bis.gov.in/website/know-your-standards,https://standardsbis.bsbedge.com/,soils;field;determination;california;bearing;ratio,Know Your Standard - Bureau of Indian Standards,https://standards.bis.gov.in/website/know-your-standards,2026-09-07
IS 2849 : 1983,non-load bearing gypsum partition blocks (solid and hollow types),,,,,,,,,,,https://standards.bis.gov.in/website/know-your-standards,https://standardsbis.bsbedge.com/,non;load;bearing;gypsum;partition;blocks;solid;hollow;types,Know Your Standard - Bureau of Indian Standards,https://standards.bis.gov.in/website/know-your-standards,2026-09-07
IS 2898 : 1976,SPECIFICATION FOR STEEL BALLS FOR ROLLING BEARINGS ( First Revision ),,,,,,,,,,,https://standards.bis.gov.in/website/know-your-standards,https://standardsbis.bsbedge.com/,steel;balls;rolling;bearings;first;revision,Know Your Standard - Bureau of Indian Standards,https://standards.bis.gov.in/website/know-your-standards,2026-09-07
IS 2898 : Part 1 - (Active) : 2019 ( ISO 3290-1 : 2014),Rolling Bearings - Balls - Part 1 Steel Balls - (Vaild upto 27 August 2026),,,,,,,,,,,https://standards.bis.gov.in/website/know-your-standards,https://standardsbis.bsbedge.com/,rolling;bearings;balls;steel;vaild;upto;august,Know Your Standard - Bureau of Indian Standards,https://standards.bis.gov.in/website/know-your-standards,2026-09-07
"IS 2898 : Part 1 : 2026 ( ISO 3290-1 : 2014, MOD)","Rolling Bearings - Part 1 Steel Balls - (ISO 3290-1 : 2014, MOD)",,,,,,,,,,,https://standards.bis.gov.in/website/know-your-standards,https://standardsbis.bsbedge.com/,rolling;bearings;steel;balls;iso;mod,Know Your Standard - Bureau of Indian Standards,https://standards.bis.gov.in/website/know-your-standards,2026-09-07
IS 2898 : Part 2 - (Active) : 2019 ( ISO 3290-2 : 2014),Rolling Bearings - Balls - Part 2 Ceramic Balls - (Vaild upto 27 August 2026),,,,,,,,,,,https://standards.bis.gov.in/website/know-your-standards,https://standardsbis.bsbedge.com/,rolling;bearings;balls;ceramic;vaild;upto;august,Know Your Standard - Bureau of Indian Standards,https://standards.bis.gov.in/website/know-your-standards,2026-09-07
"IS 2898 : Part 2 : 2026 ( ISO 3290-2 : 2014, MOD)","Rolling Bearings - Part 2 Ceramic Balls - (ISO 3290-2 : 2014, MOD)",,,,,,,,,,,https://standards.bis.gov.in/website/know-your-standards,https://standardsbis.bsbedge.com/,rolling;bearings;ceramic;balls;iso;mod,Know Your Standard - Bureau of Indian Standards,https://standards.bis.gov.in/website/know-your-standards,2026-09-07
IS 3090 - (Active) : 1965,Code of Practice for Installation and Maintenance of Rolling Bearings - (Vaild upto 10 September 2026),,,,,,,,,,,https://standards.bis.gov.in/website/know-your-standards,https://standardsbis.bsbedge.com/,installation;maintenance;rolling;bearings;vaild;upto;september,Know Your Standard - Bureau of Indian Standards,https://standards.bis.gov.in/website/know-your-standards,2026-09-07
IS 3090 : 2026,Installation and Maintenance of Rolling Bearings - Code of Practice,,,,,,,,,,,https://standards.bis.gov.in/website/know-your-standards,https://standardsbis.bsbedge.com/,installation;maintenance;rolling;bearings,Know Your Standard - Bureau of Indian Standards,https://standards.bis.gov.in/website/know-your-standards,2026-09-07
IS 3590 : 1966,Specification for load bearing lightweight concrete blocks,,,,,,,,,,,https://standards.bis.gov.in/website/know-your-standards,https://standardsbis.bsbedge.com/,load;bearing;lightweight;concrete;blocks,Know Your Standard - Bureau of Indian Standards,https://standards.bis.gov.in/website/know-your-standards,2026-09-07
IS 3630 : 1992,Construction Of Non-load Bearing Gypsum Block Partitions - Code Of Practice,,,,,,,,,,,https://standards.bis.gov.in/website/know-your-standards,https://standardsbis.bsbedge.com/,construction;non;load;bearing;gypsum;block;partitions,Know Your Standard - Bureau of Indian Standards,https://standards.bis.gov.in/website/know-your-standards,2026-09-07
IS 3697 : 1966,Boundary dimensions for taper roller bearings,,,,,,,,,,,https://standards.bis.gov.in/website/know-your-standards,https://standardsbis.bsbedge.com/,boundary;dimensions;taper;roller;bearings,Know Your Standard - Bureau of Indian Standards,https://standards.bis.gov.in/website/know-your-standards,2026-09-07
IS 13214 : 1991 ( ISO/DIS 7250),Machine Tools - Ergonomics Anthropometric Terminology,,,,,,,,,,,https://standards.bis.gov.in/website/know-your-standards,https://standardsbis.bsbedge.com/,machine;tools;ergonomics;anthropometric;terminology,Know Your Standard - Bureau of Indian Standards,https://standards.bis.gov.in/website/know-your-standards,2026-09-07
IS 15257 : 2018 ( ISO 1503 : 2008),Spatial Orientation and Direction of Movement — Ergonomics Requirements ( First Revision ),,,,,,,,,,,https://standards.bis.gov.in/website/know-your-standards,https://standardsbis.bsbedge.com/,spatial;orientation;direction;movement;ergonomics;first;revision,Know Your Standard - Bureau of Indian Standards,https://standards.bis.gov.in/website/know-your-standards,2026-09-07
IS 16559 : 2019 ( ISO 7243 : 2017 ),Ergonomics of the Thermal Environment - Assessment of Heat Stress Using the WBGT ( Wet Bulb Globe Temperature ) Index ( First Revision ),,,,,,,,,,,https://standards.bis.gov.in/website/know-your-standards,https://standardsbis.bsbedge.com/,ergonomics;thermal;environment;assessment;heat;stress;using;wbgt;wet;bulb;globe;temperature,Know Your Standard - Bureau of Indian Standards,https://standards.bis.gov.in/website/know-your-standards,2026-09-07
IS 16562 : Part 1 : 2017 ( ISO 15536-1 : 2005),Ergonomics - Computer Manikins and Body Templates Part 1 General Requirements,,,,,,,,,,,https://standards.bis.gov.in/website/know-your-standards,https://standardsbis.bsbedge.com/,ergonomics;computer;manikins;body;templates,Know Your Standard - Bureau of Indian Standards,https://standards.bis.gov.in/website/know-your-standards,2026-09-07
IS 16562 : Part 2 : 2018 ( ISO 15536 -2 : 2007),Ergonomics- Computer Manikins and Body Templates Part 2 Verfication of Functions and Validation of Dimensions for Computer Manikin Systems,,,,,,,,,,,https://standards.bis.gov.in/website/know-your-standards,https://standardsbis.bsbedge.com/,ergonomics;computer;manikins;body;templates;verfication;functions;validation;dimensions;manikin;systems,Know Your Standard - Bureau of Indian Standards,https://standards.bis.gov.in/website/know-your-standards,2026-09-07
IS 16564 : 2018 ( ISO 24504 : 2014),Ergonomics- Accessible Design- Sound Pressure Levels of Spoken Announcements for Products and Public Address Systems,,,,,,,,,,,https://standards.bis.gov.in/website/know-your-standards,https://standardsbis.bsbedge.com/,ergonomics;accessible;design;sound;pressure;levels;spoken;announcements;products;public;address;systems,Know Your Standard - Bureau of Indian Standards,https://standards.bis.gov.in/website/know-your-standards,2026-09-07
IS 16565 : 2018 ( ISO 24503 : 2011),Ergonomics- Accessible Design- Tactile Dots and Bars on Consumer Products,,,,,,,,,,,https://standards.bis.gov.in/website/know-your-standards,https://standardsbis.bsbedge.com/,ergonomics;accessible;design;tactile;dots;bars;consumer;products,Know Your Standard - Bureau of Indian Standards,https://standards.bis.gov.in/website/know-your-standards,2026-09-07
IS 16566 : 2017 ( ISO 24502 : 2010),Ergonomics-Accessible Design-Specification of Age Related Luminance Contrast for Coloured Light,,,,,,,,,,,https://standards.bis.gov.in/website/know-your-standards,https://standardsbis.bsbedge.com/,ergonomics;accessible;design;age;related;luminance;contrast;coloured;light,Know Your Standard - Bureau of Indian Standards,https://standards.bis.gov.in/website/know-your-standards,2026-09-07
IS 16567 : 2018 ( ISO 24501 : 2010),Ergonomics- Accessible Design- Sound Pressure Levels of Auditory Signals for Consumer Products,,,,,,,,,,,https://standards.bis.gov.in/website/know-your-standards,https://standardsbis.bsbedge.com/,ergonomics;accessible;design;sound;pressure;levels;auditory;signals;consumer;products,Know Your Standard - Bureau of Indian Standards,https://standards.bis.gov.in/website/know-your-standards,2026-09-07
IS 16568 : 2017 ( ISO 24500 : 2010),Ergonomics - Accessible Design - Auditory Signals for Consumer Products,,,,,,,,,,,https://standards.bis.gov.in/website/know-your-standards,https://standardsbis.bsbedge.com/,ergonomics;accessible;design;auditory;signals;consumer;products,Know Your Standard - Bureau of Indian Standards,https://standards.bis.gov.in/website/know-your-standards,2026-09-07
IS 16569 : 2018 ( ISO 11429 : 1996),Ergonomics- System of Auditory and Visual Danger and Information Signals,,,,,,,,,,,https://standards.bis.gov.in/website/know-your-standards,https://standardsbis.bsbedge.com/,ergonomics;system;auditory;visual;danger;information;signals,Know Your Standard - Bureau of Indian Standards,https://standards.bis.gov.in/website/know-your-standards,2026-09-07
IS 16570 : 2017 ( ISO 11428 : 1996),"Ergonomics - Visual Danger Signals - General Requirements, Design and Testing",,,,,,,,,,,https://standards.bis.gov.in/website/know-your-standards,https://standardsbis.bsbedge.com/,ergonomics;visual;danger;signals;design;testing,Know Your Standard - Bureau of Indian Standards,https://standards.bis.gov.in/website/know-your-standards,2026-09-07
IS 16595 : Part 5 : 2026 ( ISO 9241-5 : 2024),Ergonomics of Human-System Interaction - Part 5 Workstation Layout and Postural Requirements,,,,,,,,,,,https://standards.bis.gov.in/website/know-your-standards,https://standardsbis.bsbedge.com/,ergonomics;human;system;interaction;workstation;layout;postural,Know Your Standard - Bureau of Indian Standards,https://standards.bis.gov.in/website/know-your-standards,2026-09-07
IS 16595 : Part 11 : 2020 ( ISO 9241-11 : 1998),Ergonomics of Human-System Interaction Part 11 Usability: Definitions and Concepts ( First Revision ),,,,,,,,,,,https://standards.bis.gov.in/website/know-your-standards,https://standardsbis.bsbedge.com/,ergonomics;human;system;interaction;usability;definitions;concepts;first;revision,Know Your Standard - Bureau of Indian Standards,https://standards.bis.gov.in/website/know-your-standards,2026-09-07
IS 16595 : Part 171 : 2023 ( ISO 9241-171 : 2008),Ergonomics of Human-System Interaction - Part 171 Guidance on Software Accessibility,,,,,,,,,,,https://standards.bis.gov.in/website/know-your-standards,https://standardsbis.bsbedge.com/,ergonomics;human;system;interaction;guidance;software;accessibility,Know Your Standard - Bureau of Indian Standards,https://standards.bis.gov.in/website/know-your-standards,2026-09-07
IS 16595 : Part 20 : 2024 ( ISO 9241-20 : 2021),Ergonomics of Human-System Interaction - Part 20 An Ergonomic Approach to Accessibility within the ISO 9241 Series,,,,,,,,,,,https://standards.bis.gov.in/website/know-your-standards,https://standardsbis.bsbedge.com/,ergonomics;human;system;interaction;ergonomic;approach;accessibility;within;iso;series,Know Your Standard - Bureau of Indian Standards,https://standards.bis.gov.in/website/know-your-standards,2026-09-07
IS 16595 : Part 110 : 2023 ( ISO 9241-110:2020),Ergonomics of human-system Interaction Part 110 : Interaction principles ISO 9241-110,,,,,,,,,,,https://standards.bis.gov.in/website/know-your-standards,https://standardsbis.bsbedge.com/,ergonomics;human;system;interaction;principles;iso,Know Your Standard - Bureau of Indian Standards,https://standards.bis.gov.in/website/know-your-standards,2026-09-07
IS 16595 : Part 154 : 2018 ( ISO 9241-154 : 2013),Ergonomics of Human-System Interaction Part 154 Interactive Voice Response (IVR) Applications,,,,,,,,,,,https://standards.bis.gov.in/website/know-your-standards,https://standardsbis.bsbedge.com/,ergonomics;human;system;interaction;interactive;voice;response;ivr;applications,Know Your Standard - Bureau of Indian Standards,https://standards.bis.gov.in/website/know-your-standards,2026-09-07
IS 16595 : Part 210 : 2023 ( ISO 9241-210:2019),Ergonomics Of Human-System Interaction Part 210: Human-Centred Design For Interactive Systems Iso 9241-210,,,,,,,,,,,https://standards.bis.gov.in/website/know-your-standards,https://standardsbis.bsbedge.com/,ergonomics;human;system;interaction;centred;design;interactive;systems;iso,Know Your Standard - Bureau of Indian Standards,https://standards.bis.gov.in/website/know-your-standards,2026-09-07
IS 16595 : Part 300 : 2023 ( ISO 9241-300:2008),Ergonomics of human-system Interaction Part 300: Introduction to electronic visual display requirements ISO 9241-300,,,,,,,,,,,https://standards.bis.gov.in/website/know-your-standards,https://standardsbis.bsbedge.com/,ergonomics;human;system;interaction;introduction;electronic;visual;display;iso,Know Your Standard - Bureau of Indian Standards,https://standards.bis.gov.in/website/know-your-standards,2026-09-07
IS 16595 : Part 302 : 2023 ( ISO 9241-302:2008),Ergonomics of human-system Interaction Part 302: Terminology for electronic visual displays ISO 9241-302,,,,,,,,,,,https://standards.bis.gov.in/website/know-your-standards,https://standardsbis.bsbedge.com/,ergonomics;human;system;interaction;terminology;electronic;visual;displays;iso,Know Your Standard - Bureau of Indian Standards,https://standards.bis.gov.in/website/know-your-standards,2026-09-07
IS 16595 : Part 410 : 2023 ( ISO 9241-410 : 2008),Ergonomics Of Human-System Interaction Part 410: Design Criteria For Physical Input Devices Iso 9241-410,,,,,,,,,,,https://standards.bis.gov.in/website/know-your-standards,https://standardsbis.bsbedge.com/,ergonomics;human;system;interaction;design;criteria;physical;input;devices;iso,Know Your Standard - Bureau of Indian Standards,https://standards.bis.gov.in/website/know-your-standards,2026-09-07
IS 16595 : Part 411 : 2023 ( ISO/TS 9241-411 : 2012),Ergonomics Of Human-System Interaction Part 411: Evaluation Method For The Design Of Physical Input Devices Iso 9241-411,,,,,,,,,,,https://standards.bis.gov.in/website/know-your-standards,https://standardsbis.bsbedge.com/,ergonomics;human;system;interaction;evaluation;design;physical;input;devices;iso,Know Your Standard - Bureau of Indian Standards,https://standards.bis.gov.in/website/know-your-standards,2026-09-07
IS 16595 : Part 971 : 2023 ( ISO 9241-971:2020),Ergonomics Of Human-System Interaction Part 971: Accessibility Of Tactilehaptic Interactive Systems Iso 9241-971,,,,,,,,,,,https://standards.bis.gov.in/website/know-your-standards,https://standardsbis.bsbedge.com/,ergonomics;human;system;interaction;accessibility;tactilehaptic;interactive;systems;iso,Know Your Standard - Bureau of Indian Standards,https://standards.bis.gov.in/website/know-your-standards,2026-09-07
IS 17009 : 2018 ( ISO 11226 : 2000),Ergonomics — Evaluation of Static Working Postures,,,,,,,,,,,https://standards.bis.gov.in/website/know-your-standards,https://standardsbis.bsbedge.com/,ergonomics;evaluation;static;working;postures,Know Your Standard - Bureau of Indian Standards,https://standards.bis.gov.in/website/know-your-standards,2026-09-07
IS/ISO 3939 : 1977 ( ISO 3939 : 1977),Fluid Power Systems and Components - Multiple Lip Packing Sets - Methods for Measuring Stack Heights,,,,,,,,,,,https://standards.bis.gov.in/website/know-your-standards,https://standardsbis.bsbedge.com/,fluid;power;systems;components;multiple;lip;packing;sets;measuring;stack;heights,Know Your Standard - Bureau of Indian Standards,https://standards.bis.gov.in/website/know-your-standards,2026-09-07
IS/ISO 4412 : PART 1 : 1991 ( ISO 4412 : Part 1 : 1991),Hydraulic Fluid Power - Test Code for Determination of Airborne Noise Levels - Part 1 : Pumps,,,,,,,,,,,https://standards.bis.gov.in/website/know-your-standards,https://standardsbis.bsbedge.com/,hydraulic;fluid;power;determination;airborne;noise;levels;pumps,Know Your Standard - Bureau of Indian Standards,https://standards.bis.gov.in/website/know-your-standards,2026-09-07
IS/ISO 4412 : PART 2 : 1991 ( ISO 4412 : Part 2 : 1991),Hydraulic Fluid Power - Test Code for Determination of Airborne Noise Levels - Part 2 : Motors,,,,,,,,,,,https://standards.bis.gov.in/website/know-your-standards,https://standardsbis.bsbedge.com/,hydraulic;fluid;power;determination;airborne;noise;levels;motors,Know Your Standard - Bureau of Indian Standards,https://standards.bis.gov.in/website/know-your-standards,2026-09-07
IS/ISO 4412 : Part 3 : 1991 ( ISO 4412 : Part 3 : 1991),Hydraulic fluid power - test code for determination of airborne noise levels,,,,,,,,,,,https://standards.bis.gov.in/website/know-your-standards,https://standardsbis.bsbedge.com/,hydraulic;fluid;power;determination;airborne;noise;levels,Know Your Standard - Bureau of Indian Standards,https://standards.bis.gov.in/website/know-your-standards,2026-09-07
IS 5107 : 2004 ( ISO 2944 : 2000),Fluid power systems and components - Nominal pressures,,,,,,,,,,,https://standards.bis.gov.in/website/know-your-standards,https://standardsbis.bsbedge.com/,fluid;power;systems;components;nominal;pressures,Know Your Standard - Bureau of Indian Standards,https://standards.bis.gov.in/website/know-your-standards,2026-09-07
IS/ISO 6547 : 1981 ( ISO 6547 : 1981),Hydraulic Fluid Power - Cylinders - Piston Seal Housings Incorporating Bearing Rings - Dimensions and Tolerances,,,,,,,,,,,https://standards.bis.gov.in/website/know-your-standards,https://standardsbis.bsbedge.com/,hydraulic;fluid;power;cylinders;piston;seal;housings;incorporating;bearing;rings;dimensions;tolerances,Know Your Standard - Bureau of Indian Standards,https://standards.bis.gov.in/website/know-your-standards,2026-09-07
IS/ISO 7425 : Part 1 : 2021 ( ISO 7425-1 : 2021),"Hydraulic Fluid Power Cylinders - Dimensions and Tolerances of Housings for Elastomer-Energized, Plastic-Faced Seals - Part 1 Piston Seal Housings",,,,,,,,,,,https://standards.bis.gov.in/website/know-your-standards,https://standardsbis.bsbedge.com/,hydraulic;fluid;power;cylinders;dimensions;tolerances;housings;elastomer;energized;plastic;faced;seals,Know Your Standard - Bureau of Indian Standards,https://standards.bis.gov.in/website/know-your-standards,2026-09-07
"IS/ISO 7425 : PART 1 (Active,Concurrent Running) : 1988 ( ISO 7425 : Part 1 : 1988)","Hydraulic Fluid Power - Housings for Elastomer-Energized, Plastic-Faced Seals - Dimensions and Tolerances - Part 1 : Piston Seal Housings",,,,,,,,,,,https://standards.bis.gov.in/website/know-your-standards,https://standardsbis.bsbedge.com/,hydraulic;fluid;power;housings;elastomer;energized;plastic;faced;seals;dimensions;tolerances;piston,Know Your Standard - Bureau of Indian Standards,https://standards.bis.gov.in/website/know-your-standards,2026-09-07
IS/ISO 7425 : PART 2 - (Active) : 1989 ( ISO 7425 : Part 2 : 1989),"Hydraulic Fluid Power - Housings for Elastomer-Energized, Plastic-Faced Seals - Dimensions and Tolerances - Part 2 : Rod Seal Housings) - (Vaild upto 09 January 2027)",,,,,,,,,,,https://standards.bis.gov.in/website/know-your-standards,https://standardsbis.bsbedge.com/,hydraulic;fluid;power;housings;elastomer;energized;plastic;faced;seals;dimensions;tolerances;rod,Know Your Standard - Bureau of Indian Standards,https://standards.bis.gov.in/website/know-your-standards,2026-09-07
IS/ISO 7425 : Part 2 : 2021 ( ISO 7425-2 : 2021),"Hydraulic Fluid Power Cylinders - Dimensions and Tolerances of Housings for Elastomer Energized, Plastic-Faced Seals - Part 2 Rod Seal Housings",,,,,,,,,,,https://standards.bis.gov.in/website/know-your-standards,https://standardsbis.bsbedge.com/,hydraulic;fluid;power;cylinders;dimensions;tolerances;housings;elastomer;energized;plastic;faced;seals,Know Your Standard - Bureau of Indian Standards,https://standards.bis.gov.in/website/know-your-standards,2026-09-07
IS 7513 : 1974,Graphical symbols for fluid power systems,,,,,,,,,,,https://standards.bis.gov.in/website/know-your-standards,https://standardsbis.bsbedge.com/,graphical;symbols;fluid;power;systems,Know Your Standard - Bureau of Indian Standards,https://standards.bis.gov.in/website/know-your-standards,2026-09-07
IS 7513 : Part 1 : 2019 ( ISO 1219-1 : 2012),Fluid Power Systems and Components - Graphical Symbols and Circuit Diagrams Part 1 Graphical Symbols for Conventional Use and Data-Processing Applications ( First Revision ),,,,,,,,,,,https://standards.bis.gov.in/website/know-your-standards,https://standardsbis.bsbedge.com/,fluid;power;systems;components;graphical;symbols;circuit;diagrams;conventional;use;data;processing,Know Your Standard - Bureau of Indian Standards,https://standards.bis.gov.in/website/know-your-standards,2026-09-07
IS 7513 : Part 2 : 2019 ( ISO 1219-2 : 2012),Fluid Power Systems and Components — Graphical Symbols and Circuit Diagrams Part 2 Circuit Diagrams ( First Revision ),,,,,,,,,,,https://standards.bis.gov.in/website/know-your-standards,https://standardsbis.bsbedge.com/,fluid;power;systems;components;graphical;symbols;circuit;diagrams;first;revision,Know Your Standard - Bureau of Indian Standards,https://standards.bis.gov.in/website/know-your-standards,2026-09-07
IS 7513 : Part 3 : 2021 ( ISO 1219-3 : 2016),Fluid Power Systems and Components- Graphical Symbols and Circuit Diagrams - Part 3 Symbol Modules and Connected Symbols in Circuit Diagrams,,,,,,,,,,,https://standards.bis.gov.in/website/know-your-standards,https://standardsbis.bsbedge.com/,fluid;power;systems;components;graphical;symbols;circuit;diagrams;symbol;modules;connected,Know Your Standard - Bureau of Indian Standards,https://standards.bis.gov.in/website/know-your-standards,2026-09-07
IS 8208 : 2020 ( ISO 3320 : 1987),Fluid Power Systems and Components - Cylinder Bores and Piston Rod Diameters - Metric Series,,,,,,,,,,,https://standards.bis.gov.in/website/know-your-standards,https://standardsbis.bsbedge.com/,fluid;power;systems;components;cylinder;bores;piston;rod;diameters;metric;series,Know Your Standard - Bureau of Indian Standards,https://standards.bis.gov.in/website/know-your-standards,2026-09-07
IS 8383 : 2023 ( ISO 2942 : 2018),Hydraulic Fluid Power Filter Elements Verification Of Fabrication Integrity And Determination Of The First Bubble Point,,,,,,,,,,,https://standards.bis.gov.in/website/know-your-standards,https://standardsbis.bsbedge.com/,hydraulic;fluid;power;filter;elements;verification;fabrication;integrity;determination;first;bubble;point,Know Your Standard - Bureau of Indian Standards,https://standards.bis.gov.in/website/know-your-standards,2026-09-07
IS 8384 : 2013 ( ISO 2941 : 2009),Hydraulic Fluid Power – Filter Elements – Verification of Collapse/ Burst Pressure Rating (First Revision),,,,,,,,,,,https://standards.bis.gov.in/website/know-your-standards,https://standardsbis.bsbedge.com/,hydraulic;fluid;power;filter;elements;verification;collapse;burst;pressure;rating;first;revision,Know Your Standard - Bureau of Indian Standards,https://standards.bis.gov.in/website/know-your-standards,2026-09-07
IS 8385 : 2005 ( ISO 2943 : 1998),Hydraulic Fluid Power - Filter elements - Verification of material compatibility with fluids,,,,,,,,,,,https://standards.bis.gov.in/website/know-your-standards,https://standardsbis.bsbedge.com/,hydraulic;fluid;power;filter;elements;verification;material;compatibility;fluids,Know Your Standard - Bureau of Indian Standards,https://standards.bis.gov.in/website/know-your-standards,2026-09-07
IS 8532 : 2013 ( ISO 3724 : 2007),Hydraulic Fluid Power-Filter Elements-Determination of Resistance to Flow Fatigue using Particulate Contaminant,,,,,,,,,,,https://standards.bis.gov.in/website/know-your-standards,https://standardsbis.bsbedge.com/,hydraulic;fluid;power;filter;elements;determination;resistance;flow;fatigue;using;particulate;contaminant,Know Your Standard - Bureau of Indian Standards,https://standards.bis.gov.in/website/know-your-standards,2026-09-07
IS 9158 : 1979,Cold-drawn high pressure fluid power cylinder tubes,,,,,,,,,,,https://standards.bis.gov.in/website/know-your-standards,https://standardsbis.bsbedge.com/,cold;drawn;high;pressure;fluid;power;cylinder;tubes,Know Your Standard - Bureau of Indian Standards,https://standards.bis.gov.in/website/know-your-standards,2026-09-07
IS 9269 : 2023 ( ISO 3968 : 2017),Hydraulic Fluid Power Filters Evaluation Of Differential Pressure Versus Flow,,,,,,,,,,,https://standards.bis.gov.in/website/know-your-standards,https://standardsbis.bsbedge.com/,hydraulic;fluid;power;filters;evaluation;differential;pressure;versus;flow,Know Your Standard - Bureau of Indian Standards,https://standards.bis.gov.in/website/know-your-standards,2026-09-07
IS 10069 : 2023 ( ISO 4409 : 2019),"Hydraulic Fluid Power-Positive-Displacement Pumps, Motors and Integral Transmissions-Methods of Testing and Presenting Basic Steady State Performance",,,,,,,,,,,https://standards.bis.gov.in/website/know-your-standards,https://standardsbis.bsbedge.com/,hydraulic;fluid;power;positive;displacement;pumps;motors;integral;transmissions;testing;presenting;basic,Know Your Standard - Bureau of Indian Standards,https://standards.bis.gov.in/website/know-your-standards,2026-09-07
IS 10129 : 2004 ( ISO 3019-2 : 2001),Hydraulic Fluid Power - Dimensions and identification code mounting flanges and shaft ends of displacement pumps and motors (Second Revision),,,,,,,,,,,https://standards.bis.gov.in/website/know-your-standards,https://standardsbis.bsbedge.com/,hydraulic;fluid;power;dimensions;identification;mounting;flanges;shaft;ends;displacement;pumps;motors,Know Your Standard - Bureau of Indian Standards,https://standards.bis.gov.in/website/know-your-standards,2026-09-07
IS 10143 : 1995 ( ISO 6431 : 1992),"Pneumatic fluid power-single rod cylinders, 1000 kPa (10 bar) series, with detachable mountings, bores from 32 mm to 250 mm - Mounting dimensions (First Revision)",,,,,,,,,,,https://standards.bis.gov.in/website/know-your-standards,https://standardsbis.bsbedge.com/,pneumatic;fluid;power;single;rod;cylinders;kpa;bar;series;detachable;mountings;bores,Know Your Standard - Bureau of Indian Standards,https://standards.bis.gov.in/website/know-your-standards,2026-09-07
IS 10187 : 2013 ( ISO 4401 : 2005),Hydraulic Fluid Power - Four-Port Directional Control Valves - Mounting Surfaces (Second Revision),,,,,,,,,,,https://standards.bis.gov.in/website/know-your-standards,https://standardsbis.bsbedge.com/,hydraulic;fluid;power;four;port;directional;control;valves;mounting;surfaces;second;revision,Know Your Standard - Bureau of Indian Standards,https://standards.bis.gov.in/website/know-your-standards,2026-09-07
IS 5924 : 1988,Specification for Clock Mechanisms and Drums for Meteorological Instruments ( First Revision ),,,,,,,,,,,https://standards.bis.gov.in/website/know-your-standards,https://standardsbis.bsbedge.com/,clock;mechanisms;drums;meteorological;instruments;first;revision,Know Your Standard - Bureau of Indian Standards,https://standards.bis.gov.in/website/know-your-standards,2026-09-07
IS 5947 : 1970,Charts for recording meteorological instruments (Incorporated Amendement No. 1),,,,,,,,,,,https://standards.bis.gov.in/website/know-your-standards,https://standardsbis.bsbedge.com/,charts;recording;meteorological;instruments;incorporated;amendement,Know Your Standard - Bureau of Indian Standards,https://standards.bis.gov.in/website/know-your-standards,2026-09-07
IS/IEC 61400 : Part 50 : Sec 1 : 2022 ( IEC 61400-50-1 : 2022),"Wind Energy Generation Systems - Part 50 Wind Measurement - Section 1 Application of Meteorological Mast, Nacelle and Spinner Mounted Instruments",,,,,,,,,,,https://standards.bis.gov.in/website/know-your-standards,https://standardsbis.bsbedge.com/,wind;energy;generation;systems;measurement;section;application;meteorological;mast;nacelle;spinner;mounted,Know Your Standard - Bureau of Indian Standards,https://standards.bis.gov.in/website/know-your-standards,2026-09-07
IS 14253 : 1995,Educational Instruments and Equipment - Wire Gauze for School and Laboratory Use,,,,,,,,,,,https://standards.bis.gov.in/website/know-your-standards,https://standardsbis.bsbedge.com/,educational;instruments;equipment;wire;gauze;school;laboratory;use,Know Your Standard - Bureau of Indian Standards,https://standards.bis.gov.in/website/know-your-standards,2026-09-07
IS 9263 : Part 1 : 2015 ( ISO 1112 : 2009),Horology - Specification Part 1 Functional and Non-Functional Jewels ( First Revision ),,,,,,,,,,,https://standards.bis.gov.in/website/know-your-standards,https://standardsbis.bsbedge.com/,horology;functional;non;jewels;first;revision,Know Your Standard - Bureau of Indian Standards,https://standards.bis.gov.in/website/know-your-standards,2026-09-07
IS 9275 : 1996,Horology - Radioluminescence for Timekeeping Instruments - Specification ( First Revision ),,,,,,,,,,,https://standards.bis.gov.in/website/know-your-standards,https://standardsbis.bsbedge.com/,horology;radioluminescence;timekeeping;instruments;first;revision,Know Your Standard - Bureau of Indian Standards,https://standards.bis.gov.in/website/know-your-standards,2026-09-07
IS 13718 : Part 1 : 1993,Horology - Watch straps Part 1 Leather straps - Specification,,,,,,,,,,,https://standards.bis.gov.in/website/know-your-standards,https://standardsbis.bsbedge.com/,horology;watch;straps;leather,Know Your Standard - Bureau of Indian Standards,https://standards.bis.gov.in/website/know-your-standards,2026-09-07
IS 13718 : Part 2 : 1993,Horology - Watch straps Part 2 Stainless steel - Specification,,,,,,,,,,,https://standards.bis.gov.in/website/know-your-standards,https://standardsbis.bsbedge.com/,horology;watch;straps;stainless;steel,Know Your Standard - Bureau of Indian Standards,https://standards.bis.gov.in/website/know-your-standards,2026-09-07
IS 13718 : Part 3 : 2002,Horology - Watch Straps - Part 3 : Solid Link Straps - Specification,,,,,,,,,,,https://standards.bis.gov.in/website/know-your-standards,https://standardsbis.bsbedge.com/,horology;watch;straps;solid;link,Know Your Standard - Bureau of Indian Standards,https://standards.bis.gov.in/website/know-your-standards,2026-09-07
IS 14339 : 1996,Horology - Watch bezel and back cover ganges - Technical supply conditions - General,,,,,,,,,,,https://standards.bis.gov.in/website/know-your-standards,https://standardsbis.bsbedge.com/,horology;watch;bezel;back;cover;ganges;technical;supply;conditions,Know Your Standard - Bureau of Indian Standards,https://standards.bis.gov.in/website/know-your-standards,2026-09-07
IS 14365 : 1996,Horology - Gauges for watch bezel and back covers - Dimensions and Tolerances,,,,,,,,,,,https://standards.bis.gov.in/website/know-your-standards,https://standardsbis.bsbedge.com/,horology;gauges;watch;bezel;back;covers;dimensions;tolerances,Know Your Standard - Bureau of Indian Standards,https://standards.bis.gov.in/website/know-your-standards,2026-09-07
IS 14558 : 1998 ( ISO/DIS 14682 : 1996),Horology - Primary batteries - Watch batteries,,,,,,,,,,,https://standards.bis.gov.in/website/know-your-standards,https://standardsbis.bsbedge.com/,horology;primary;batteries;watch,Know Your Standard - Bureau of Indian Standards,https://standards.bis.gov.in/website/know-your-standards,2026-09-07
IS 14559 : 2023 ( ISO 6425 : 2018),Horology - Divers’ Watches,,,,,,,,,,,https://standards.bis.gov.in/website/know-your-standards,https://standardsbis.bsbedge.com/,horology;divers;watches,Know Your Standard - Bureau of Indian Standards,https://standards.bis.gov.in/website/know-your-standards,2026-09-07
IS 14560 : Part 1 : 1998,"Horology - Mineral and Sapphire Glass for Wrist Watch Cases - Part 1 : Dimensions, Material and Test Procedures - Specification",,,,,,,,,,,https://standards.bis.gov.in/website/know-your-standards,https://standardsbis.bsbedge.com/,horology;mineral;sapphire;glass;wrist;watch;cases;dimensions;material;procedures,Know Your Standard - Bureau of Indian Standards,https://standards.bis.gov.in/website/know-your-standards,2026-09-07
IS 14560 : Part 2 : 1998,"Horology - Mineral and Sapphire Glass for Wrist Watch Cases - Part 2 : Gasket Dimensions, Material and Test Procedures - Specification",,,,,,,,,,,https://standards.bis.gov.in/website/know-your-standards,https://standardsbis.bsbedge.com/,horology;mineral;sapphire;glass;wrist;watch;cases;gasket;dimensions;material;procedures,Know Your Standard - Bureau of Indian Standards,https://standards.bis.gov.in/website/know-your-standards,2026-09-07
IS 18155 : 2023 ( ISO 764 : 2020),Horology - Magnetic Resistant Watches,,,,,,,,,,,https://standards.bis.gov.in/website/know-your-standards,https://standardsbis.bsbedge.com/,horology;magnetic;resistant;watches,Know Your Standard - Bureau of Indian Standards,https://standards.bis.gov.in/website/know-your-standards,2026-09-07
IS 18156 : 2023 ( ISO 1413 : 2016),Horology - Shock-Resistant Wrist Watches,,,,,,,,,,,https://standards.bis.gov.in/website/know-your-standards,https://standardsbis.bsbedge.com/,horology;shock;resistant;wrist;watches,Know Your Standard - Bureau of Indian Standards,https://standards.bis.gov.in/website/know-your-standards,2026-09-07
IS 18157 : 2023 ( ISO 22810 : 2010),Horology - Water-Resistant Watches,,,,,,,,,,,https://standards.bis.gov.in/website/know-your-standards,https://standardsbis.bsbedge.com/,horology;water;resistant;watches,Know Your Standard - Bureau of Indian Standards,https://standards.bis.gov.in/website/know-your-standards,2026-09-07
IS 696 : 1972,Code of practice for general engineering drawings,,,,,,,,,,,https://standards.bis.gov.in/website/know-your-standards,https://standardsbis.bsbedge.com/,engineering;drawings,Know Your Standard - Bureau of Indian Standards,https://standards.bis.gov.in/website/know-your-standards,2026-09-07
IS 813 : Part 1 : 2026 ( ISO 2553 : 2019),Welding and Allied Processes - Part 1 Symbolic Representation on Drawings - Welded Joints,,,,,,,,,,,https://standards.bis.gov.in/website/know-your-standards,https://standardsbis.bsbedge.com/,welding;allied;processes;symbolic;representation;drawings;welded;joints,Know Your Standard - Bureau of Indian Standards,https://standards.bis.gov.in/website/know-your-standards,2026-09-07
IS 962 : 1989,Code of practice for architectural and building drawings,,,,,,,,,,,https://standards.bis.gov.in/website/know-your-standards,https://standardsbis.bsbedge.com/,architectural;building;drawings,Know Your Standard - Bureau of Indian Standards,https://standards.bis.gov.in/website/know-your-standards,2026-09-07
IS 3212 : 1991,"Engineers' drawings instruments, lengthening bars",,,,,,,,,,,https://standards.bis.gov.in/website/know-your-standards,https://standardsbis.bsbedge.com/,engineers;drawings;instruments;lengthening;bars,Know Your Standard - Bureau of Indian Standards,https://standards.bis.gov.in/website/know-your-standards,2026-09-07
IS 4410 : Part 4 : 1982,Glossary of terms relating to river valley projects: Part 4 Drawings,,,,,,,,,,,https://standards.bis.gov.in/website/know-your-standards,https://standardsbis.bsbedge.com/,glossary;terms;relating;river;valley;projects;drawings,Know Your Standard - Bureau of Indian Standards,https://standards.bis.gov.in/website/know-your-standards,2026-09-07
IS 5001 : 2018 ( IEC 60191-1 : 2007),Mechanical Standardization of Semiconductor Devices-General Rules for the Preparation of Outline Drawings of Discrete Devices (First Revision),,,,,,,,,,,https://standards.bis.gov.in/website/know-your-standards,https://standardsbis.bsbedge.com/,mechanical;standardization;semiconductor;devices;rules;preparation;outline;drawings;discrete;first;revision,Know Your Standard - Bureau of Indian Standards,https://standards.bis.gov.in/website/know-your-standards,2026-09-07
IS 5001 : Part 1 : 1969,Guide for Preparation of Drawings of Semiconductor Devices,,,,,,,,,,,https://standards.bis.gov.in/website/know-your-standards,https://standardsbis.bsbedge.com/,guide;preparation;drawings;semiconductor;devices,Know Your Standard - Bureau of Indian Standards,https://standards.bis.gov.in/website/know-your-standards,2026-09-07
IS 5001 : Part 2 : 1973,Guide for preparation of drawings of semiconductor devices and integrated circuits: Part 2 Integrated circuits,,,,,,,,,,,https://standards.bis.gov.in/website/know-your-standards,https://standardsbis.bsbedge.com/,guide;preparation;drawings;semiconductor;devices;integrated;circuits,Know Your Standard - Bureau of Indian Standards,https://standards.bis.gov.in/website/know-your-standards,2026-09-07
IS 5197 : 1987,Recommendations for layout and planning of drawings offices,,,,,,,,,,,https://standards.bis.gov.in/website/know-your-standards,https://standardsbis.bsbedge.com/,recommendations;layout;planning;drawings;offices,Know Your Standard - Bureau of Indian Standards,https://standards.bis.gov.in/website/know-your-standards,2026-09-07
IS 5920 : 1970,Recommendations for the Preparation of Drawings for Optical Elements and Systems,,,,,,,,,,,https://standards.bis.gov.in/website/know-your-standards,https://standardsbis.bsbedge.com/,recommendations;preparation;drawings;optical;elements;systems,Know Your Standard - Bureau of Indian Standards,https://standards.bis.gov.in/website/know-your-standards,2026-09-07
IS 7840 : 2023 ( ISO 6414:2020),Technical Product Documentation (Tpd) -- Technical Drawings For Glassware,,,,,,,,,,,https://standards.bis.gov.in/website/know-your-standards,https://standardsbis.bsbedge.com/,technical;product;documentation;tpd;drawings;glassware,Know Your Standard - Bureau of Indian Standards,https://standards.bis.gov.in/website/know-your-standards,2026-09-07
IS 7973 : 1976,Code of practice for architectural and building working drawings,,,,,,,,,,,https://standards.bis.gov.in/website/know-your-standards,https://standardsbis.bsbedge.com/,architectural;building;working;drawings,Know Your Standard - Bureau of Indian Standards,https://standards.bis.gov.in/website/know-your-standards,2026-09-07
IS 8000 : Part 4 : 1976,Geometrical tolerancing on technical drawings Part IV Practical examples of indications on drawings,,,,,,,,,,,https://standards.bis.gov.in/website/know-your-standards,https://standardsbis.bsbedge.com/,geometrical;tolerancing;technical;drawings;practical;examples;indications,Know Your Standard - Bureau of Indian Standards,https://standards.bis.gov.in/website/know-your-standards,2026-09-07
IS 2220 : 1990,Engineering metrology - Steel straightedges - Specification ( First Revision ),,,,,,,,,,,https://standards.bis.gov.in/website/know-your-standards,https://standardsbis.bsbedge.com/,engineering;metrology;steel;straightedges;first;revision,Know Your Standard - Bureau of Indian Standards,https://standards.bis.gov.in/website/know-your-standards,2026-09-07
IS 2285 : 2003 ( ISO 8512-1 : 1990),Engineering Metrology - Measuring Equipment - Cast Iron Surface Plates - Specification ( Third Revision),,,,,,,,,,,https://standards.bis.gov.in/website/know-your-standards,https://standardsbis.bsbedge.com/,engineering;metrology;measuring;equipment;cast;iron;surface;plates;third;revision,Know Your Standard - Bureau of Indian Standards,https://standards.bis.gov.in/website/know-your-standards,2026-09-07
IS 2949 : 1992,Engineering metrology - Plain V-blocks for inspection purposes - Specification ( Second Revision ),,,,,,,,,,,https://standards.bis.gov.in/website/know-your-standards,https://standardsbis.bsbedge.com/,engineering;metrology;plain;blocks;inspection;purposes;second;revision,Know Your Standard - Bureau of Indian Standards,https://standards.bis.gov.in/website/know-your-standards,2026-09-07
IS 3510 : 1990,Engineering Metrology - Toolmaker Flats - Specification ( First Revision ),,,,,,,,,,,https://standards.bis.gov.in/website/know-your-standards,https://standardsbis.bsbedge.com/,engineering;metrology;toolmaker;flats;first;revision,Know Your Standard - Bureau of Indian Standards,https://standards.bis.gov.in/website/know-your-standards,2026-09-07
IS 4213 : 1991,Engineering metrology - Vernier depth gagues upto 300 mm - Specification ( First Revision ),,,,,,,,,,,https://standards.bis.gov.in/website/know-your-standards,https://standardsbis.bsbedge.com/,engineering;metrology;vernier;depth;gagues;upto;first;revision,Know Your Standard - Bureau of Indian Standards,https://standards.bis.gov.in/website/know-your-standards,2026-09-07
IS 4241 : 1990,Engineering metrology - Engineer Parallels - Specification ( First Revision ),,,,,,,,,,,https://standards.bis.gov.in/website/know-your-standards,https://standardsbis.bsbedge.com/,engineering;metrology;engineer;parallels;first;revision,Know Your Standard - Bureau of Indian Standards,https://standards.bis.gov.in/website/know-your-standards,2026-09-07
IS 4440 : 1996,Engineering metrology - Precision Equipment - Slip Gauge Accessories ( First Revision ),,,,,,,,,,,https://standards.bis.gov.in/website/know-your-standards,https://standardsbis.bsbedge.com/,engineering;metrology;precision;equipment;slip;gauge;accessories;first;revision,Know Your Standard - Bureau of Indian Standards,https://standards.bis.gov.in/website/know-your-standards,2026-09-07
IS 5268 : Part 1 : 1991,Engineering Metrology - Straightedges - Part 1 : Cast Iron Staightedges (Bow Shaped or Camel Back Type and 1-section or Parallel Type) ( First Revision ) (Incorporated Amendement No.1),,,,,,,,,,,https://standards.bis.gov.in/website/know-your-standards,https://standardsbis.bsbedge.com/,engineering;metrology;straightedges;cast;iron;staightedges;bow;shaped;camel;back;type;section,Know Your Standard - Bureau of Indian Standards,https://standards.bis.gov.in/website/know-your-standards,2026-09-07
IS 6952 : 1990,Engineering metrology - Cylindrical squares - Specificaiton ( First Revision ),,,,,,,,,,,https://standards.bis.gov.in/website/know-your-standards,https://standardsbis.bsbedge.com/,engineering;metrology;cylindrical;squares;specificaiton;first;revision,Know Your Standard - Bureau of Indian Standards,https://standards.bis.gov.in/website/know-your-standards,2026-09-07
IS 7327 : 2003 ( ISO 8512-2 : 1990),Engineering Metrology - Measuring Equipment - Granite Surface Plates - Specification ( Second Revision),,,,,,,,,,,https://standards.bis.gov.in/website/know-your-standards,https://standardsbis.bsbedge.com/,engineering;metrology;measuring;equipment;granite;surface;plates;second;revision,Know Your Standard - Bureau of Indian Standards,https://standards.bis.gov.in/website/know-your-standards,2026-09-07
IS 12937 : 1990,"Engineering metrology - Methods of testing straightness, flatness and perpendicularity",,,,,,,,,,,https://standards.bis.gov.in/website/know-your-standards,https://standardsbis.bsbedge.com/,engineering;metrology;testing;straightness;flatness;perpendicularity,Know Your Standard - Bureau of Indian Standards,https://standards.bis.gov.in/website/know-your-standards,2026-09-07
IS 14271 : 1995,Engineering Metrology - Dial Snap Gauges,,,,,,,,,,,https://standards.bis.gov.in/website/know-your-standards,https://standardsbis.bsbedge.com/,engineering;metrology;dial;snap;gauges,Know Your Standard - Bureau of Indian Standards,https://standards.bis.gov.in/website/know-your-standards,2026-09-07
IS 11915 : 1986,Nylon Fabric for Making Mountaineering Equipment,,,,,,,,,,,https://standards.bis.gov.in/website/know-your-standards,https://standardsbis.bsbedge.com/,nylon;fabric;making;mountaineering;equipment,Know Your Standard - Bureau of Indian Standards,https://standards.bis.gov.in/website/know-your-standards,2026-09-07
IS 3142 : 1993,"Pulleys-V-Grooved Pulleys for Endless V-Belts Sections Z, A, B, C, D and E and Endless Wedge Belts Sections SPZ, SPA, SPB and SPC - Specification ( Second Revision )",,,,,,,,,,,https://standards.bis.gov.in/website/know-your-standards,https://standardsbis.bsbedge.com/,pulleys;grooved;endless;belts;sections;wedge;spz;spa;spb;spc;second;revision,Know Your Standard - Bureau of Indian Standards,https://standards.bis.gov.in/website/know-your-standards,2026-09-07
IS 15149 : 2025 ( ISO 9981 : 2020),Belt Drives - Pulleys and V-Ribbed Belts for the Automotive Industry - PK Profile - Dimensions,,,,,,,,,,,https://standards.bis.gov.in/website/know-your-standards,https://standardsbis.bsbedge.com/,belt;drives;pulleys;ribbed;belts;automotive;industry;profile;dimensions,Know Your Standard - Bureau of Indian Standards,https://standards.bis.gov.in/website/know-your-standards,2026-09-07
IS 15151 : 2025 ( ISO 9982 : 2021),"Belt Drives - Pulleys and V-Ribbed Belts for Industrial Applications - PH, PJ, PK, PL and PM Profiles - Dimensions",,,,,,,,,,,https://standards.bis.gov.in/website/know-your-standards,https://standardsbis.bsbedge.com/,belt;drives;pulleys;ribbed;belts;industrial;applications;profiles;dimensions,Know Your Standard - Bureau of Indian Standards,https://standards.bis.gov.in/website/know-your-standards,2026-09-07
IS 14261 : 1995,Transmission Devices - V-belts - Endless Narrow V-belts for Industrial Use,,,,,,,,,,,https://standards.bis.gov.in/website/know-your-standards,https://standardsbis.bsbedge.com/,transmission;devices;belts;endless;narrow;industrial;use,Know Your Standard - Bureau of Indian Standards,https://standards.bis.gov.in/website/know-your-standards,2026-09-07
IS 14285 : 1995,Transmission devices - Flexible coupling - Tyre type - Specification,,,,,,,,,,,https://standards.bis.gov.in/website/know-your-standards,https://standardsbis.bsbedge.com/,transmission;devices;flexible;coupling;tyre;type,Know Your Standard - Bureau of Indian Standards,https://standards.bis.gov.in/website/know-your-standards,2026-09-07
IS/ISO 603 : Part 16 : 2022 ( ISO 603-16 : 2022),Bonded Abrasive Products - Dimensions - Part 16 Cutting-off Wheels on Hand Held Power Tools,,,,,,,,,,,https://standards.bis.gov.in/website/know-your-standards,https://standardsbis.bsbedge.com/,bonded;abrasive;products;dimensions;cutting;off;wheels;hand;held;power;tools,Know Your Standard - Bureau of Indian Standards,https://standards.bis.gov.in/website/know-your-standards,2026-09-07
IS 3820 : 1982,Carbide Tipped Coal Cutting Tools,,,,,,,,,,,https://standards.bis.gov.in/website/know-your-standards,https://standardsbis.bsbedge.com/,carbide;tipped;coal;cutting;tools,Know Your Standard - Bureau of Indian Standards,https://standards.bis.gov.in/website/know-your-standards,2026-09-07
IS 5769 : 1981,"Coal cutting tools, mushroom, V-faced tungsten carbide tipped",,,,,,,,,,,https://standards.bis.gov.in/website/know-your-standards,https://standardsbis.bsbedge.com/,coal;cutting;tools;mushroom;faced;tungsten;carbide;tipped,Know Your Standard - Bureau of Indian Standards,https://standards.bis.gov.in/website/know-your-standards,2026-09-07
IS 5770 : 1982,"Coal cutting tools, mushroom flat-faced tungsten carbide tipped",,,,,,,,,,,https://standards.bis.gov.in/website/know-your-standards,https://standardsbis.bsbedge.com/,coal;cutting;tools;mushroom;flat;faced;tungsten;carbide;tipped,Know Your Standard - Bureau of Indian Standards,https://standards.bis.gov.in/website/know-your-standards,2026-09-07
IS 5771 : 1981,"Coal Cutting Tools, Point Attack, Tungsten Carbide Tipped",,,,,,,,,,,https://standards.bis.gov.in/website/know-your-standards,https://standardsbis.bsbedge.com/,coal;cutting;tools;point;attack;tungsten;carbide;tipped,Know Your Standard - Bureau of Indian Standards,https://standards.bis.gov.in/website/know-your-standards,2026-09-07
IS 5772 : 1982,"Coal cutting tools, parrot-beak, flat faced tungsten carbide tipped",,,,,,,,,,,https://standards.bis.gov.in/website/know-your-standards,https://standardsbis.bsbedge.com/,coal;cutting;tools;parrot;beak;flat;faced;tungsten;carbide;tipped,Know Your Standard - Bureau of Indian Standards,https://standards.bis.gov.in/website/know-your-standards,2026-09-07
IS 5773 : 1970,"Coal cutting tools, straight bar V and FV-faced tungsten carbide tipped",,,,,,,,,,,https://standards.bis.gov.in/website/know-your-standards,https://standardsbis.bsbedge.com/,coal;cutting;tools;straight;bar;faced;tungsten;carbide;tipped,Know Your Standard - Bureau of Indian Standards,https://standards.bis.gov.in/website/know-your-standards,2026-09-07
IS 5774 : 1970,"Coal cutting tools, straight bar, core breaker",,,,,,,,,,,https://standards.bis.gov.in/website/know-your-standards,https://standardsbis.bsbedge.com/,coal;cutting;tools;straight;bar;core;breaker,Know Your Standard - Bureau of Indian Standards,https://standards.bis.gov.in/website/know-your-standards,2026-09-07
IS 5775 : 1970,"Coal cutting tools, radial flat faced tungsten carbide tipped",,,,,,,,,,,https://standards.bis.gov.in/website/know-your-standards,https://standardsbis.bsbedge.com/,coal;cutting;tools;radial;flat;faced;tungsten;carbide;tipped,Know Your Standard - Bureau of Indian Standards,https://standards.bis.gov.in/website/know-your-standards,2026-09-07
IS 5854 : 1970,"Coal cutting tools, radial V and FV-faced tungsten carbide tipped",,,,,,,,,,,https://standards.bis.gov.in/website/know-your-standards,https://standardsbis.bsbedge.com/,coal;cutting;tools;radial;faced;tungsten;carbide;tipped,Know Your Standard - Bureau of Indian Standards,https://standards.bis.gov.in/website/know-your-standards,2026-09-07
IS 5855 : 1982,"Coal cutting tools, parrot-beak V and FV-faced tungsten carbide tipped",,,,,,,,,,,https://standards.bis.gov.in/website/know-your-standards,https://standardsbis.bsbedge.com/,coal;cutting;tools;parrot;beak;faced;tungsten;carbide;tipped,Know Your Standard - Bureau of Indian Standards,https://standards.bis.gov.in/website/know-your-standards,2026-09-07
IS 7778 : Part 7 : 2003,Small Tools Sampling Inspection Procedures - Part 7 : Gear Cutting Tools and Broaches (First Revision ),,,,,,,,,,,https://standards.bis.gov.in/website/know-your-standards,https://standardsbis.bsbedge.com/,small;tools;sampling;inspection;procedures;gear;cutting;broaches;first;revision,Know Your Standard - Bureau of Indian Standards,https://standards.bis.gov.in/website/know-your-standards,2026-09-07
IS 9897 : 2024 ( ISO 1832 : 2017),Indexable Inserts for Cutting Tools - Designation,,,,,,,,,,,https://standards.bis.gov.in/website/know-your-standards,https://standardsbis.bsbedge.com/,indexable;inserts;cutting;tools;designation,Know Your Standard - Bureau of Indian Standards,https://standards.bis.gov.in/website/know-your-standards,2026-09-07
IS 9910 : 2025,Method for Braze Strength Testing of Coal and Rock Cutting Tools with Laid-on Tungsten-Carbide Tips,,,,,,,,,,,https://standards.bis.gov.in/website/know-your-standards,https://standardsbis.bsbedge.com/,braze;strength;testing;coal;rock;cutting;tools;laid;tungsten;carbide;tips,Know Your Standard - Bureau of Indian Standards,https://standards.bis.gov.in/website/know-your-standards,2026-09-07
IS 10097 : 1982,Code of practice for the packaging of metal cutting tools,,,,,,,,,,,https://standards.bis.gov.in/website/know-your-standards,https://standardsbis.bsbedge.com/,packaging;metal;cutting;tools,Know Your Standard - Bureau of Indian Standards,https://standards.bis.gov.in/website/know-your-standards,2026-09-07
IS 10412 : 1983,System of designation and marking of single point cutting tools with carbide tips,,,,,,,,,,,https://standards.bis.gov.in/website/know-your-standards,https://standardsbis.bsbedge.com/,system;designation;marking;single;point;cutting;tools;carbide;tips,Know Your Standard - Bureau of Indian Standards,https://standards.bis.gov.in/website/know-your-standards,2026-09-07
IS 11522 : Part 1 : 1986 ( ISO 3002-1 : 1982),"Recommendations for basic quantities in cutting and grinding Part 1 : Geometry of the active part of cutting tools, general terms, reference systems, tools & working angles and chip breakers",,,,,,,,,,,https://standards.bis.gov.in/website/know-your-standards,https://standardsbis.bsbedge.com/,recommendations;basic;quantities;cutting;grinding;geometry;active;tools;terms;reference;systems;working,Know Your Standard - Bureau of Indian Standards,https://standards.bis.gov.in/website/know-your-standards,2026-09-07
IS 11522 : Part 2 : 2015 ( ISO 3002-2 : 1982),Basic Quantities in Cutting and Grinding Part 2 Geometry of the Active Part of Cutting Tools - General Conversion Formulae to Relate Tool and Working Angles,,,,,,,,,,,https://standards.bis.gov.in/website/know-your-standards,https://standardsbis.bsbedge.com/,basic;quantities;cutting;grinding;geometry;active;tools;conversion;formulae;relate;tool;working,Know Your Standard - Bureau of Indian Standards,https://standards.bis.gov.in/website/know-your-standards,2026-09-07
IS 15092 : 2024 ( ISO 3286 : 2016),Single Point Cutting Tools-Corner Radii,,,,,,,,,,,https://standards.bis.gov.in/website/know-your-standards,https://standardsbis.bsbedge.com/,single;point;cutting;tools;corner;radii,Know Your Standard - Bureau of Indian Standards,https://standards.bis.gov.in/website/know-your-standards,2026-09-07
IS 14617 : Part 2 : 1998,"Indexable inserts for cutting tools - Hardmetal (carbide) inserts with rounded corners, with partly cylinderical fixing hole Part 2: Dimensions of inserts with 11 degree normal clearance",,,,,,,,,,,https://standards.bis.gov.in/website/know-your-standards,https://standardsbis.bsbedge.com/,indexable;inserts;cutting;tools;hardmetal;carbide;rounded;corners;partly;cylinderical;fixing;hole,Know Your Standard - Bureau of Indian Standards,https://standards.bis.gov.in/website/know-your-standards,2026-09-07
IS 15091 : Part 1 : 2002 ( ISO 9361-1 : 1991),Indexable Inserts for Cutting Tools - Ceramic Inserts with Rounded Corners - Part 1 : Dimensions of Inserts without Fixing Hole,,,,,,,,,,,https://standards.bis.gov.in/website/know-your-standards,https://standardsbis.bsbedge.com/,indexable;inserts;cutting;tools;ceramic;rounded;corners;dimensions;without;fixing;hole,Know Your Standard - Bureau of Indian Standards,https://standards.bis.gov.in/website/know-your-standards,2026-09-07
IS 15091 : Part 2 : 2004 ( ISO 9361-2 : 1991),Indexable Inserts for Cutting Tools - Ceramic Inserts with Rounded Corners - Part 2 : Dimensions of Inserts without Cylindrical Fixing Hole,,,,,,,,,,,https://standards.bis.gov.in/website/know-your-standards,https://standardsbis.bsbedge.com/,indexable;inserts;cutting;tools;ceramic;rounded;corners;dimensions;without;cylindrical;fixing;hole,Know Your Standard - Bureau of Indian Standards,https://standards.bis.gov.in/website/know-your-standards,2026-09-07
IS 17257 : 2024 ( ISO 26303 : 2022),Machine Tools- Short-Term Capability Evaluation of Machining Processes on Metal-Cutting Machine Tools,,,,,,,,,,,https://standards.bis.gov.in/website/know-your-standards,https://standardsbis.bsbedge.com/,machine;tools;short;term;capability;evaluation;machining;processes;metal;cutting,Know Your Standard - Bureau of Indian Standards,https://standards.bis.gov.in/website/know-your-standards,2026-09-07
SP 53 : 1992,"Hand operated hand tools - Safety code for the use, care and protection",,,,,,,,,,,https://standards.bis.gov.in/website/know-your-standards,https://standardsbis.bsbedge.com/,hand;operated;tools;safety;use;care;protection,Know Your Standard - Bureau of Indian Standards,https://standards.bis.gov.in/website/know-your-standards,2026-09-07
IS 4506 : 2024,"Hand Tools - Forks, General Purpose - Specification",,,,,,,,,,,https://standards.bis.gov.in/website/know-your-standards,https://standardsbis.bsbedge.com/,hand;tools;forks;purpose,Know Your Standard - Bureau of Indian Standards,https://standards.bis.gov.in/website/know-your-standards,2026-09-07
IS 4665 : Part 1 : 2023 ( IEC 60745-1 : 2006),Hand-Held Motor-Operated Electric Tools Safety Part 1: General Requirements,,,,,,,,,,,https://standards.bis.gov.in/website/know-your-standards,https://standardsbis.bsbedge.com/,hand;held;motor;operated;electric;tools;safety,Know Your Standard - Bureau of Indian Standards,https://standards.bis.gov.in/website/know-your-standards,2026-09-07
IS 4665 : Part 2 : Sec 1 : 2023 ( IEC 60745-2-1 : 2003),Hand-Held Motor-Operated Electric Tools Safety Part 2 Particular Requirements Section 1 Drills And Impact Drills,,,,,,,,,,,https://standards.bis.gov.in/website/know-your-standards,https://standardsbis.bsbedge.com/,hand;held;motor;operated;electric;tools;safety;particular;section;drills;impact,Know Your Standard - Bureau of Indian Standards,https://standards.bis.gov.in/website/know-your-standards,2026-09-07
IS 4665 : Part 2 : Sec 2 : 2023 ( IEC 60745-2-2 : 2003),Hand-Held Motor-Operated Electric Tools - Safety-Part 2 Particular Requirements Section 2 Screwdrivers And Impact Wrenches,,,,,,,,,,,https://standards.bis.gov.in/website/know-your-standards,https://standardsbis.bsbedge.com/,hand;held;motor;operated;electric;tools;safety;particular;section;screwdrivers;impact;wrenches,Know Your Standard - Bureau of Indian Standards,https://standards.bis.gov.in/website/know-your-standards,2026-09-07
IS 4665 : Part 2 : Sec 3 : 2023 ( IEC 60745-2-3 : 2006),Hand-Held Motor-Operated Electric Tools - Safety Part 2 Particular Requirements Section 3 Grinders Polishers And Disk-Type Sanders,,,,,,,,,,,https://standards.bis.gov.in/website/know-your-standards,https://standardsbis.bsbedge.com/,hand;held;motor;operated;electric;tools;safety;particular;section;grinders;polishers;disk,Know Your Standard - Bureau of Indian Standards,https://standards.bis.gov.in/website/know-your-standards,2026-09-07
IS 4665 : Part 2 : Sec 5 : 2023 ( IEC 60745-2- 5 : 2010),Hand-Held Motor-Operated Electric Tools Safety Part 2 Particular Requirements Section 5 Circular Saws,,,,,,,,,,,https://standards.bis.gov.in/website/know-your-standards,https://standardsbis.bsbedge.com/,hand;held;motor;operated;electric;tools;safety;particular;section;circular;saws,Know Your Standard - Bureau of Indian Standards,https://standards.bis.gov.in/website/know-your-standards,2026-09-07
IS 4665 : Part 2 : Sec 6 : 2023 ( IEC 60745-2-6 : 2003),Hand-Held Motor-Operated Electric Tools-Safety - Part 2 Particular Requirements - Section 6 Hammers,,,,,,,,,,,https://standards.bis.gov.in/website/know-your-standards,https://standardsbis.bsbedge.com/,hand;held;motor;operated;electric;tools;safety;particular;section;hammers,Know Your Standard - Bureau of Indian Standards,https://standards.bis.gov.in/website/know-your-standards,2026-09-07
IS 4665 : Part 2 : Sec 7 : 2023 ( IEC 60745-2-7 : 1989),Safety Of Hand-Held Motor-Operated Electric Tools Part 2 Particular Requirements Section 7 Spray Guns For Non-Flammable Liquids,,,,,,,,,,,https://standards.bis.gov.in/website/know-your-standards,https://standardsbis.bsbedge.com/,safety;hand;held;motor;operated;electric;tools;particular;section;spray;guns;non,Know Your Standard - Bureau of Indian Standards,https://standards.bis.gov.in/website/know-your-standards,2026-09-07
IS 6053 : Part 1 : 2024,Hand Tools for Footwear Industry-Specification - Part 1 Upper Clicking Knife,,,,,,,,,,,https://standards.bis.gov.in/website/know-your-standards,https://standardsbis.bsbedge.com/,hand;tools;footwear;industry;upper;clicking;knife,Know Your Standard - Bureau of Indian Standards,https://standards.bis.gov.in/website/know-your-standards,2026-09-07
"IS 6053 : Part 2 (Active,Concurrent Running) : 1971",Handtools for footwear industry: Part 2 Bottom cutting knife (RAMPI),,,,,,,,,,,https://standards.bis.gov.in/website/know-your-standards,https://standardsbis.bsbedge.com/,handtools;footwear;industry;bottom;cutting;knife;rampi,Know Your Standard - Bureau of Indian Standards,https://standards.bis.gov.in/website/know-your-standards,2026-09-07
IS 6053 : Part 2 : 2024,Hand Tools for Footwear Industry-Specification - Part 2 Bottom Cutting Knife (RAMPI),,,,,,,,,,,https://standards.bis.gov.in/website/know-your-standards,https://standardsbis.bsbedge.com/,hand;tools;footwear;industry;bottom;cutting;knife;rampi,Know Your Standard - Bureau of Indian Standards,https://standards.bis.gov.in/website/know-your-standards,2026-09-07
IS 6053 : Part 3 : 2024,Hand Tools for Footwear Industry-Specification - Part 3 Designers’ Knife,,,,,,,,,,,https://standards.bis.gov.in/website/know-your-standards,https://standardsbis.bsbedge.com/,hand;tools;footwear;industry;designers;knife,Know Your Standard - Bureau of Indian Standards,https://standards.bis.gov.in/website/know-your-standards,2026-09-07
"IS 6053 : Part 3 (Active,Concurrent Running) : 1971",Handtools for footwear industry: Part 3 Designers' knife,,,,,,,,,,,https://standards.bis.gov.in/website/know-your-standards,https://standardsbis.bsbedge.com/,handtools;footwear;industry;designers;knife,Know Your Standard - Bureau of Indian Standards,https://standards.bis.gov.in/website/know-your-standards,2026-09-07
IS 6053 : Part 4 : 2024,Hand Tools for Footwear Industry - Specification - Part 4 Half Round Knife,,,,,,,,,,,https://standards.bis.gov.in/website/know-your-standards,https://standardsbis.bsbedge.com/,hand;tools;footwear;industry;half;round;knife,Know Your Standard - Bureau of Indian Standards,https://standards.bis.gov.in/website/know-your-standards,2026-09-07
IS 6053 : Part 5 : 2025,Hand Tools for Footwear Industry - Specification - Part 5 Straight Hacking Knife,,,,,,,,,,,https://standards.bis.gov.in/website/know-your-standards,https://standardsbis.bsbedge.com/,hand;tools;footwear;industry;straight;hacking;knife,Know Your Standard - Bureau of Indian Standards,https://standards.bis.gov.in/website/know-your-standards,2026-09-07
IS 7201 : Part 1 : 1987,Methods of Sampling for Agricultural Machinery and Equipment - Part 1 : Hand-tools and Hand-operated/Animal-drawn Equipment,,,,,,,,,,,https://standards.bis.gov.in/website/know-your-standards,https://standardsbis.bsbedge.com/,sampling;agricultural;machinery;equipment;hand;tools;operated;animal;drawn,Know Your Standard - Bureau of Indian Standards,https://standards.bis.gov.in/website/know-your-standards,2026-09-07
IS 8235 : 1976,Guide for Safety Procedures In Hand Operated Hand Tools,,,,,,,,,,,https://standards.bis.gov.in/website/know-your-standards,https://standardsbis.bsbedge.com/,guide;safety;procedures;hand;operated;tools,Know Your Standard - Bureau of Indian Standards,https://standards.bis.gov.in/website/know-your-standards,2026-09-07
IS 12289 : 1988,Hand Held Electric Engraving Tools,,,,,,,,,,,https://standards.bis.gov.in/website/know-your-standards,https://standardsbis.bsbedge.com/,hand;held;electric;engraving;tools,Know Your Standard - Bureau of Indian Standards,https://standards.bis.gov.in/website/know-your-standards,2026-09-07
IS 13772 : 2021 ( IEC 60900 : 2018),Live working Hand tools for use up to 1 000 V AC and 1 500 V DC (Second Revision),,,,,,,,,,,https://standards.bis.gov.in/website/know-your-standards,https://standardsbis.bsbedge.com/,live;working;hand;tools;use;second;revision,Know Your Standard - Bureau of Indian Standards,https://standards.bis.gov.in/website/know-your-standards,2026-09-07
IS 10416 : 2019 ( ISO 5598 : 2008),Fluid Power Systems and Components — Vocabulary ( Second Revision ),,,,,,,,,,,https://standards.bis.gov.in/website/know-your-standards,https://standardsbis.bsbedge.com/,fluid;power;systems;components;vocabulary;second;revision,Know Your Standard - Bureau of Indian Standards,https://standards.bis.gov.in/website/know-your-standards,2026-09-07
IS 10481 : 2020 ( ISO 4413 : 2010),Hydraulic Fluid Power — General Rules and Safety Requirements for Systems and their Components ( Second Revision ),,,,,,,,,,,https://standards.bis.gov.in/website/know-your-standards,https://standardsbis.bsbedge.com/,hydraulic;fluid;power;rules;safety;systems;their;components;second;revision,Know Your Standard - Bureau of Indian Standards,https://standards.bis.gov.in/website/know-your-standards,2026-09-07
IS 11845 : Part 1 : 1994 ( ISO 5784-1 : 1988),Fluid Logic Circuits For Fluid Power Systems - Part 1 Symbols For Binary Logic And Related Functions (First Revision),,,,,,,,,,,https://standards.bis.gov.in/website/know-your-standards,https://standardsbis.bsbedge.com/,fluid;logic;circuits;power;systems;symbols;binary;related;functions;first;revision,Know Your Standard - Bureau of Indian Standards,https://standards.bis.gov.in/website/know-your-standards,2026-09-07
IS 11845 : Part 2 : 1995 ( ISO 5784-2 : 1989),Fluid Logic Circuits For Fluid Power Systems - Part 2:symbols For Supply And Exhausts As Related To Logic Symbols (First Revision),,,,,,,,,,,https://standards.bis.gov.in/website/know-your-standards,https://standardsbis.bsbedge.com/,fluid;logic;circuits;power;systems;symbols;supply;exhausts;related;first;revision,Know Your Standard - Bureau of Indian Standards,https://standards.bis.gov.in/website/know-your-standards,2026-09-07
IS 11845 : Part 3 : 1994 ( ISO 5784-3 : 1989),Fluid Logic Circuits For Fluid Power Systems - Part 3:symbols For Logic Sequences And Related Functions (First Revision),,,,,,,,,,,https://standards.bis.gov.in/website/know-your-standards,https://standardsbis.bsbedge.com/,fluid;logic;circuits;power;systems;symbols;sequences;related;functions;first;revision,Know Your Standard - Bureau of Indian Standards,https://standards.bis.gov.in/website/know-your-standards,2026-09-07
IS 12096 : 1987,Hexagon Socket Screw Plugs with Parallel Screw Threads for Fluid Power System,,,,,,,,,,,https://standards.bis.gov.in/website/know-your-standards,https://standardsbis.bsbedge.com/,hexagon;socket;screw;plugs;parallel;threads;fluid;power;system,Know Your Standard - Bureau of Indian Standards,https://standards.bis.gov.in/website/know-your-standards,2026-09-07
IS 12597 : 1988,Recommendation on Units for Fluid Power System,,,,,,,,,,,https://standards.bis.gov.in/website/know-your-standards,https://standardsbis.bsbedge.com/,recommendation;units;fluid;power;system,Know Your Standard - Bureau of Indian Standards,https://standards.bis.gov.in/website/know-your-standards,2026-09-07
IS 12725 : 2021 ( ISO 4414 : 2010),Pneumatic Fluid Power - General Rules and Safety Requirements for Systems and their Components ( Second Revision ),,,,,,,,,,,https://standards.bis.gov.in/website/know-your-standards,https://standardsbis.bsbedge.com/,pneumatic;fluid;power;rules;safety;systems;their;components;second;revision,Know Your Standard - Bureau of Indian Standards,https://standards.bis.gov.in/website/know-your-standards,2026-09-07
IS 13053 : 1991,Hydraulic fluid power system - Commissioning and maintenance of complete hydraulic systems - Recommendations,,,,,,,,,,,https://standards.bis.gov.in/website/know-your-standards,https://standardsbis.bsbedge.com/,hydraulic;fluid;power;system;commissioning;maintenance;complete;systems;recommendations,Know Your Standard - Bureau of Indian Standards,https://standards.bis.gov.in/website/know-your-standards,2026-09-07
IS 13533 : 2019 ( ISO 4395 : 2009),Fluid Power Systems and Components — Cylinder Piston Rod End Types and Dimensions ( First Revision ),,,,,,,,,,,https://standards.bis.gov.in/website/know-your-standards,https://standardsbis.bsbedge.com/,fluid;power;systems;components;cylinder;piston;rod;end;types;dimensions;first;revision,Know Your Standard - Bureau of Indian Standards,https://standards.bis.gov.in/website/know-your-standards,2026-09-07
IS 13570 : 2000 ( ISO 4021 : 1992),Hydraulic Fluid Power - Particulate Contamination Analysis - Extraction of Fluid Samples from Lines of an Operating System (First Revision),,,,,,,,,,,https://standards.bis.gov.in/website/know-your-standards,https://standardsbis.bsbedge.com/,hydraulic;fluid;power;particulate;contamination;analysis;extraction;samples;from;lines;operating;system,Know Your Standard - Bureau of Indian Standards,https://standards.bis.gov.in/website/know-your-standards,2026-09-07
IS 14236 : 1995,Seals For Reciprocating Applications Used In Fluid Power Systems - Methods Of Test,,,,,,,,,,,https://standards.bis.gov.in/website/know-your-standards,https://standardsbis.bsbedge.com/,seals;reciprocating;applications;used;fluid;power;systems,Know Your Standard - Bureau of Indian Standards,https://standards.bis.gov.in/website/know-your-standards,2026-09-07
IS 14423 : 2021 ( ISO 4399 : 2019),Fluid Power Systems and Components - Connectors and Associated Components - Nominal Pressures ( First Revision ),,,,,,,,,,,https://standards.bis.gov.in/website/know-your-standards,https://standardsbis.bsbedge.com/,fluid;power;systems;components;connectors;associated;nominal;pressures;first;revision,Know Your Standard - Bureau of Indian Standards,https://standards.bis.gov.in/website/know-your-standards,2026-09-07
IS 14645 : 1998,Fluid power systems and components - Cylinders - Nominal pressure,,,,,,,,,,,https://standards.bis.gov.in/website/know-your-standards,https://standardsbis.bsbedge.com/,fluid;power;systems;components;cylinders;nominal;pressure,Know Your Standard - Bureau of Indian Standards,https://standards.bis.gov.in/website/know-your-standards,2026-09-07
IS 14740 : Part 3 : 2021 ( ISO 6358-3 : 2014),Pneumatic Fluid Power - Determination of Flow-Rate Characteristics of Components Using Compressible Fluids Part 3 Method for Calculating Steady-State Flow-Rate Characteristics of Systems ( First Revision ),,,,,,,,,,,https://standards.bis.gov.in/website/know-your-standards,https://standardsbis.bsbedge.com/,pneumatic;fluid;power;determination;flow;rate;characteristics;components;using;compressible;fluids;calculating,Know Your Standard - Bureau of Indian Standards,https://standards.bis.gov.in/website/know-your-standards,2026-09-07
IS 15045 : Part 3 : 2001 ( ISO 5599-3 : 1990),Pneumatic Fluid Power - Five Port Dirctional Control Valves - Part 3 : Code System for Communication of Valve Functions,,,,,,,,,,,https://standards.bis.gov.in/website/know-your-standards,https://standardsbis.bsbedge.com/,pneumatic;fluid;power;five;port;dirctional;control;valves;system;communication;valve;functions,Know Your Standard - Bureau of Indian Standards,https://standards.bis.gov.in/website/know-your-standards,2026-09-07
IS 15168 : 2022 ( ISO 6099 : 2018),Fluid Power Systems And Components Cylinders Identification Code For Mounting Dimensions And Mounting Types,,,,,,,,,,,https://standards.bis.gov.in/website/know-your-standards,https://standardsbis.bsbedge.com/,fluid;power;systems;components;cylinders;identification;mounting;dimensions;types,Know Your Standard - Bureau of Indian Standards,https://standards.bis.gov.in/website/know-your-standards,2026-09-07
IS 17215 : 2019,Fluid Power System —¢ Hexagon Socket Screw Plugs with Parallel Screw Threads with Elastomeric Sealing —¢ Specification,,,,,,,,,,,https://standards.bis.gov.in/website/know-your-standards,https://standardsbis.bsbedge.com/,fluid;power;system;hexagon;socket;screw;plugs;parallel;threads;elastomeric;sealing,Know Your Standard - Bureau of Indian Standards,https://standards.bis.gov.in/website/know-your-standards,2026-09-07
IS 1394 : 1984,Glossary of terms relating to metal containers,,,,,,,,,,,https://standards.bis.gov.in/website/know-your-standards,https://standardsbis.bsbedge.com/,glossary;terms;relating;metal;containers,Know Your Standard - Bureau of Indian Standards,https://standards.bis.gov.in/website/know-your-standards,2026-09-07
IS 2471 : 1963,Methods Of Test For Metal Containers,,,,,,,,,,,https://standards.bis.gov.in/website/know-your-standards,https://standardsbis.bsbedge.com/,metal;containers,Know Your Standard - Bureau of Indian Standards,https://standards.bis.gov.in/website/know-your-standards,2026-09-07
IS 3259 : 1966,Methods Of Sampling Of Metal Containers,,,,,,,,,,,https://standards.bis.gov.in/website/know-your-standards,https://standardsbis.bsbedge.com/,sampling;metal;containers,Know Your Standard - Bureau of Indian Standards,https://standards.bis.gov.in/website/know-your-standards,2026-09-07
IS 6093 : 1971,Methods Of Determining The Capacity And Dimensions Of Hermetically Sealed Metal Foodcontainers,,,,,,,,,,,https://standards.bis.gov.in/website/know-your-standards,https://standardsbis.bsbedge.com/,determining;capacity;dimensions;hermetically;sealed;metal;foodcontainers,Know Your Standard - Bureau of Indian Standards,https://standards.bis.gov.in/website/know-your-standards,2026-09-07
IS 8932 : 1978,Preformed metal screw caps for glass containers,,,,,,,,,,,https://standards.bis.gov.in/website/know-your-standards,https://standardsbis.bsbedge.com/,preformed;metal;screw;caps;glass;containers,Know Your Standard - Bureau of Indian Standards,https://standards.bis.gov.in/website/know-your-standards,2026-09-07
IS 10106 : Part 4 : Sec 1 : 1982,Packaging code: Part 4 Packages Section 1 Metal containers,,,,,,,,,,,https://standards.bis.gov.in/website/know-your-standards,https://standardsbis.bsbedge.com/,packaging;packages;section;metal;containers,Know Your Standard - Bureau of Indian Standards,https://standards.bis.gov.in/website/know-your-standards,2026-09-07
IS 9931 : 1981,Mercurimetric method for determination of chloride in inorganic chemicals,,,,,,,,,,,https://standards.bis.gov.in/website/know-your-standards,https://standardsbis.bsbedge.com/,mercurimetric;determination;chloride;inorganic;chemicals,Know Your Standard - Bureau of Indian Standards,https://standards.bis.gov.in/website/know-your-standards,2026-09-07
IS 17984 : Part 3 : 2024 ( ISO 13577-3 : 2016),Industrial Furnaces and Associated Processing Equipment-Safety - Part 3 Generation and Use of Protective and Reactive Atmosphere Gases,,,,,,,,,,,https://standards.bis.gov.in/website/know-your-standards,https://standardsbis.bsbedge.com/,industrial;furnaces;associated;processing;equipment;safety;generation;use;protective;reactive;atmosphere;gases,Know Your Standard - Bureau of Indian Standards,https://standards.bis.gov.in/website/know-your-standards,2026-09-07
IS 4155 : 2023,Glossary of Terms Relating to Chemical and Radiation Hazards and Hazardous Chemicals,,,,,,,,,,,https://standards.bis.gov.in/website/know-your-standards,https://standardsbis.bsbedge.com/,glossary;terms;relating;chemical;radiation;hazards;hazardous;chemicals,Know Your Standard - Bureau of Indian Standards,https://standards.bis.gov.in/website/know-your-standards,2026-09-07
IS 2781 : 2020,Glossary of Terms Relating to Ceramicware ( Third Revision ),,,,,,,,,,,https://standards.bis.gov.in/website/know-your-standards,https://standardsbis.bsbedge.com/,glossary;terms;relating;ceramicware;third;revision,Know Your Standard - Bureau of Indian Standards,https://standards.bis.gov.in/website/know-your-standards,2026-09-07
IS 9806 : 2001,"Methods of Test for and Permissible Limits of Toxic Materials Released from Ceramicware, Vitreous Enamelware, Glassware and Glass-cerami",,,,,,,,,,,https://standards.bis.gov.in/website/know-your-standards,https://standardsbis.bsbedge.com/,permissible;limits;toxic;materials;released;from;ceramicware;vitreous;enamelware;glassware;glass;cerami,Know Your Standard - Bureau of Indian Standards,https://standards.bis.gov.in/website/know-your-standards,2026-09-07
IS/ISO 718 : 1990 ( ISO 718 : 1990),Laboratory Glassware - Thermal Schock and Thermal Schock Endurance - Test Methods,,,,,,,,,,,https://standards.bis.gov.in/website/know-your-standards,https://standardsbis.bsbedge.com/,laboratory;glassware;thermal;schock;endurance,Know Your Standard - Bureau of Indian Standards,https://standards.bis.gov.in/website/know-your-standards,2026-09-07
IS/ISO 835 : 2007 ( ISO 835 : 2007),Laboratory Glassware - Graduated Pipettes,,,,,,,,,,,https://standards.bis.gov.in/website/know-your-standards,https://standardsbis.bsbedge.com/,laboratory;glassware;graduated;pipettes,Know Your Standard - Bureau of Indian Standards,https://standards.bis.gov.in/website/know-your-standards,2026-09-07
IS 878 : 2008 ( ISO 4788 : 2005),Laboratory glassware - Graduated measuring cylinders,,,,,,,,,,,https://standards.bis.gov.in/website/know-your-standards,https://standardsbis.bsbedge.com/,laboratory;glassware;graduated;measuring;cylinders,Know Your Standard - Bureau of Indian Standards,https://standards.bis.gov.in/website/know-your-standards,2026-09-07
IS 915 : 2012 ( ISO 1042 : 1998),Laboratory Glassware - One-mark Volumetric Flasks,,,,,,,,,,,https://standards.bis.gov.in/website/know-your-standards,https://standardsbis.bsbedge.com/,laboratory;glassware;one;mark;volumetric;flasks,Know Your Standard - Bureau of Indian Standards,https://standards.bis.gov.in/website/know-your-standards,2026-09-07
IS 1117 : 2018 ( ISO 648 : 2008),Laboratory Glassware — Single-Volume Pipettes ( Second Revision ),,,,,,,,,,,https://standards.bis.gov.in/website/know-your-standards,https://standardsbis.bsbedge.com/,laboratory;glassware;single;volume;pipettes;second;revision,Know Your Standard - Bureau of Indian Standards,https://standards.bis.gov.in/website/know-your-standards,2026-09-07
IS 1381 : Part 1 : 2003 ( ISO 1773 : 1997),Laboratory Glassware - Narrow-Necked Boiling Flasks,,,,,,,,,,,https://standards.bis.gov.in/website/know-your-standards,https://standardsbis.bsbedge.com/,laboratory;glassware;narrow;necked;boiling;flasks,Know Your Standard - Bureau of Indian Standards,https://standards.bis.gov.in/website/know-your-standards,2026-09-07
IS 1381 : Part 2 : 2019 ( ISO 4797 : 2015),Laboratory Glassware — Boiling Flasks Part 2 Boiling Flasks with Conical Ground Joints ( Third Revision ),,,,,,,,,,,https://standards.bis.gov.in/website/know-your-standards,https://standardsbis.bsbedge.com/,laboratory;glassware;boiling;flasks;conical;ground;joints;third;revision,Know Your Standard - Bureau of Indian Standards,https://standards.bis.gov.in/website/know-your-standards,2026-09-07
IS 1382 : 1981,Glossary of terms relating to glass and glassware,,,,,,,,,,,https://standards.bis.gov.in/website/know-your-standards,https://standardsbis.bsbedge.com/,glossary;terms;relating;glass;glassware,Know Your Standard - Bureau of Indian Standards,https://standards.bis.gov.in/website/know-your-standards,2026-09-07
IS 1388 : Part 2 : 2005 ( ISO 4796-2 : 2000),Laboratory Glassware - Bottles : Part 2 Conical Nec Bottles,,,,,,,,,,,https://standards.bis.gov.in/website/know-your-standards,https://standardsbis.bsbedge.com/,laboratory;glassware;bottles;conical;nec,Know Your Standard - Bureau of Indian Standards,https://standards.bis.gov.in/website/know-your-standards,2026-09-07
IS 1388 : Part 3 : 2005 ( ISO 4796-3 : 2000),Laboratory Glassware - Bottles : Part 3 Aspirator Bottles,,,,,,,,,,,https://standards.bis.gov.in/website/know-your-standards,https://standardsbis.bsbedge.com/,laboratory;glassware;bottles;aspirator,Know Your Standard - Bureau of Indian Standards,https://standards.bis.gov.in/website/know-your-standards,2026-09-07
IS 1575 : 2003 ( ISO 4800 : 1998),Laboratory Glassware - Separating Funnels and Dropping Funnels,,,,,,,,,,,https://standards.bis.gov.in/website/know-your-standards,https://standardsbis.bsbedge.com/,laboratory;glassware;separating;funnels;dropping,Know Your Standard - Bureau of Indian Standards,https://standards.bis.gov.in/website/know-your-standards,2026-09-07
IS 1590 : 2018 ( ISO 6556 : 2012),Laboratory Glassware — Glass Filter Flasks — Specification ( Second Revision ),,,,,,,,,,,https://standards.bis.gov.in/website/know-your-standards,https://standardsbis.bsbedge.com/,laboratory;glassware;glass;filter;flasks;second;revision,Know Your Standard - Bureau of Indian Standards,https://standards.bis.gov.in/website/know-your-standards,2026-09-07
IS 1996 : 2003 ( ISO 4785 : 1997),Laboratory Glassware - Straight-Bore Glass Stopcocks for General Purposes,,,,,,,,,,,https://standards.bis.gov.in/website/know-your-standards,https://standardsbis.bsbedge.com/,laboratory;glassware;straight;bore;glass;stopcocks;purposes,Know Your Standard - Bureau of Indian Standards,https://standards.bis.gov.in/website/know-your-standards,2026-09-07
IS 1997 : 2008 ( ISO 385 : 2005),Laboratory Glassware - Burettes,,,,,,,,,,,https://standards.bis.gov.in/website/know-your-standards,https://standardsbis.bsbedge.com/,laboratory;glassware;burettes,Know Your Standard - Bureau of Indian Standards,https://standards.bis.gov.in/website/know-your-standards,2026-09-07
IS 2618 : 2016 ( ISO 4142 : 2002),Laboratory Glassware - Test Tubes (Third Revision),,,,,,,,,,,https://standards.bis.gov.in/website/know-your-standards,https://standardsbis.bsbedge.com/,laboratory;glassware;tubes;third;revision,Know Your Standard - Bureau of Indian Standards,https://standards.bis.gov.in/website/know-your-standards,2026-09-07
IS 2626 : 2015 ( ISO 13132 : 2011),Laboratory Glassware - Petri Dishes ( Second Revision ),,,,,,,,,,,https://standards.bis.gov.in/website/know-your-standards,https://standardsbis.bsbedge.com/,laboratory;glassware;petri;dishes;second;revision,Know Your Standard - Bureau of Indian Standards,https://standards.bis.gov.in/website/know-your-standards,2026-09-07
IS 3740 : 2024,Medical Laboratory Glassware - Glass Tubes for Pathology Work - Specification,,,,,,,,,,,https://standards.bis.gov.in/website/know-your-standards,https://standardsbis.bsbedge.com/,medical;laboratory;glassware;glass;tubes;pathology;work,Know Your Standard - Bureau of Indian Standards,https://standards.bis.gov.in/website/know-your-standards,2026-09-07
IS 4069 : 2024,Medical Laboratory Glassware - Urinometer - Specification,,,,,,,,,,,https://standards.bis.gov.in/website/know-your-standards,https://standardsbis.bsbedge.com/,medical;laboratory;glassware;urinometer,Know Your Standard - Bureau of Indian Standards,https://standards.bis.gov.in/website/know-your-standards,2026-09-07
IS 4087 : 2024,Medical Laboratory Glassware - Pipette for Haemoglobinometer and Blood Pipette for Biochemical Work - Specification,,,,,,,,,,,https://standards.bis.gov.in/website/know-your-standards,https://standardsbis.bsbedge.com/,medical;laboratory;glassware;pipette;haemoglobinometer;blood;biochemical;work,Know Your Standard - Bureau of Indian Standards,https://standards.bis.gov.in/website/know-your-standards,2026-09-07
IS 4364 : 2024,Medical Laboratory Glassware - Serological Pipettes - Specification,,,,,,,,,,,https://standards.bis.gov.in/website/know-your-standards,https://standardsbis.bsbedge.com/,medical;laboratory;glassware;serological;pipettes,Know Your Standard - Bureau of Indian Standards,https://standards.bis.gov.in/website/know-your-standards,2026-09-07
IS 4426 : 2025,Methods of Sampling Laboratory Glassware,,,,,,,,,,,https://standards.bis.gov.in/website/know-your-standards,https://standardsbis.bsbedge.com/,sampling;laboratory;glassware,Know Your Standard - Bureau of Indian Standards,https://standards.bis.gov.in/website/know-your-standards,2026-09-07
IS 4444 : 2024,Medical Laboratory Glassware - Bacteriological Bottles - Specification,,,,,,,,,,,https://standards.bis.gov.in/website/know-your-standards,https://standardsbis.bsbedge.com/,medical;laboratory;glassware;bacteriological;bottles,Know Your Standard - Bureau of Indian Standards,https://standards.bis.gov.in/website/know-your-standards,2026-09-07
IS 4708 : 2024,Medical Laboratory Glassware - Conical Urine Glass - Specification,,,,,,,,,,,https://standards.bis.gov.in/website/know-your-standards,https://standardsbis.bsbedge.com/,medical;laboratory;glassware;conical;urine;glass,Know Your Standard - Bureau of Indian Standards,https://standards.bis.gov.in/website/know-your-standards,2026-09-07
IS 4754 : 2024,Medical Laboratory Glassware - Staining Troughs and Jar - Specification,,,,,,,,,,,https://standards.bis.gov.in/website/know-your-standards,https://standardsbis.bsbedge.com/,medical;laboratory;glassware;staining;troughs;jar,Know Your Standard - Bureau of Indian Standards,https://standards.bis.gov.in/website/know-your-standards,2026-09-07
IS/ISO 4787 : 2010 ( ISO 4787 : 2010),Laboratory Glassware - Volumetric Instruments - Methods for Testing of Capacity and for Use,,,,,,,,,,,https://standards.bis.gov.in/website/know-your-standards,https://standardsbis.bsbedge.com/,laboratory;glassware;volumetric;instruments;testing;capacity;use,Know Your Standard - Bureau of Indian Standards,https://standards.bis.gov.in/website/know-your-standards,2026-09-07
IS 4006 : Part 1 : 2024,"Paper and Pulp Based Packaging Materials - Methods of Test - Part 1 Flexural Resistance and Deflection, Waterproofness, Water Penetration, Grease Resistance, Abrasion Loss, Blocking Resistance, Compression Resistance and Rigidity, Stiffness and Softness",,,,,,,,,,,https://standards.bis.gov.in/website/know-your-standards,https://standardsbis.bsbedge.com/,paper;pulp;based;packaging;materials;flexural;resistance;deflection;waterproofness;water;penetration;grease,Know Your Standard - Bureau of Indian Standards,https://standards.bis.gov.in/website/know-your-standards,2026-09-07
IS 4006 : Part 2 : 2024,"Paper and Pulp Based Packaging Materials - Methods of Test - Part 2 Odour, Ply Separation, Puncture and Reducible Sulphur",,,,,,,,,,,https://standards.bis.gov.in/website/know-your-standards,https://standardsbis.bsbedge.com/,paper;pulp;based;packaging;materials;odour;ply;separation;puncture;reducible;sulphur,Know Your Standard - Bureau of Indian Standards,https://standards.bis.gov.in/website/know-your-standards,2026-09-07
IS 4006 : Part 3 : 2024,"Paper and Pulp Based Packaging Materials - Methods of Test - Part 3 Arsenic, Total Copper, Total Iron, Water Soluble Copper and Water Soluble Iron",,,,,,,,,,,https://standards.bis.gov.in/website/know-your-standards,https://standardsbis.bsbedge.com/,paper;pulp;based;packaging;materials;arsenic;total;copper;iron;water;soluble,Know Your Standard - Bureau of Indian Standards,https://standards.bis.gov.in/website/know-your-standards,2026-09-07
IS 4261 : 2001,Glossary of Terms Relating to Paper- and Pulp-based Packaging Materials,,,,,,,,,,,https://standards.bis.gov.in/website/know-your-standards,https://standardsbis.bsbedge.com/,glossary;terms;relating;paper;pulp;based;packaging;materials,Know Your Standard - Bureau of Indian Standards,https://standards.bis.gov.in/website/know-your-standards,2026-09-07
IS 1638 : 1969,Sizes and Fitting of Footwear,,,,,,,,,,,https://standards.bis.gov.in/website/know-your-standards,https://standardsbis.bsbedge.com/,sizes;fitting;footwear,Know Your Standard - Bureau of Indian Standards,https://standards.bis.gov.in/website/know-your-standards,2026-09-07
IS 2050 : 1991,Glossary of terms relating to footwear,,,,,,,,,,,https://standards.bis.gov.in/website/know-your-standards,https://standardsbis.bsbedge.com/,glossary;terms;relating;footwear,Know Your Standard - Bureau of Indian Standards,https://standards.bis.gov.in/website/know-your-standards,2026-09-07
IS 2051 : 1976,Method for Sampling of Leather Footwear,,,,,,,,,,,https://standards.bis.gov.in/website/know-your-standards,https://standardsbis.bsbedge.com/,sampling;leather;footwear,Know Your Standard - Bureau of Indian Standards,https://standards.bis.gov.in/website/know-your-standards,2026-09-07
IS 4512 : 1978,"Footwear Lasts, Wooden",,,,,,,,,,,https://standards.bis.gov.in/website/know-your-standards,https://standardsbis.bsbedge.com/,footwear;lasts;wooden,Know Your Standard - Bureau of Indian Standards,https://standards.bis.gov.in/website/know-your-standards,2026-09-07
IS 4663 : 1968,"Permanent Rubber-based Adhesives for Footwear Industry (Incorporated Amendement No. 1, 2 & 3)",,,,,,,,,,,https://standards.bis.gov.in/website/know-your-standards,https://standardsbis.bsbedge.com/,permanent;rubber;based;adhesives;footwear;industry;incorporated;amendement,Know Your Standard - Bureau of Indian Standards,https://standards.bis.gov.in/website/know-your-standards,2026-09-07
IS 4778 : 2024,Textiles-Cotton Laces for Footwear-Specification,,,,,,,,,,,https://standards.bis.gov.in/website/know-your-standards,https://standardsbis.bsbedge.com/,textiles;cotton;laces;footwear,Know Your Standard - Bureau of Indian Standards,https://standards.bis.gov.in/website/know-your-standards,2026-09-07
IS 5041 : 1978,Specification for Footwear and Stationery Eyelets ( First Revision ),,,,,,,,,,,https://standards.bis.gov.in/website/know-your-standards,https://standardsbis.bsbedge.com/,footwear;stationery;eyelets;first;revision,Know Your Standard - Bureau of Indian Standards,https://standards.bis.gov.in/website/know-your-standards,2026-09-07
IS 5852 : 2004,Protective Steel Toe Caps for Footwear,,,,,,,,,,,https://standards.bis.gov.in/website/know-your-standards,https://standardsbis.bsbedge.com/,protective;steel;toe;caps;footwear,Know Your Standard - Bureau of Indian Standards,https://standards.bis.gov.in/website/know-your-standards,2026-09-07
IS 5865 : 1970,Wooden heels for women's and girl's footwear,,,,,,,,,,,https://standards.bis.gov.in/website/know-your-standards,https://standardsbis.bsbedge.com/,wooden;heels;women;girl;footwear,Know Your Standard - Bureau of Indian Standards,https://standards.bis.gov.in/website/know-your-standards,2026-09-07
IS 5867 : 2026,Leather Board for Footwear Insole - Specification,,,,,,,,,,,https://standards.bis.gov.in/website/know-your-standards,https://standardsbis.bsbedge.com/,leather;board;footwear;insole,Know Your Standard - Bureau of Indian Standards,https://standards.bis.gov.in/website/know-your-standards,2026-09-07
IS 6368 : 1971,Method for sampling of rubber and rubber combination footwear,,,,,,,,,,,https://standards.bis.gov.in/website/know-your-standards,https://standardsbis.bsbedge.com/,sampling;rubber;combination;footwear,Know Your Standard - Bureau of Indian Standards,https://standards.bis.gov.in/website/know-your-standards,2026-09-07
IS 6502 : 1971,Size Stick For Footwear Industry,,,,,,,,,,,https://standards.bis.gov.in/website/know-your-standards,https://standardsbis.bsbedge.com/,size;stick;footwear;industry,Know Your Standard - Bureau of Indian Standards,https://standards.bis.gov.in/website/know-your-standards,2026-09-07
IS 6519 : 2021,CODE OF PRACTICE FOR SELECTION CARE AND REPAIR OF SAFETY PROTECTIVE AND OCCUPATIONAL FOOTWEAR First Revision,,,,,,,,,,,https://standards.bis.gov.in/website/know-your-standards,https://standardsbis.bsbedge.com/,selection;care;repair;safety;protective;occupational;footwear;first;revision,Know Your Standard - Bureau of Indian Standards,https://standards.bis.gov.in/website/know-your-standards,2026-09-07
IS 7721 : 1986,Chrome tanned leather laces for heavy duty footwear,,,,,,,,,,,https://standards.bis.gov.in/website/know-your-standards,https://standardsbis.bsbedge.com/,chrome;tanned;leather;laces;heavy;duty;footwear,Know Your Standard - Bureau of Indian Standards,https://standards.bis.gov.in/website/know-your-standards,2026-09-07
IS 8060 : 2025,Heel-Tip and Toe-Tip with Nails for Footwear - Specification,,,,,,,,,,,https://standards.bis.gov.in/website/know-your-standards,https://standardsbis.bsbedge.com/,heel;tip;toe;nails;footwear,Know Your Standard - Bureau of Indian Standards,https://standards.bis.gov.in/website/know-your-standards,2026-09-07
IS 8085 : Part 1 : 1986,"Footwear, method of test: Part 1 Dimensions, fitting, adhesion test, peel test, heat resistance test and ageing test",,,,,,,,,,,https://standards.bis.gov.in/website/know-your-standards,https://standardsbis.bsbedge.com/,footwear;dimensions;fitting;adhesion;peel;heat;resistance;ageing,Know Your Standard - Bureau of Indian Standards,https://standards.bis.gov.in/website/know-your-standards,2026-09-07
IS 8085 : Part 2 : 1999,"Methods of Test for Footwear : Part 2 Footwear Performance Test, Stiffness Test for Shanks, Lastometer Test for Cracking of Uppers; and Performance Test for Upper Fabrics, Coated Fabrics, Sock Lining and Other Lining Materials",,,,,,,,,,,https://standards.bis.gov.in/website/know-your-standards,https://standardsbis.bsbedge.com/,footwear;performance;stiffness;shanks;lastometer;cracking;uppers;upper;fabrics;coated;sock;lining,Know Your Standard - Bureau of Indian Standards,https://standards.bis.gov.in/website/know-your-standards,2026-09-07
IS 8085 : Part 3 : 2021 ( ISO 17708 : 2018),Methods of Test for Footwear Part 3 Upper Sole Adhesion,,,,,,,,,,,https://standards.bis.gov.in/website/know-your-standards,https://standardsbis.bsbedge.com/,footwear;upper;sole;adhesion,Know Your Standard - Bureau of Indian Standards,https://standards.bis.gov.in/website/know-your-standards,2026-09-07
IS 101 : Part 1 : Sec 2 : 2023 ( ISO 1513 : 2010),"Methods Of Sampling And Test For Paints, Varnishes And Related Products - Part 1 Test On Liquid Paints (General And Physical) Section 2 Preliminary Examination And Preparation Of Samples For Testing",,,,,,,,,,,https://standards.bis.gov.in/website/know-your-standards,https://standardsbis.bsbedge.com/,sampling;paints;varnishes;related;products;liquid;physical;section;preliminary;examination;preparation;samples,Know Your Standard - Bureau of Indian Standards,https://standards.bis.gov.in/website/know-your-standards,2026-09-07
"IS 101 : Part 1 : Sec 5 (Active,Concurrent Running) : 1989","Methods Of Sampling And Test For Paints, Varnishes And Related Products Part 1 Tests On Liquid Paints (general And Physical) Sec 5 Consistency",,,,,,,,,,,https://standards.bis.gov.in/website/know-your-standards,https://standardsbis.bsbedge.com/,sampling;paints;varnishes;related;products;liquid;physical;sec;consistency,Know Your Standard - Bureau of Indian Standards,https://standards.bis.gov.in/website/know-your-standards,2026-09-07
IS 101 : Part 1 : Sec 6 : 1987,"Methods Of Sampling And Test For Paints, Varnishes And Related Products Part 1 Test On Liquid Paints (general And Physical) Sec 6 Flash Point",,,,,,,,,,,https://standards.bis.gov.in/website/know-your-standards,https://standardsbis.bsbedge.com/,sampling;paints;varnishes;related;products;liquid;physical;sec;flash;point,Know Your Standard - Bureau of Indian Standards,https://standards.bis.gov.in/website/know-your-standards,2026-09-07
IS 101 : Part 2 : Sec 1 : 2018,"Methods of Sampling and Test for Paints, Varnishes and Related Products Part 2 Test on Liquid Paints (Chemical Examination) Section 1 Water Content ( Fourth Revision )",,,,,,,,,,,https://standards.bis.gov.in/website/know-your-standards,https://standardsbis.bsbedge.com/,sampling;paints;varnishes;related;products;liquid;chemical;examination;section;water;content;fourth,Know Your Standard - Bureau of Indian Standards,https://standards.bis.gov.in/website/know-your-standards,2026-09-07
IS 101 : Part 2 : Sec 3 : 2015 ( ISO 11890-1 : 2007),"Methods of Sampling and Test for Paints, Varnishes and Related Products Part 2 Test on Liquid Paints (Chemical Examination) Sec 3 Determination of Volatile Organic Compound (VOC) Content - Difference Method",,,,,,,,,,,https://standards.bis.gov.in/website/know-your-standards,https://standardsbis.bsbedge.com/,sampling;paints;varnishes;related;products;liquid;chemical;examination;sec;determination;volatile;organic,Know Your Standard - Bureau of Indian Standards,https://standards.bis.gov.in/website/know-your-standards,2026-09-07
IS 101 : Part 2 : Sec 5 : 2017 ( ISO 17895 : 2005),"Methods of Sampling and Test for Paints, Varnishes and Related Products Part 2 Test on Liquid Paints (Chemical Examination) Section 5 Determination of Volatile Organic Compound Content of Low-VOC Emulsion Paints (In-Can VOC)",,,,,,,,,,,https://standards.bis.gov.in/website/know-your-standards,https://standardsbis.bsbedge.com/,sampling;paints;varnishes;related;products;liquid;chemical;examination;section;determination;volatile;organic,Know Your Standard - Bureau of Indian Standards,https://standards.bis.gov.in/website/know-your-standards,2026-09-07
IS 101 : Part 2 : Sec 4 : 2022 ( ISO 11890-2 : 2020),"Method of Sampling and Test for Paints, Varnishes and Related Products - Part 2 Test on Liquid Paints ( Chemical Examination ) - Section 4 Determination of volatile organic compound ( VOC ) and/or semi volatile organic compounds ( SVOC ) content-Gas chrom",,,,,,,,,,,https://standards.bis.gov.in/website/know-your-standards,https://standardsbis.bsbedge.com/,sampling;paints;varnishes;related;products;liquid;chemical;examination;section;determination;volatile;organic,Know Your Standard - Bureau of Indian Standards,https://standards.bis.gov.in/website/know-your-standards,2026-09-07
IS 101 : Part 3 : Sec 1 - (Active) : 1986,"Methods of Sampling and Test for Paints, Varnishes and Related Products - Part 3 Tests on Paint Film Formation - Section 1 Drying Time (Third Revision) - (Vaild upto 14 November 2026)",,,,,,,,,,,https://standards.bis.gov.in/website/know-your-standards,https://standardsbis.bsbedge.com/,sampling;paints;varnishes;related;products;paint;film;formation;section;drying;time;third,Know Your Standard - Bureau of Indian Standards,https://standards.bis.gov.in/website/know-your-standards,2026-09-07
IS 101 : Part 3 : Sec 4 : 1987,"Methods Of Sampling And Test For Paints, Varnishes And Related Products Part 3 Tests On Paint Film Formation Sec 4 Finish",,,,,,,,,,,https://standards.bis.gov.in/website/know-your-standards,https://standardsbis.bsbedge.com/,sampling;paints;varnishes;related;products;paint;film;formation;sec;finish,Know Your Standard - Bureau of Indian Standards,https://standards.bis.gov.in/website/know-your-standards,2026-09-07
IS 101 : Part 4 : Sec 3 : 1988,"Methods of Sampling and Test for Paints, Varnishes and Related Products - Part 4 : Optical Tests - Section 3 : Light Fastness Test",,,,,,,,,,,https://standards.bis.gov.in/website/know-your-standards,https://standardsbis.bsbedge.com/,sampling;paints;varnishes;related;products;optical;section;light;fastness,Know Your Standard - Bureau of Indian Standards,https://standards.bis.gov.in/website/know-your-standards,2026-09-07
IS 101 : Part 4 : Sec 4 : 2020 ( ISO 2813 : 2014),"Methods of Sampling and Test for Paints, Varnishes and Related Products Part 4 Optical Test Section 4 Gloss â€” Determination of gloss value at 20Â°, 60Â° and 85Â° ( Fourth Revision )",,,,,,,,,,,https://standards.bis.gov.in/website/know-your-standards,https://standardsbis.bsbedge.com/,sampling;paints;varnishes;related;products;optical;section;gloss;determination;value;fourth;revision,Know Your Standard - Bureau of Indian Standards,https://standards.bis.gov.in/website/know-your-standards,2026-09-07
IS 101 : Part 5 : Sec 1 - (Active) : 1988,"Methods of sampling and test for paints, varnishes and related products Part 5 Mechanical test on paint films Sec 1 Hardness tests - (Vaild upto 02 December 2026)",,,,,,,,,,,https://standards.bis.gov.in/website/know-your-standards,https://standardsbis.bsbedge.com/,sampling;paints;varnishes;related;products;mechanical;paint;films;sec;hardness;vaild;upto,Know Your Standard - Bureau of Indian Standards,https://standards.bis.gov.in/website/know-your-standards,2026-09-07
IS 101 : Part 5 : Sec 2 : 1988,"Methods of sampling and test for paints, varnishes and related products part 5 Mechanical test on paint films Sec 2 Flexibility and adhesion",,,,,,,,,,,https://standards.bis.gov.in/website/know-your-standards,https://standardsbis.bsbedge.com/,sampling;paints;varnishes;related;products;mechanical;paint;films;sec;flexibility;adhesion,Know Your Standard - Bureau of Indian Standards,https://standards.bis.gov.in/website/know-your-standards,2026-09-07
IS 101 : Part 5 : Sec 3 : 2019 ( ISO 6272-1 : 2011),"Methods of Sampling and Test for Paints, Varnishes and Related Products Part 5 Mechanical Tests Section 3 Impact resistance — Falling-weight test, large-area indenter ( Fifth Revision )",,,,,,,,,,,https://standards.bis.gov.in/website/know-your-standards,https://standardsbis.bsbedge.com/,sampling;paints;varnishes;related;products;mechanical;section;impact;resistance;falling;weight;large,Know Your Standard - Bureau of Indian Standards,https://standards.bis.gov.in/website/know-your-standards,2026-09-07
IS 101 : Part 5 : Sec 4 - (Active) : 1988,"Methods of Sampling and Test for Paints, Varnishes and Related Products - Part 5 Mechanical Tests - Section 4 Print Free Test (Third Revision) - (Vaild upto 14 November 2026)",,,,,,,,,,,https://standards.bis.gov.in/website/know-your-standards,https://standardsbis.bsbedge.com/,sampling;paints;varnishes;related;products;mechanical;section;print;free;third;revision;vaild,Know Your Standard - Bureau of Indian Standards,https://standards.bis.gov.in/website/know-your-standards,2026-09-07
IS 101 : Part 5 : Sec 5 : 2019 ( ISO 6272-2 : 2011),"Methods of Sampling and Test for Paints, Varnishes and Related Products Part 5 Mechanical Tests Section 5 Impact resistance — Falling-weight test, small-area indenter",,,,,,,,,,,https://standards.bis.gov.in/website/know-your-standards,https://standardsbis.bsbedge.com/,sampling;paints;varnishes;related;products;mechanical;section;impact;resistance;falling;weight;small,Know Your Standard - Bureau of Indian Standards,https://standards.bis.gov.in/website/know-your-standards,2026-09-07
IS 101 : Part 6 : Sec 1 : 1988,"Methods of sampling and test for paints, varnishes and related products - Part 6 : Durability tests - Section 1 : Resistance to humidity under conditions of condensation",,,,,,,,,,,https://standards.bis.gov.in/website/know-your-standards,https://standardsbis.bsbedge.com/,sampling;paints;varnishes;related;products;durability;section;resistance;humidity;under;conditions;condensation,Know Your Standard - Bureau of Indian Standards,https://standards.bis.gov.in/website/know-your-standards,2026-09-07
IS 101 : Part 6 : Sec 2 : 1989,"Methods of sampling and test for paints, varnishes and related products Part 6 Durability tests on paint films Sec 2 Keeping properties",,,,,,,,,,,https://standards.bis.gov.in/website/know-your-standards,https://standardsbis.bsbedge.com/,sampling;paints;varnishes;related;products;durability;paint;films;sec;keeping;properties,Know Your Standard - Bureau of Indian Standards,https://standards.bis.gov.in/website/know-your-standards,2026-09-07
IS 101 : Part 6 : Sec 3 : 1990,"Methods of sampling and test for paints, varnishes and related products Part 6 Durability tests on paint films Sec 3 Moisture vapour permeability",,,,,,,,,,,https://standards.bis.gov.in/website/know-your-standards,https://standardsbis.bsbedge.com/,sampling;paints;varnishes;related;products;durability;paint;films;sec;moisture;vapour;permeability,Know Your Standard - Bureau of Indian Standards,https://standards.bis.gov.in/website/know-your-standards,2026-09-07
IS 101 : Part 6 : Sec 4 : 1991,"Methods of sampling and test for paints, varnishes and related products Part 6 Durability tests on paint films Sec 4 Degradation of coatings (pictorial aids for evaluation)",,,,,,,,,,,https://standards.bis.gov.in/website/know-your-standards,https://standardsbis.bsbedge.com/,sampling;paints;varnishes;related;products;durability;paint;films;sec;degradation;coatings;pictorial,Know Your Standard - Bureau of Indian Standards,https://standards.bis.gov.in/website/know-your-standards,2026-09-07
IS 101 : Part 6 : Sec 5 : 1997,"Method of sampling and test for paints, varnishes and related products Part 6 Durability test on Paint films section 5 Accelerated weathering test",,,,,,,,,,,https://standards.bis.gov.in/website/know-your-standards,https://standardsbis.bsbedge.com/,sampling;paints;varnishes;related;products;durability;paint;films;section;accelerated;weathering,Know Your Standard - Bureau of Indian Standards,https://standards.bis.gov.in/website/know-your-standards,2026-09-07
IS 101 : Part 7 : Sec 1 : 1989,"Methods of Sampling and Test for Paints, Varnishes and Related Products - Part 7 : Environmental Tests on Paint Films - Section 1 : Resistance to water",,,,,,,,,,,https://standards.bis.gov.in/website/know-your-standards,https://standardsbis.bsbedge.com/,sampling;paints;varnishes;related;products;environmental;paint;films;section;resistance;water,Know Your Standard - Bureau of Indian Standards,https://standards.bis.gov.in/website/know-your-standards,2026-09-07
IS 101 : Part 7 : Sec 2 : 1990,"Methods of sampling and test for paints, varnishes and related products part 7 Environmental tests on paint films Sec 2 Resistance to liquids",,,,,,,,,,,https://standards.bis.gov.in/website/know-your-standards,https://standardsbis.bsbedge.com/,sampling;paints;varnishes;related;products;environmental;paint;films;sec;resistance;liquids,Know Your Standard - Bureau of Indian Standards,https://standards.bis.gov.in/website/know-your-standards,2026-09-07
IS 101 : Part 7 : Sec 3 : 2020 ( ISO 3240 : 2016),"Methods of Sampling and Test for Paints, Varnishes and Related Products Part 7 Environmental Tests on Paint Films Section 3 Determination of the effect of heat ( Fourth Revision )",,,,,,,,,,,https://standards.bis.gov.in/website/know-your-standards,https://standardsbis.bsbedge.com/,sampling;paints;varnishes;related;products;environmental;paint;films;section;determination;effect;heat,Know Your Standard - Bureau of Indian Standards,https://standards.bis.gov.in/website/know-your-standards,2026-09-07
IS 101 : Part 8 : Sec 1 : 1989,"Methods of sampling and test for paints, varnishes and related products Part 8 Tests for pigments and other solids Sec 1 Residue on sieve",,,,,,,,,,,https://standards.bis.gov.in/website/know-your-standards,https://standardsbis.bsbedge.com/,sampling;paints;varnishes;related;products;pigments;other;solids;sec;residue;sieve,Know Your Standard - Bureau of Indian Standards,https://standards.bis.gov.in/website/know-your-standards,2026-09-07
IS 5060 : 2024,Brushware Industry - Glossary of Terms,,,,,,,,,,,https://standards.bis.gov.in/website/know-your-standards,https://standardsbis.bsbedge.com/,brushware;industry;glossary;terms,Know Your Standard - Bureau of Indian Standards,https://standards.bis.gov.in/website/know-your-standards,2026-09-07
IS 661 : 2019,Thermal Insulation of Cold Storage — Code of Practice ( Fourth Revision ),,,,,,,,,,,https://standards.bis.gov.in/website/know-your-standards,https://standardsbis.bsbedge.com/,thermal;insulation;cold;storage;fourth;revision,Know Your Standard - Bureau of Indian Standards,https://standards.bis.gov.in/website/know-your-standards,2026-09-07
IS 3069 : 2020,"Glossary of Terms, Symbols and Units Relating to Thermal Insulation Materials ( Second Revision )",,,,,,,,,,,https://standards.bis.gov.in/website/know-your-standards,https://standardsbis.bsbedge.com/,glossary;terms;symbols;units;relating;thermal;insulation;materials;second;revision,Know Your Standard - Bureau of Indian Standards,https://standards.bis.gov.in/website/know-your-standards,2026-09-07
IS 3144 : 2024,Mineral Wool Thermal Insulation Materials-Methods of Test,,,,,,,,,,,https://standards.bis.gov.in/website/know-your-standards,https://standardsbis.bsbedge.com/,mineral;wool;thermal;insulation;materials,Know Your Standard - Bureau of Indian Standards,https://standards.bis.gov.in/website/know-your-standards,2026-09-07
IS 3346 : 2026,Method for the Determination of Thermal Conductivity of Thermal Insulation Materials (Guarded Hot - Plate Method),,,,,,,,,,,https://standards.bis.gov.in/website/know-your-standards,https://standardsbis.bsbedge.com/,determination;thermal;conductivity;insulation;materials;guarded;hot;plate,Know Your Standard - Bureau of Indian Standards,https://standards.bis.gov.in/website/know-your-standards,2026-09-07
IS 3346 - (Active) : 1980,Method of the determination of thermal conductivity of thermal insulation materials (two slab guarded hot plate method)) - (Vaild upto 09 January 2027),,,,,,,,,,,https://standards.bis.gov.in/website/know-your-standards,https://standardsbis.bsbedge.com/,determination;thermal;conductivity;insulation;materials;two;slab;guarded;hot;plate;vaild;upto,Know Your Standard - Bureau of Indian Standards,https://standards.bis.gov.in/website/know-your-standards,2026-09-07
IS 3677 : 2026,Unbonded Rock and Slag Wool for Thermal Insulation - Specification,,,,,,,,,,,https://standards.bis.gov.in/website/know-your-standards,https://standardsbis.bsbedge.com/,unbonded;rock;slag;wool;thermal;insulation,Know Your Standard - Bureau of Indian Standards,https://standards.bis.gov.in/website/know-your-standards,2026-09-07
IS 3690 : 1974,Unbonded Glass Wool For Thermal Insulation,,,,,,,,,,,https://standards.bis.gov.in/website/know-your-standards,https://standardsbis.bsbedge.com/,unbonded;glass;wool;thermal;insulation,Know Your Standard - Bureau of Indian Standards,https://standards.bis.gov.in/website/know-your-standards,2026-09-07
IS 4671 : 2018,Expanded Polystyrene for Thermal Insulation Purposes - Specification,,,,,,,,,,,https://standards.bis.gov.in/website/know-your-standards,https://standardsbis.bsbedge.com/,expanded;polystyrene;thermal;insulation;purposes,Know Your Standard - Bureau of Indian Standards,https://standards.bis.gov.in/website/know-your-standards,2026-09-07
IS 5688 : 1982,Methods of test for preformed block-type and pipe covering type thermal insulation,,,,,,,,,,,https://standards.bis.gov.in/website/know-your-standards,https://standardsbis.bsbedge.com/,preformed;block;type;pipe;covering;thermal;insulation,Know Your Standard - Bureau of Indian Standards,https://standards.bis.gov.in/website/know-your-standards,2026-09-07
IS 6598 : 2018,Cellular Concrete for Thermal Insulation - Specification (First Revision),,,,,,,,,,,https://standards.bis.gov.in/website/know-your-standards,https://standardsbis.bsbedge.com/,cellular;concrete;thermal;insulation;first;revision,Know Your Standard - Bureau of Indian Standards,https://standards.bis.gov.in/website/know-your-standards,2026-09-07
IS 9490 : 2018,Method for Determination of Thermal Conductivity of Thermal Insulation Materials (Water Calorimeter Method) ( First Revision ),,,,,,,,,,,https://standards.bis.gov.in/website/know-your-standards,https://standardsbis.bsbedge.com/,determination;thermal;conductivity;insulation;materials;water;calorimeter;first;revision,Know Your Standard - Bureau of Indian Standards,https://standards.bis.gov.in/website/know-your-standards,2026-09-07
"IS 9742 (Active,Concurrent Running) : 1993",Sprayed mineral wool thermal insulation,,,,,,,,,,,https://standards.bis.gov.in/website/know-your-standards,https://standardsbis.bsbedge.com/,sprayed;mineral;wool;thermal;insulation,Know Your Standard - Bureau of Indian Standards,https://standards.bis.gov.in/website/know-your-standards,2026-09-07
IS 9742 : 2024,Sprayed Mineral Wool Thermal Insulation - Specification,,,,,,,,,,,https://standards.bis.gov.in/website/know-your-standards,https://standardsbis.bsbedge.com/,sprayed;mineral;wool;thermal;insulation,Know Your Standard - Bureau of Indian Standards,https://standards.bis.gov.in/website/know-your-standards,2026-09-07
IS 9743 : 2020,Thermal Insulation Finishing Cement — Specification ( Second Revision ),,,,,,,,,,,https://standards.bis.gov.in/website/know-your-standards,https://standardsbis.bsbedge.com/,thermal;insulation;finishing;cement;second;revision,Know Your Standard - Bureau of Indian Standards,https://standards.bis.gov.in/website/know-your-standards,2026-09-07
IS 10556 : 2014,Code of Practice for Storage and Handling of Thermal Insulation Materials,,,,,,,,,,,https://standards.bis.gov.in/website/know-your-standards,https://standardsbis.bsbedge.com/,storage;handling;thermal;insulation;materials,Know Your Standard - Bureau of Indian Standards,https://standards.bis.gov.in/website/know-your-standards,2026-09-07
IS 10810 : Part 60 : 1988,Methods of test for cables: Part 60 Thermal stability of PVC insulation and sheath,,,,,,,,,,,https://standards.bis.gov.in/website/know-your-standards,https://standardsbis.bsbedge.com/,cables;thermal;stability;pvc;insulation;sheath,Know Your Standard - Bureau of Indian Standards,https://standards.bis.gov.in/website/know-your-standards,2026-09-07
IS 11128 : 2018,Spray-Applied Hydrated Calcium Silicate Thermal Insulation - Specification,,,,,,,,,,,https://standards.bis.gov.in/website/know-your-standards,https://standardsbis.bsbedge.com/,spray;applied;hydrated;calcium;silicate;thermal;insulation,Know Your Standard - Bureau of Indian Standards,https://standards.bis.gov.in/website/know-your-standards,2026-09-07
IS 11129 : 2018,Method of Test for Tumbling Friability of Preformed Block-Type Thermal Insulation (First Revision),,,,,,,,,,,https://standards.bis.gov.in/website/know-your-standards,https://standardsbis.bsbedge.com/,tumbling;friability;preformed;block;type;thermal;insulation;first;revision,Know Your Standard - Bureau of Indian Standards,https://standards.bis.gov.in/website/know-your-standards,2026-09-07
IS 11239 : PART 1 : 1985 ( ISO 1923 : 1981),Methods of Test for Rigid Cellular Thermal Insulation Materials : Part 1 Dimensions,,,,,,,,,,,https://standards.bis.gov.in/website/know-your-standards,https://standardsbis.bsbedge.com/,rigid;cellular;thermal;insulation;materials;dimensions,Know Your Standard - Bureau of Indian Standards,https://standards.bis.gov.in/website/know-your-standards,2026-09-07
IS 11239 : Part 2 : 2019 ( ISO 845 : 2006),Method of Test for Rigid Cellular Thermal Insulation Materials Part 2 Apparent Density ( Second Revision ),,,,,,,,,,,https://standards.bis.gov.in/website/know-your-standards,https://standardsbis.bsbedge.com/,rigid;cellular;thermal;insulation;materials;apparent;density;second;revision,Know Your Standard - Bureau of Indian Standards,https://standards.bis.gov.in/website/know-your-standards,2026-09-07
IS 11239 : Part 3 : 2009 ( ISO 2796 : 1986),Methods of Test for Rigid Cellular Thermal Insulation Materials - Part 3 : Dimensional Stability,,,,,,,,,,,https://standards.bis.gov.in/website/know-your-standards,https://standardsbis.bsbedge.com/,rigid;cellular;thermal;insulation;materials;dimensional;stability,Know Your Standard - Bureau of Indian Standards,https://standards.bis.gov.in/website/know-your-standards,2026-09-07
IS 11239 : Part 4 : 2025 ( ISO 1663 : 2023),Method of Test for Rigid Cellular Thermal Insulation Materials - Part 4 Water Vapour Transmission Rate,,,,,,,,,,,https://standards.bis.gov.in/website/know-your-standards,https://standardsbis.bsbedge.com/,rigid;cellular;thermal;insulation;materials;water;vapour;transmission;rate,Know Your Standard - Bureau of Indian Standards,https://standards.bis.gov.in/website/know-your-standards,2026-09-07
IS 11239 : Part 5 : 2019 ( ISO 4590 : 2016),Method of Test for Rigid Cellular Thermal Insulation Materials Part 5 Volume Percent of Open and Closed Cells ( Second Revision ),,,,,,,,,,,https://standards.bis.gov.in/website/know-your-standards,https://standardsbis.bsbedge.com/,rigid;cellular;thermal;insulation;materials;volume;percent;open;closed;cells;second;revision,Know Your Standard - Bureau of Indian Standards,https://standards.bis.gov.in/website/know-your-standards,2026-09-07
IS 11239 : Part 6 : 1985,Methods of Test for Rigid Cellular Thermal Insulation Materials - Part 6 : Heat Distortion Temperature,,,,,,,,,,,https://standards.bis.gov.in/website/know-your-standards,https://standardsbis.bsbedge.com/,rigid;cellular;thermal;insulation;materials;heat;distortion;temperature,Know Your Standard - Bureau of Indian Standards,https://standards.bis.gov.in/website/know-your-standards,2026-09-07
IS 11239 : Part 7 : 1985,Methods of Test for Rigid Cellular Thermal Insulation Materials - Part 7 : Coefficient of Linear Thermal Expansion at Low Temperatures,,,,,,,,,,,https://standards.bis.gov.in/website/know-your-standards,https://standardsbis.bsbedge.com/,rigid;cellular;thermal;insulation;materials;coefficient;linear;expansion;low;temperatures,Know Your Standard - Bureau of Indian Standards,https://standards.bis.gov.in/website/know-your-standards,2026-09-07
IS 17328 : Part 4 : 2021 ( ISO 8299  :2019),NUCLEAR FUEL TECHNOLOGY DETERMINATION OF URANIUM PART 4 DETERMINATION OF THE ISOTOPIC AND ELEMENTAL URANIUM AND PLUTONIUM CONCENTRATIONS OF NUCLEAR MATERIALS IN NITRIC ACID SOLUTIONS BY THERMAL-IONIZATION MASS SPECTROMETRY,,,,,,,,,,,https://standards.bis.gov.in/website/know-your-standards,https://standardsbis.bsbedge.com/,nuclear;fuel;technology;determination;uranium;isotopic;elemental;plutonium;concentrations;materials;nitric;acid,Know Your Standard - Bureau of Indian Standards,https://standards.bis.gov.in/website/know-your-standards,2026-09-07
IS 9234 : Part 1 : 2021,METHODS OF SAMPLING AND TEST FOR SOLID WASTE PART 1 - PREPARATION OF SAMPLES FOR ANALYSIS,,,,,,,,,,,https://standards.bis.gov.in/website/know-your-standards,https://standardsbis.bsbedge.com/,sampling;solid;waste;preparation;samples;analysis,Know Your Standard - Bureau of Indian Standards,https://standards.bis.gov.in/website/know-your-standards,2026-09-07
IS 9234 : Part 2 : 2021,METHODS OF SAMPLING AND TEST FOR SOLID WASTE PART 2-DETERMINATION OF MOISTURE CONTENT (EXCLUDING INDUSTRIAL SOLID WASTES),,,,,,,,,,,https://standards.bis.gov.in/website/know-your-standards,https://standardsbis.bsbedge.com/,sampling;solid;waste;determination;moisture;content;excluding;industrial;wastes,Know Your Standard - Bureau of Indian Standards,https://standards.bis.gov.in/website/know-your-standards,2026-09-07
IS 9234 : Part 3 : 2023,Methods Of Sampling And Test For Solid Waste Part 3 Chemical Analysis,,,,,,,,,,,https://standards.bis.gov.in/website/know-your-standards,https://standardsbis.bsbedge.com/,sampling;solid;waste;chemical;analysis,Know Your Standard - Bureau of Indian Standards,https://standards.bis.gov.in/website/know-your-standards,2026-09-07
IS 9235 : 1979,Physical Analysis and Determination of Moisture in Solid Wastes (Excluding Industrial Solid wastes),,,,,,,,,,,https://standards.bis.gov.in/website/know-your-standards,https://standardsbis.bsbedge.com/,physical;analysis;determination;moisture;solid;wastes;excluding;industrial,Know Your Standard - Bureau of Indian Standards,https://standards.bis.gov.in/website/know-your-standards,2026-09-07
IS 9533 : 1980,Guidelines for selection of methods of urban solid wastes disposal,,,,,,,,,,,https://standards.bis.gov.in/website/know-your-standards,https://standardsbis.bsbedge.com/,guidelines;selection;urban;solid;wastes;disposal,Know Your Standard - Bureau of Indian Standards,https://standards.bis.gov.in/website/know-your-standards,2026-09-07
IS 9569 : 2022,Solid Waste Management-Glossary,,,,,,,,,,,https://standards.bis.gov.in/website/know-your-standards,https://standardsbis.bsbedge.com/,solid;waste;management;glossary,Know Your Standard - Bureau of Indian Standards,https://standards.bis.gov.in/website/know-your-standards,2026-09-07
IS 9622 : 1980,Guide for management of solid wastes,,,,,,,,,,,https://standards.bis.gov.in/website/know-your-standards,https://standardsbis.bsbedge.com/,guide;management;solid;wastes,Know Your Standard - Bureau of Indian Standards,https://standards.bis.gov.in/website/know-your-standards,2026-09-07
IS 10127 : 1982,Guidelines for utilization and disposal of solid wastes from coal mining and washery industries,,,,,,,,,,,https://standards.bis.gov.in/website/know-your-standards,https://standardsbis.bsbedge.com/,guidelines;utilization;disposal;solid;wastes;from;coal;mining;washery;industries,Know Your Standard - Bureau of Indian Standards,https://standards.bis.gov.in/website/know-your-standards,2026-09-07
IS 10152 : 1982,Guidelines for utilization and disposal of solid wastes from paper industry,,,,,,,,,,,https://standards.bis.gov.in/website/know-your-standards,https://standardsbis.bsbedge.com/,guidelines;utilization;disposal;solid;wastes;from;paper;industry,Know Your Standard - Bureau of Indian Standards,https://standards.bis.gov.in/website/know-your-standards,2026-09-07
IS 10158 : 1982,Methods of Analysis of Solid Wastes (Excluding Industrial Solid Wastes),,,,,,,,,,,https://standards.bis.gov.in/website/know-your-standards,https://standardsbis.bsbedge.com/,analysis;solid;wastes;excluding;industrial,Know Your Standard - Bureau of Indian Standards,https://standards.bis.gov.in/website/know-your-standards,2026-09-07
IS 10447 - (Active) : 1983,Guidelines for utilization and disposal of solid waste from integrated steel plants - (Vaild upto 04 February 2027),,,,,,,,,,,https://standards.bis.gov.in/website/know-your-standards,https://standardsbis.bsbedge.com/,guidelines;utilization;disposal;solid;waste;from;integrated;steel;plants;vaild;upto;february,Know Your Standard - Bureau of Indian Standards,https://standards.bis.gov.in/website/know-your-standards,2026-09-07
IS 10447 : 2026,Solid Waste Management in Iron and Steel Plants - Guidelines,,,,,,,,,,,https://standards.bis.gov.in/website/know-your-standards,https://standardsbis.bsbedge.com/,solid;waste;management;iron;steel;plants;guidelines,Know Your Standard - Bureau of Indian Standards,https://standards.bis.gov.in/website/know-your-standards,2026-09-07
IS 12402 : Part 1 : 1988,"Mobile containers for solid waste, Part 1 General characteristics",,,,,,,,,,,https://standards.bis.gov.in/website/know-your-standards,https://standardsbis.bsbedge.com/,mobile;containers;solid;waste;characteristics,Know Your Standard - Bureau of Indian Standards,https://standards.bis.gov.in/website/know-your-standards,2026-09-07
IS 12402 : Part 2 : 1988,"Mobile containers for solid waste, Part 2 Methods of test",,,,,,,,,,,https://standards.bis.gov.in/website/know-your-standards,https://standardsbis.bsbedge.com/,mobile;containers;solid;waste,Know Your Standard - Bureau of Indian Standards,https://standards.bis.gov.in/website/know-your-standards,2026-09-07
IS 12625 : 1989,Solid wastes - Hospitals - Guidelines for management,,,,,,,,,,,https://standards.bis.gov.in/website/know-your-standards,https://standardsbis.bsbedge.com/,solid;wastes;hospitals;guidelines;management,Know Your Standard - Bureau of Indian Standards,https://standards.bis.gov.in/website/know-your-standards,2026-09-07
IS 12647 : 2021,SOLID WASTE MANAGEMENT COLLECTION EQUIPMENT REQUIREMENTS AND GUIDELINES,,,,,,,,,,,https://standards.bis.gov.in/website/know-your-standards,https://standardsbis.bsbedge.com/,solid;waste;management;collection;equipment;guidelines,Know Your Standard - Bureau of Indian Standards,https://standards.bis.gov.in/website/know-your-standards,2026-09-07
IS 12662 : Part 1 : 2021,GUIDELINES FOR USE OF VEHICLES FOR COLLECTION AND TRANSPORTATION OF SOLID WASTES PART 1 SELECTION OF VEHICLES,,,,,,,,,,,https://standards.bis.gov.in/website/know-your-standards,https://standardsbis.bsbedge.com/,guidelines;use;vehicles;collection;transportation;solid;wastes;selection,Know Your Standard - Bureau of Indian Standards,https://standards.bis.gov.in/website/know-your-standards,2026-09-07
IS 12662 : Part 2 : 2025,Guidelines for Use of Vehicles for Collection and Transportation of Municipal Solid Wastes - Part 2 Maintenance,,,,,,,,,,,https://standards.bis.gov.in/website/know-your-standards,https://standardsbis.bsbedge.com/,guidelines;use;vehicles;collection;transportation;municipal;solid;wastes;maintenance,Know Your Standard - Bureau of Indian Standards,https://standards.bis.gov.in/website/know-your-standards,2026-09-07
IS 16556 : 2016,"Municipal Solid Waste Compost, Manure Grade - Specification",,,,,,,,,,,https://standards.bis.gov.in/website/know-your-standards,https://standardsbis.bsbedge.com/,municipal;solid;waste;compost;manure;grade,Know Your Standard - Bureau of Indian Standards,https://standards.bis.gov.in/website/know-your-standards,2026-09-07
IS 16557 : 2016,"Solid Waste Management - Segregation, Collection and Utilization at Household/Community Level - Guidelines",,,,,,,,,,,https://standards.bis.gov.in/website/know-your-standards,https://standardsbis.bsbedge.com/,solid;waste;management;segregation;collection;utilization;household;community;level;guidelines,Know Your Standard - Bureau of Indian Standards,https://standards.bis.gov.in/website/know-your-standards,2026-09-07
IS 16603 : 2018,Solid Waste Management in the Fertilizer Industry — Code of Practice,,,,,,,,,,,https://standards.bis.gov.in/website/know-your-standards,https://standardsbis.bsbedge.com/,solid;waste;management;fertilizer;industry,Know Your Standard - Bureau of Indian Standards,https://standards.bis.gov.in/website/know-your-standards,2026-09-07
IS 18520 : 2024,"Solid Waste Management-Segregation, Collection and Utilization at Commercial Facilities (Shops, Markets, Malls etc)-Guidelines",,,,,,,,,,,https://standards.bis.gov.in/website/know-your-standards,https://standardsbis.bsbedge.com/,solid;waste;management;segregation;collection;utilization;commercial;facilities;shops;markets;malls;etc,Know Your Standard - Bureau of Indian Standards,https://standards.bis.gov.in/website/know-your-standards,2026-09-07
IS 18664 : 2024,Utilization of Coarse Compost Cum Soil Improver/Conditioner from Municipal Solid Waste-Guidelines,,,,,,,,,,,https://standards.bis.gov.in/website/know-your-standards,https://standardsbis.bsbedge.com/,utilization;coarse;compost;cum;soil;improver;conditioner;from;municipal;solid;waste;guidelines,Know Your Standard - Bureau of Indian Standards,https://standards.bis.gov.in/website/know-your-standards,2026-09-07
IS 19209 : 2025,Implementation of Occupational Health Safety Management System in Agencies Dealing with Solid Waste Management - Guidelines,,,,,,,,,,,https://standards.bis.gov.in/website/know-your-standards,https://standardsbis.bsbedge.com/,implementation;occupational;health;safety;management;system;agencies;dealing;solid;waste;guidelines,Know Your Standard - Bureau of Indian Standards,https://standards.bis.gov.in/website/know-your-standards,2026-09-07
IS 13967 : 1993,Environmental management systems,,,,,,,,,,,https://standards.bis.gov.in/website/know-your-standards,https://standardsbis.bsbedge.com/,environmental;management;systems,Know Your Standard - Bureau of Indian Standards,https://standards.bis.gov.in/website/know-your-standards,2026-09-07
IS/ISO 14001 - (Active) : 2015 ( ISO 14001 : 2015),Environmental Management Systems - Requirements with Guidance for Use (Second Revision) - (Vaild upto 14 November 2026),,,,,,,,,,,https://standards.bis.gov.in/website/know-your-standards,https://standardsbis.bsbedge.com/,environmental;management;systems;guidance;use;second;revision;vaild;upto;november,Know Your Standard - Bureau of Indian Standards,https://standards.bis.gov.in/website/know-your-standards,2026-09-07
IS/ISO 14001 : 2026 ( ISO 14001 : 2026),Environmental Management Systems - Requirements with Guidance for Use,,,,,,,,,,,https://standards.bis.gov.in/website/know-your-standards,https://standardsbis.bsbedge.com/,environmental;management;systems;guidance;use,Know Your Standard - Bureau of Indian Standards,https://standards.bis.gov.in/website/know-your-standards,2026-09-07
IS/ISO 14002 : Part 1 : 2019 ( ISO 14002-1 : 2019),Environmental Management Systems - Guidelines for Using ISO 14001 to Address Environmental Aspects and Conditions within an Environmental Topic Area - Part 1 General,,,,,,,,,,,https://standards.bis.gov.in/website/know-your-standards,https://standardsbis.bsbedge.com/,environmental;management;systems;guidelines;using;iso;address;aspects;conditions;within;topic;area,Know Your Standard - Bureau of Indian Standards,https://standards.bis.gov.in/website/know-your-standards,2026-09-07
IS/ISO 14002 : Part 2 : 2023 ( ISO 14002-2 : 2023),Environmental Management Systems - Guidelines for Using ISO 14001 to Address Environmental Aspects and Conditions within an Environmental Topic Area - Part 2 Water,,,,,,,,,,,https://standards.bis.gov.in/website/know-your-standards,https://standardsbis.bsbedge.com/,environmental;management;systems;guidelines;using;iso;address;aspects;conditions;within;topic;area,Know Your Standard - Bureau of Indian Standards,https://standards.bis.gov.in/website/know-your-standards,2026-09-07
IS/ISO 14005 : 2019 ( ISO 14005 : 2019),Environmental Management Systems-Guidelines for a Flexible Approach to Phased Implementation,,,,,,,,,,,https://standards.bis.gov.in/website/know-your-standards,https://standardsbis.bsbedge.com/,environmental;management;systems;guidelines;flexible;approach;phased;implementation,Know Your Standard - Bureau of Indian Standards,https://standards.bis.gov.in/website/know-your-standards,2026-09-07
IS/ISO 14006 : 2020 ( ISO 14006 : 2020),Environmental Management Systems - Guidelines for Incorporating Eco-design,,,,,,,,,,,https://standards.bis.gov.in/website/know-your-standards,https://standardsbis.bsbedge.com/,environmental;management;systems;guidelines;incorporating;eco;design,Know Your Standard - Bureau of Indian Standards,https://standards.bis.gov.in/website/know-your-standards,2026-09-07
IS/ISO 14009 : 2020 ( ISO 14009 : 2020),Environmental Management Systems - Guidelines for Incorporating Material Circulation in Design and Development,,,,,,,,,,,https://standards.bis.gov.in/website/know-your-standards,https://standardsbis.bsbedge.com/,environmental;management;systems;guidelines;incorporating;material;circulation;design;development,Know Your Standard - Bureau of Indian Standards,https://standards.bis.gov.in/website/know-your-standards,2026-09-07
IS/ISO 14011 : 1996,Guidelines for Environmental Auditing - Audit Procedures - Auditing of Environmental Management Systems,,,,,,,,,,,https://standards.bis.gov.in/website/know-your-standards,https://standardsbis.bsbedge.com/,guidelines;environmental;auditing;audit;procedures;management;systems,Know Your Standard - Bureau of Indian Standards,https://standards.bis.gov.in/website/know-your-standards,2026-09-07
IS/ISO 14015 : 2022 ( ISO 14015 : 2022),Environmental Management Guidelines For Environmental Due Diligence Assessment First Revision,,,,,,,,,,,https://standards.bis.gov.in/website/know-your-standards,https://standardsbis.bsbedge.com/,environmental;management;guidelines;due;diligence;assessment;first;revision,Know Your Standard - Bureau of Indian Standards,https://standards.bis.gov.in/website/know-your-standards,2026-09-07
IS/ISO 14017 : 2022 ( ISO 14017 : 2022),Environmental Management - Requirements with Guidance for Verification and Validation of Water Statements,,,,,,,,,,,https://standards.bis.gov.in/website/know-your-standards,https://standardsbis.bsbedge.com/,environmental;management;guidance;verification;validation;water;statements,Know Your Standard - Bureau of Indian Standards,https://standards.bis.gov.in/website/know-your-standards,2026-09-07
IS/ISO 14031 : 1999 ( ISO14031 : 1999),Environmental Management - Environmental Performance Evaluation - Guidelines,,,,,,,,,,,https://standards.bis.gov.in/website/know-your-standards,https://standardsbis.bsbedge.com/,environmental;management;performance;evaluation;guidelines,Know Your Standard - Bureau of Indian Standards,https://standards.bis.gov.in/website/know-your-standards,2026-09-07
IS/ISO 14033 : 2019 ( ISO 14033: 2019),Environmental Management Quantitative Environmental Information Guidelines And Examples First Revision,,,,,,,,,,,https://standards.bis.gov.in/website/know-your-standards,https://standardsbis.bsbedge.com/,environmental;management;quantitative;information;guidelines;examples;first;revision,Know Your Standard - Bureau of Indian Standards,https://standards.bis.gov.in/website/know-your-standards,2026-09-07
IS/ISO 14040 : 2006 ( ISO 14040 : 2006),Environmental Management - Life Cycle Assessment - Principles and Framework,,,,,,,,,,,https://standards.bis.gov.in/website/know-your-standards,https://standardsbis.bsbedge.com/,environmental;management;life;cycle;assessment;principles;framework,Know Your Standard - Bureau of Indian Standards,https://standards.bis.gov.in/website/know-your-standards,2026-09-07
IS/ISO 14041 : 1998,Environmental management - Life cycle assessment - Goal and scope definition and inventory analysis,,,,,,,,,,,https://standards.bis.gov.in/website/know-your-standards,https://standardsbis.bsbedge.com/,environmental;management;life;cycle;assessment;goal;scope;definition;inventory;analysis,Know Your Standard - Bureau of Indian Standards,https://standards.bis.gov.in/website/know-your-standards,2026-09-07
IS/ISO 14042 : 2000,Environmental Management - Life Cycle Assessment - Life Cycle Impact Assessment,,,,,,,,,,,https://standards.bis.gov.in/website/know-your-standards,https://standardsbis.bsbedge.com/,environmental;management;life;cycle;assessment;impact,Know Your Standard - Bureau of Indian Standards,https://standards.bis.gov.in/website/know-your-standards,2026-09-07
IS/ISO 14043 : 2000,Environmental Management - Life Cycle Assessment - Life Cycle Interpretation,,,,,,,,,,,https://standards.bis.gov.in/website/know-your-standards,https://standardsbis.bsbedge.com/,environmental;management;life;cycle;assessment;interpretation,Know Your Standard - Bureau of Indian Standards,https://standards.bis.gov.in/website/know-your-standards,2026-09-07
IS/ISO 14044 : 2006 ( ISO 14044 : 2006),Environmental Management-Life Cycle Assessment-Requirements and Guidelines,,,,,,,,,,,https://standards.bis.gov.in/website/know-your-standards,https://standardsbis.bsbedge.com/,environmental;management;life;cycle;assessment;guidelines,Know Your Standard - Bureau of Indian Standards,https://standards.bis.gov.in/website/know-your-standards,2026-09-07
IS/ISO 14045 : 2012 ( ISO 14045 : 2012),"Environmental Management - Eco-efficiency Assessment of Product Systems - Principles, Requirements and Guidelines",,,,,,,,,,,https://standards.bis.gov.in/website/know-your-standards,https://standardsbis.bsbedge.com/,environmental;management;eco;efficiency;assessment;product;systems;principles;guidelines,Know Your Standard - Bureau of Indian Standards,https://standards.bis.gov.in/website/know-your-standards,2026-09-07
IS/ISO 14046 : 2014 ( ISO 14046: 2014),Environmental Management Water Footprint Principles Requirements And Guidelines,,,,,,,,,,,https://standards.bis.gov.in/website/know-your-standards,https://standardsbis.bsbedge.com/,environmental;management;water;footprint;principles;guidelines,Know Your Standard - Bureau of Indian Standards,https://standards.bis.gov.in/website/know-your-standards,2026-09-07
IS/ISO/TR 14047 : 2012 ( ISO/TR 14047: 2012),Environmental Management Life Cycle Assessment Illustrative Examples On How To Apply Isiso 14044 To Impact Assessment Situations,,,,,,,,,,,https://standards.bis.gov.in/website/know-your-standards,https://standardsbis.bsbedge.com/,environmental;management;life;cycle;assessment;illustrative;examples;how;apply;isiso;impact;situations,Know Your Standard - Bureau of Indian Standards,https://standards.bis.gov.in/website/know-your-standards,2026-09-07
IS/ISO/TR 14049 : 2012 ( ISO/TR 14049: 2012),Environmental Management Life Cycle Assessment Illustrative Examples On How To Apply Isiso 14044 To Goal And Scope Definition And Inventory Analysis,,,,,,,,,,,https://standards.bis.gov.in/website/know-your-standards,https://standardsbis.bsbedge.com/,environmental;management;life;cycle;assessment;illustrative;examples;how;apply;isiso;goal;scope,Know Your Standard - Bureau of Indian Standards,https://standards.bis.gov.in/website/know-your-standards,2026-09-07
IS/ISO 14050 : 2020 ( ISO 14050 : 2020),Environmental Management Vocabulary First Revision,,,,,,,,,,,https://standards.bis.gov.in/website/know-your-standards,https://standardsbis.bsbedge.com/,environmental;management;vocabulary;first;revision,Know Your Standard - Bureau of Indian Standards,https://standards.bis.gov.in/website/know-your-standards,2026-09-07
IS/ISO 14051 : 2011 ( ISO 14051 : 2011),Environmental Management - Meterial Flow Cost Accounting -General Framework,,,,,,,,,,,https://standards.bis.gov.in/website/know-your-standards,https://standardsbis.bsbedge.com/,environmental;management;meterial;flow;cost;accounting;framework,Know Your Standard - Bureau of Indian Standards,https://standards.bis.gov.in/website/know-your-standards,2026-09-07
IS/ISO 14052 : 2017 ( ISO 14052 : 2017),Environmental Management - Material Flow Cost Accounting - Guidance for Practical Implementation in a Supply Chain,,,,,,,,,,,https://standards.bis.gov.in/website/know-your-standards,https://standardsbis.bsbedge.com/,environmental;management;material;flow;cost;accounting;guidance;practical;implementation;supply;chain,Know Your Standard - Bureau of Indian Standards,https://standards.bis.gov.in/website/know-your-standards,2026-09-07
IS 9620 : 2024,Guide for Units Used in Air Quality Measurements,,,,,,,,,,,https://standards.bis.gov.in/website/know-your-standards,https://standardsbis.bsbedge.com/,guide;units;used;air;quality;measurements,Know Your Standard - Bureau of Indian Standards,https://standards.bis.gov.in/website/know-your-standards,2026-09-07
"IS 9620 (Active,Concurrent Running) : 1980",Guide for Units Used in Air Quality Measurements,,,,,,,,,,,https://standards.bis.gov.in/website/know-your-standards,https://standardsbis.bsbedge.com/,guide;units;used;air;quality;measurements,Know Your Standard - Bureau of Indian Standards,https://standards.bis.gov.in/website/know-your-standards,2026-09-07
IS 10193 : Part 1 : 1982,Limits for ambient air quality: Part 1 Sulphur dioxide and particulate matter,,,,,,,,,,,https://standards.bis.gov.in/website/know-your-standards,https://standardsbis.bsbedge.com/,limits;ambient;air;quality;sulphur;dioxide;particulate;matter,Know Your Standard - Bureau of Indian Standards,https://standards.bis.gov.in/website/know-your-standards,2026-09-07
IS 12705 : 1989,Expression of Performance of Air Quality Infrared Analyzers,,,,,,,,,,,https://standards.bis.gov.in/website/know-your-standards,https://standardsbis.bsbedge.com/,expression;performance;air;quality;infrared;analyzers,Know Your Standard - Bureau of Indian Standards,https://standards.bis.gov.in/website/know-your-standards,2026-09-07
IS 14642 : Part 1 : 1999,Compressed Air for General Use - Part 1 : Contaminants and Quality Classes,,,,,,,,,,,https://standards.bis.gov.in/website/know-your-standards,https://standardsbis.bsbedge.com/,compressed;air;use;contaminants;quality;classes,Know Your Standard - Bureau of Indian Standards,https://standards.bis.gov.in/website/know-your-standards,2026-09-07
IS 18388 : 2023 ( ISO 15259 : 2023),"Air Quality - Measurement of Stationary Source Emissions - Requirements for Measurement Sections and Sites for the Measurement Objective, Plan and Report",,,,,,,,,,,https://standards.bis.gov.in/website/know-your-standards,https://standardsbis.bsbedge.com/,air;quality;measurement;stationary;source;emissions;sections;sites;objective;plan;report,Know Your Standard - Bureau of Indian Standards,https://standards.bis.gov.in/website/know-your-standards,2026-09-07
IS 18629 : 2024 ( ISO 19289 : 2015),Air Quality-Meteorology-Siting Classifications for Surface Observing Stations on Land,,,,,,,,,,,https://standards.bis.gov.in/website/know-your-standards,https://standardsbis.bsbedge.com/,air;quality;meteorology;siting;classifications;surface;observing;stations;land,Know Your Standard - Bureau of Indian Standards,https://standards.bis.gov.in/website/know-your-standards,2026-09-07
IS 19879 : 2026,Preparation of Air Quality Management Plan - Code of Practice,,,,,,,,,,,https://standards.bis.gov.in/website/know-your-standards,https://standardsbis.bsbedge.com/,preparation;air;quality;management;plan,Know Your Standard - Bureau of Indian Standards,https://standards.bis.gov.in/website/know-your-standards,2026-09-07
IS 13969 : Part 11 : 2018 ( ISO 5667-11 : 2009),Water Quality — Sampling Part 11 Guidance on Sampling of Groundwaters ( First Revision ),,,,,,,,,,,https://standards.bis.gov.in/website/know-your-standards,https://standardsbis.bsbedge.com/,water;quality;sampling;guidance;groundwaters;first;revision,Know Your Standard - Bureau of Indian Standards,https://standards.bis.gov.in/website/know-your-standards,2026-09-07
IS 15185 : 2016 ( ISO 9308-1 : 2014),Water Quality - Detection and Enumeration of Escherichia Coli and Coliform Bacteria - Memberane Filtration Method for Water with Low Bacterial Background Flora,,,,,,,,,,,https://standards.bis.gov.in/website/know-your-standards,https://standardsbis.bsbedge.com/,water;quality;detection;enumeration;escherichia;coli;coliform;bacteria;memberane;filtration;low;bacterial,Know Your Standard - Bureau of Indian Standards,https://standards.bis.gov.in/website/know-your-standards,2026-09-07
IS 15186 : 2002 ( ISO 7899-2 : 2000),Water Quality - Detection and Enumeration of Intestinal Enterococci - Memberane Filtration Method,,,,,,,,,,,https://standards.bis.gov.in/website/know-your-standards,https://standardsbis.bsbedge.com/,water;quality;detection;enumeration;intestinal;enterococci;memberane;filtration,Know Your Standard - Bureau of Indian Standards,https://standards.bis.gov.in/website/know-your-standards,2026-09-07
IS 15187 : 2016 ( ISO 19250 : 2010),Water Quality - Detection of Salmonella Species ( First Revision ),,,,,,,,,,,https://standards.bis.gov.in/website/know-your-standards,https://standardsbis.bsbedge.com/,water;quality;detection;salmonella;species;first;revision,Know Your Standard - Bureau of Indian Standards,https://standards.bis.gov.in/website/know-your-standards,2026-09-07
IS 15188 : 2022 ( ISO 8199: 2018),Water quality — General requirements and guidance for microbiological examinations by culture,,,,,,,,,,,https://standards.bis.gov.in/website/know-your-standards,https://standardsbis.bsbedge.com/,water;quality;guidance;microbiological;examinations;culture,Know Your Standard - Bureau of Indian Standards,https://standards.bis.gov.in/website/know-your-standards,2026-09-07
IS 15669 : 2006 ( ISO 10695 : 2000),Water quality - determination of selected organic nitrogen and phosphorus compounds - gas chromatographic method,,,,,,,,,,,https://standards.bis.gov.in/website/know-your-standards,https://standardsbis.bsbedge.com/,water;quality;determination;selected;organic;nitrogen;phosphorus;compounds;gas;chromatographic,Know Your Standard - Bureau of Indian Standards,https://standards.bis.gov.in/website/know-your-standards,2026-09-07
IS 15670 : 2006 ( ISO 6468 : 1996),"Water quality - Determination of certain organochlorine insecticides, polychlorinated biphenyls and chlorobenzenes - Gas chromatographic method after liquid -liquid extraction",,,,,,,,,,,https://standards.bis.gov.in/website/know-your-standards,https://standardsbis.bsbedge.com/,water;quality;determination;certain;organochlorine;insecticides;polychlorinated;biphenyls;chlorobenzenes;gas;chromatographic;after,Know Your Standard - Bureau of Indian Standards,https://standards.bis.gov.in/website/know-your-standards,2026-09-07
IS 17614 : Part 1 : 2025 ( ISO 5667-1 : 2023),Water Quality - Sampling - Part 1 Guidance on the Design of Sampling Programmes and Sampling Techniques,,,,,,,,,,,https://standards.bis.gov.in/website/know-your-standards,https://standardsbis.bsbedge.com/,water;quality;sampling;guidance;design;programmes;techniques,Know Your Standard - Bureau of Indian Standards,https://standards.bis.gov.in/website/know-your-standards,2026-09-07
IS 17614 : Part 3 : 2024 ( ISO 5667-3 : 2024),Water Quality-Sampling - Part 3 Preservation and Handling of Water Samples,,,,,,,,,,,https://standards.bis.gov.in/website/know-your-standards,https://standardsbis.bsbedge.com/,water;quality;sampling;preservation;handling;samples,Know Your Standard - Bureau of Indian Standards,https://standards.bis.gov.in/website/know-your-standards,2026-09-07
IS 17614 : Part 4 : 2021 ( ISO 5667-4 : 2016),WATER QUALITY - SAMPLING Part 4 Guidance on sampling from natural and manmade lakes,,,,,,,,,,,https://standards.bis.gov.in/website/know-your-standards,https://standardsbis.bsbedge.com/,water;quality;sampling;guidance;from;natural;manmade;lakes,Know Your Standard - Bureau of Indian Standards,https://standards.bis.gov.in/website/know-your-standards,2026-09-07
IS 17614 : Part 5 : 2021 ( ISO 5667-5 : 2006),WATER QUALITY - SAMPLING Part 5 Guidance on sampling of drinking water from treatment works and piped distribution systems,,,,,,,,,,,https://standards.bis.gov.in/website/know-your-standards,https://standardsbis.bsbedge.com/,water;quality;sampling;guidance;drinking;from;treatment;works;piped;distribution;systems,Know Your Standard - Bureau of Indian Standards,https://standards.bis.gov.in/website/know-your-standards,2026-09-07
IS 17614 : Part 6 : 2021 ( ISO 5667-6 : 2014),WATER QUALITY - SAMPLING Part 6 Guidance on sampling of rivers and streams,,,,,,,,,,,https://standards.bis.gov.in/website/know-your-standards,https://standardsbis.bsbedge.com/,water;quality;sampling;guidance;rivers;streams,Know Your Standard - Bureau of Indian Standards,https://standards.bis.gov.in/website/know-your-standards,2026-09-07
IS 17614 : Part 7 : 2021 ( ISO 5667-7 : 1993),WATER QUALITY - SAMPLING Part 7 Guidance on sampling of water and steam in boiler plants,,,,,,,,,,,https://standards.bis.gov.in/website/know-your-standards,https://standardsbis.bsbedge.com/,water;quality;sampling;guidance;steam;boiler;plants,Know Your Standard - Bureau of Indian Standards,https://standards.bis.gov.in/website/know-your-standards,2026-09-07
IS 17614 : Part 8 : 2021 ( ISO 5667-8 : 1993),WATER QUALITY - SAMPLING Part 8 Guidance on the sampling of wet deposition,,,,,,,,,,,https://standards.bis.gov.in/website/know-your-standards,https://standardsbis.bsbedge.com/,water;quality;sampling;guidance;wet;deposition,Know Your Standard - Bureau of Indian Standards,https://standards.bis.gov.in/website/know-your-standards,2026-09-07
IS 17614 : Part 9 : 2021 ( ISO 5667-9 : 1992),WATER QUALITY - SAMPLING Part 9 Guidance on sampling from marine waters,,,,,,,,,,,https://standards.bis.gov.in/website/know-your-standards,https://standardsbis.bsbedge.com/,water;quality;sampling;guidance;from;marine;waters,Know Your Standard - Bureau of Indian Standards,https://standards.bis.gov.in/website/know-your-standards,2026-09-07
IS 17614 : Part 10 : 2021 ( ISO 5667-10: 2020),WATER QUALITY - SAMPLING Part 10 Guidance on sampling of waste waters,,,,,,,,,,,https://standards.bis.gov.in/website/know-your-standards,https://standardsbis.bsbedge.com/,water;quality;sampling;guidance;waste;waters,Know Your Standard - Bureau of Indian Standards,https://standards.bis.gov.in/website/know-your-standards,2026-09-07
IS 17614 : Part 21 : 2021 ( ISO 5667-21 : 2010),Water Quality — Sampling Part 21 Guidance on Sampling of Drinking Water Distributed by Tankers or Means Other than Distribution Pipes,,,,,,,,,,,https://standards.bis.gov.in/website/know-your-standards,https://standardsbis.bsbedge.com/,water;quality;sampling;guidance;drinking;distributed;tankers;means;other;than;distribution;pipes,Know Your Standard - Bureau of Indian Standards,https://standards.bis.gov.in/website/know-your-standards,2026-09-07
IS 17614 : Part 12 : 2022 ( ISO 5667-12:2017),Water quality Sampling Part 12: Guidance on sampling of bottom sediments from rivers lakes and estuarine areas,,,,,,,,,,,https://standards.bis.gov.in/website/know-your-standards,https://standardsbis.bsbedge.com/,water;quality;sampling;guidance;bottom;sediments;from;rivers;lakes;estuarine;areas,Know Your Standard - Bureau of Indian Standards,https://standards.bis.gov.in/website/know-your-standards,2026-09-07
IS 17614 : Part 13 : 2021 ( ISO 5667-13 :2011),Water quality Sampling Part 13: Guidance on sampling of sludges,,,,,,,,,,,https://standards.bis.gov.in/website/know-your-standards,https://standardsbis.bsbedge.com/,water;quality;sampling;guidance;sludges,Know Your Standard - Bureau of Indian Standards,https://standards.bis.gov.in/website/know-your-standards,2026-09-07
IS 17614 : Part 14 : 2021 ( ISO 5667-14:2014),Water quality Sampling Part 14: Guidance on quality assurance and Quality control of environmental Water sampling and handling,,,,,,,,,,,https://standards.bis.gov.in/website/know-your-standards,https://standardsbis.bsbedge.com/,water;quality;sampling;guidance;assurance;control;environmental;handling,Know Your Standard - Bureau of Indian Standards,https://standards.bis.gov.in/website/know-your-standards,2026-09-07
IS 17614 : Part 15 : 2021 ( ISO 5667-15:2009),Water quality -Sampling- Part 15 Guidance on the preservation and handling of sludge and sediment samples,,,,,,,,,,,https://standards.bis.gov.in/website/know-your-standards,https://standardsbis.bsbedge.com/,water;quality;sampling;guidance;preservation;handling;sludge;sediment;samples,Know Your Standard - Bureau of Indian Standards,https://standards.bis.gov.in/website/know-your-standards,2026-09-07
IS 17614 : Part 16 : 2021 ( ISO 5667-16:2017),Water quality Sampling Part 16 Guidance on biotesting of samples,,,,,,,,,,,https://standards.bis.gov.in/website/know-your-standards,https://standardsbis.bsbedge.com/,water;quality;sampling;guidance;biotesting;samples,Know Your Standard - Bureau of Indian Standards,https://standards.bis.gov.in/website/know-your-standards,2026-09-07
IS 17614 : Part 17 : 2022 ( ISO 5667-17:2008),Water quality Sampling Part 17 Guidance on sampling of bulk suspended solids,,,,,,,,,,,https://standards.bis.gov.in/website/know-your-standards,https://standardsbis.bsbedge.com/,water;quality;sampling;guidance;bulk;suspended;solids,Know Your Standard - Bureau of Indian Standards,https://standards.bis.gov.in/website/know-your-standards,2026-09-07
IS 17614 : Part 19 : 2021 ( ISO 5667-19 : 2004),Water quality Sampling Part 19 Guidance on sampling of marine sediments,,,,,,,,,,,https://standards.bis.gov.in/website/know-your-standards,https://standardsbis.bsbedge.com/,water;quality;sampling;guidance;marine;sediments,Know Your Standard - Bureau of Indian Standards,https://standards.bis.gov.in/website/know-your-standards,2026-09-07
IS 17614 : Part 20 : 2021 ( ISO 5667-20:2008),Water quality Sampling Part 20 Guidance on the use of sampling data for decision making Compliance with thresholds and classification systems,,,,,,,,,,,https://standards.bis.gov.in/website/know-your-standards,https://standardsbis.bsbedge.com/,water;quality;sampling;guidance;use;data;decision;making;compliance;thresholds;classification;systems,Know Your Standard - Bureau of Indian Standards,https://standards.bis.gov.in/website/know-your-standards,2026-09-07
IS 2645 : 2003,Integral Waterproofing Compounds for Cement Mortar and Concrete -Specification,,,,,,,,,,,https://standards.bis.gov.in/website/know-your-standards,https://standardsbis.bsbedge.com/,integral;waterproofing;compounds;cement;mortar;concrete,Know Your Standard - Bureau of Indian Standards,https://standards.bis.gov.in/website/know-your-standards,2026-09-07
IS 3085 : 1965,Method of Test for Permeability of Cement Mortar and Concrete,,,,,,,,,,,https://standards.bis.gov.in/website/know-your-standards,https://standardsbis.bsbedge.com/,permeability;cement;mortar;concrete,Know Your Standard - Bureau of Indian Standards,https://standards.bis.gov.in/website/know-your-standards,2026-09-07
IS 3812 : Part 1 : 2013,"Pulverized Fuel Ash - Part 1 : For Use as Pozzolana in Cement, Cement Mortar and Concrete",,,,,,,,,,,https://standards.bis.gov.in/website/know-your-standards,https://standardsbis.bsbedge.com/,pulverized;fuel;ash;use;pozzolana;cement;mortar;concrete,Know Your Standard - Bureau of Indian Standards,https://standards.bis.gov.in/website/know-your-standards,2026-09-07
IS 3812 : Part 2 : 2013,Pulverized Fuel Ash - Part 2 : For Use as Admixture in Cement Mortar and Concrete,,,,,,,,,,,https://standards.bis.gov.in/website/know-your-standards,https://standardsbis.bsbedge.com/,pulverized;fuel;ash;use;admixture;cement;mortar;concrete,Know Your Standard - Bureau of Indian Standards,https://standards.bis.gov.in/website/know-your-standards,2026-09-07
IS 9459 : 1980,"Specification for apparatus for use in measurement of length change of hardened cement paste, mortar and concrete",,,,,,,,,,,https://standards.bis.gov.in/website/know-your-standards,https://standardsbis.bsbedge.com/,apparatus;use;measurement;length;change;hardened;cement;paste;mortar;concrete,Know Your Standard - Bureau of Indian Standards,https://standards.bis.gov.in/website/know-your-standards,2026-09-07
IS 10086 : 2021,Specificaton for moulds for use in tests of cement and concrete First Revision,,,,,,,,,,,https://standards.bis.gov.in/website/know-your-standards,https://standardsbis.bsbedge.com/,specificaton;moulds;use;cement;concrete;first;revision,Know Your Standard - Bureau of Indian Standards,https://standards.bis.gov.in/website/know-your-standards,2026-09-07
IS 16354 : 2015,"Metakaolin for Use in Cement, Cement Mortar and Concrete - Specification",,,,,,,,,,,https://standards.bis.gov.in/website/know-your-standards,https://standardsbis.bsbedge.com/,metakaolin;use;cement;mortar;concrete,Know Your Standard - Bureau of Indian Standards,https://standards.bis.gov.in/website/know-your-standards,2026-09-07
IS/ISO 603 : Part 10 : 1999 ( ISO 603 : Part 10 : 1999),Bonded Abrasive Products- Dimensions Part 10 Stones for Honing and Superfinishings,,,,,,,,,,,https://standards.bis.gov.in/website/know-your-standards,https://standardsbis.bsbedge.com/,bonded;abrasive;products;dimensions;stones;honing;superfinishings,Know Your Standard - Bureau of Indian Standards,https://standards.bis.gov.in/website/know-your-standards,2026-09-07
"IS 1121 : Part 1 (Active,Concurrent Running ) : 2013",Determination of Strength Properties of Natural Building Stones - Methods of Test Part 1 Compressive Strength,,,,,,,,,,,https://standards.bis.gov.in/website/know-your-standards,https://standardsbis.bsbedge.com/,determination;strength;properties;natural;building;stones;compressive,Know Your Standard - Bureau of Indian Standards,https://standards.bis.gov.in/website/know-your-standards,2026-09-07
IS 1121 : Part 1 : 2023,Determination of Strength Properties of Natural Building Stones - Methods of Test - Part 1 Uniaxial Compressive Strength,,,,,,,,,,,https://standards.bis.gov.in/website/know-your-standards,https://standardsbis.bsbedge.com/,determination;strength;properties;natural;building;stones;uniaxial;compressive,Know Your Standard - Bureau of Indian Standards,https://standards.bis.gov.in/website/know-your-standards,2026-09-07
IS 1121 : Part 2 : 2023,Determination of Strength Properties of Natural Building Stones - Methods of Test - Part 2 Transverse Strength,,,,,,,,,,,https://standards.bis.gov.in/website/know-your-standards,https://standardsbis.bsbedge.com/,determination;strength;properties;natural;building;stones;transverse,Know Your Standard - Bureau of Indian Standards,https://standards.bis.gov.in/website/know-your-standards,2026-09-07
"IS 1121 : Part 2 (Active,Concurrent Running ) : 2013",Determination of Strength Properties of Natural Building Stones - Methods of Test Part 2 Transverse Strength,,,,,,,,,,,https://standards.bis.gov.in/website/know-your-standards,https://standardsbis.bsbedge.com/,determination;strength;properties;natural;building;stones;transverse,Know Your Standard - Bureau of Indian Standards,https://standards.bis.gov.in/website/know-your-standards,2026-09-07
"IS 1121 : Part 3 (Active,Concurrent Running ) : 2012",Determination Of Strength Properties Of Natural Building Stones — Methods Of Test Part 3 Tensile Strength,,,,,,,,,,,https://standards.bis.gov.in/website/know-your-standards,https://standardsbis.bsbedge.com/,determination;strength;properties;natural;building;stones;tensile,Know Your Standard - Bureau of Indian Standards,https://standards.bis.gov.in/website/know-your-standards,2026-09-07
IS 1121 : Part 3 : 2023,Determination of Strength Properties of Natural Building Stones - Methods of Test - Part 3 Indirect Tensile Strength,,,,,,,,,,,https://standards.bis.gov.in/website/know-your-standards,https://standardsbis.bsbedge.com/,determination;strength;properties;natural;building;stones;indirect;tensile,Know Your Standard - Bureau of Indian Standards,https://standards.bis.gov.in/website/know-your-standards,2026-09-07
IS 1121 : Part 4 : 2013,Determination of Strength Properties of Natural Building Stones - Methods of Test Part 4 Shear Strength,,,,,,,,,,,https://standards.bis.gov.in/website/know-your-standards,https://standardsbis.bsbedge.com/,determination;strength;properties;natural;building;stones;shear,Know Your Standard - Bureau of Indian Standards,https://standards.bis.gov.in/website/know-your-standards,2026-09-07
IS 1121 : Part 5 : 2023,Determination Of Strength Properties Of Natural Building Stones Methods Of Test Part 5 Flexural Modulus Of Elasticity,,,,,,,,,,,https://standards.bis.gov.in/website/know-your-standards,https://standardsbis.bsbedge.com/,determination;strength;properties;natural;building;stones;flexural;modulus;elasticity,Know Your Standard - Bureau of Indian Standards,https://standards.bis.gov.in/website/know-your-standards,2026-09-07
"IS 1122 (Active,Concurrent Running ) : 1974",Method of test for determination of true specific gravity of natural building stones,,,,,,,,,,,https://standards.bis.gov.in/website/know-your-standards,https://standardsbis.bsbedge.com/,determination;true;specific;gravity;natural;building;stones,Know Your Standard - Bureau of Indian Standards,https://standards.bis.gov.in/website/know-your-standards,2026-09-07
IS 1122 : 2023,Determination of True Specific Gravity of Natural Building Stones - Method of Test,,,,,,,,,,,https://standards.bis.gov.in/website/know-your-standards,https://standardsbis.bsbedge.com/,determination;true;specific;gravity;natural;building;stones,Know Your Standard - Bureau of Indian Standards,https://standards.bis.gov.in/website/know-your-standards,2026-09-07
IS 1123 : 1975,Method of identification of natural building stones,,,,,,,,,,,https://standards.bis.gov.in/website/know-your-standards,https://standardsbis.bsbedge.com/,identification;natural;building;stones,Know Your Standard - Bureau of Indian Standards,https://standards.bis.gov.in/website/know-your-standards,2026-09-07
IS 1124 : 1974,"Method of test for determination of water absorption, apparent specific gravity and porosity of natural building stones",,,,,,,,,,,https://standards.bis.gov.in/website/know-your-standards,https://standardsbis.bsbedge.com/,determination;water;absorption;apparent;specific;gravity;porosity;natural;building;stones,Know Your Standard - Bureau of Indian Standards,https://standards.bis.gov.in/website/know-your-standards,2026-09-07
IS 1125 : 2013,Determination of weathering of Natural building stones - Method of Test,,,,,,,,,,,https://standards.bis.gov.in/website/know-your-standards,https://standardsbis.bsbedge.com/,determination;weathering;natural;building;stones,Know Your Standard - Bureau of Indian Standards,https://standards.bis.gov.in/website/know-your-standards,2026-09-07
IS 1126 : 2013,Determination of durability of natural building stones - Method of test,,,,,,,,,,,https://standards.bis.gov.in/website/know-your-standards,https://standardsbis.bsbedge.com/,determination;durability;natural;building;stones,Know Your Standard - Bureau of Indian Standards,https://standards.bis.gov.in/website/know-your-standards,2026-09-07
IS 1127 : 1970,Recommendations for dimensions and workmanship of natural building stones for masonry work,,,,,,,,,,,https://standards.bis.gov.in/website/know-your-standards,https://standardsbis.bsbedge.com/,recommendations;dimensions;workmanship;natural;building;stones;masonry;work,Know Your Standard - Bureau of Indian Standards,https://standards.bis.gov.in/website/know-your-standards,2026-09-07
IS 1129 : 1972,Recommendation of dressing of natural building stones,,,,,,,,,,,https://standards.bis.gov.in/website/know-your-standards,https://standardsbis.bsbedge.com/,recommendation;dressing;natural;building;stones,Know Your Standard - Bureau of Indian Standards,https://standards.bis.gov.in/website/know-your-standards,2026-09-07
IS 1706 : 2024,Determination of Resistance to Wear by Abrasion of Natural Building Stones-Method of Test,,,,,,,,,,,https://standards.bis.gov.in/website/know-your-standards,https://standardsbis.bsbedge.com/,determination;resistance;wear;abrasion;natural;building;stones,Know Your Standard - Bureau of Indian Standards,https://standards.bis.gov.in/website/know-your-standards,2026-09-07
IS 1805 : 1973,"Glossary of terms relating to stones, quarrying and dressing",,,,,,,,,,,https://standards.bis.gov.in/website/know-your-standards,https://standardsbis.bsbedge.com/,glossary;terms;relating;stones;quarrying;dressing,Know Your Standard - Bureau of Indian Standards,https://standards.bis.gov.in/website/know-your-standards,2026-09-07
IS 4121 : 1967,Method of test for determination of water transmission rate by capillary action through natural building stones,,,,,,,,,,,https://standards.bis.gov.in/website/know-your-standards,https://standardsbis.bsbedge.com/,determination;water;transmission;rate;capillary;action;through;natural;building;stones,Know Your Standard - Bureau of Indian Standards,https://standards.bis.gov.in/website/know-your-standards,2026-09-07
IS 4122 : 1967,Method of test for surface softening of natural building stones by exposure to acidic atmospheres,,,,,,,,,,,https://standards.bis.gov.in/website/know-your-standards,https://standardsbis.bsbedge.com/,surface;softening;natural;building;stones;exposure;acidic;atmospheres,Know Your Standard - Bureau of Indian Standards,https://standards.bis.gov.in/website/know-your-standards,2026-09-07
IS 4348 : 2024,Determination of Permeability of Natural Building Stones-Methods of Test,,,,,,,,,,,https://standards.bis.gov.in/website/know-your-standards,https://standardsbis.bsbedge.com/,determination;permeability;natural;building;stones,Know Your Standard - Bureau of Indian Standards,https://standards.bis.gov.in/website/know-your-standards,2026-09-07
IS 5218 : 1969,Method of Test for Toughness of Natural Building Stones,,,,,,,,,,,https://standards.bis.gov.in/website/know-your-standards,https://standardsbis.bsbedge.com/,toughness;natural;building;stones,Know Your Standard - Bureau of Indian Standards,https://standards.bis.gov.in/website/know-your-standards,2026-09-07
IS 7779 : Part 1 : Sec 1 : 1975,Schedule for properties and availability of stones for construction purposes: Part I Gujarat state Section 1 Availability of stones,,,,,,,,,,,https://standards.bis.gov.in/website/know-your-standards,https://standardsbis.bsbedge.com/,schedule;properties;availability;stones;construction;purposes;gujarat;state;section,Know Your Standard - Bureau of Indian Standards,https://standards.bis.gov.in/website/know-your-standards,2026-09-07
IS 7779 : Part 1 : Sec 2 : 1975,Schedule for properties and availability of stones for construction purposes: Part I Gujarat state: Section 2 Engineering properties of building stones,,,,,,,,,,,https://standards.bis.gov.in/website/know-your-standards,https://standardsbis.bsbedge.com/,schedule;properties;availability;stones;construction;purposes;gujarat;state;section;engineering;building,Know Your Standard - Bureau of Indian Standards,https://standards.bis.gov.in/website/know-your-standards,2026-09-07
IS 4043 : 1969,"Recommendations for Symbolic Designation of Direction of Closing and Faces of Doors, Windows and Shutters",,,,,,,,,,,https://standards.bis.gov.in/website/know-your-standards,https://standardsbis.bsbedge.com/,recommendations;symbolic;designation;direction;closing;faces;doors;windows;shutters,Know Your Standard - Bureau of Indian Standards,https://standards.bis.gov.in/website/know-your-standards,2026-09-07
SP 32 (S&T) : 1986,Handbook on Functional Requirements of Industrial Buildings (Lighting and Ventilation),,,,,,,,,,,https://standards.bis.gov.in/website/know-your-standards,https://standardsbis.bsbedge.com/,handbook;functional;industrial;buildings;lighting;ventilation,Know Your Standard - Bureau of Indian Standards,https://standards.bis.gov.in/website/know-your-standards,2026-09-07
SP 41 (S&T) : 1987,Handbook on Functional Requirements of Buildings (Other than Industrial Buildings),,,,,,,,,,,https://standards.bis.gov.in/website/know-your-standards,https://standardsbis.bsbedge.com/,handbook;functional;buildings;other;than;industrial,Know Your Standard - Bureau of Indian Standards,https://standards.bis.gov.in/website/know-your-standards,2026-09-07
IS 6074 : 1971,"Code of Practice for Functional Requirements of hotels, restaurants and other food service establishmentsDaylighting of Factory Buildings",,,,,,,,,,,https://standards.bis.gov.in/website/know-your-standards,https://standardsbis.bsbedge.com/,functional;hotels;restaurants;other;food;service;establishmentsdaylighting;factory;buildings,Know Your Standard - Bureau of Indian Standards,https://standards.bis.gov.in/website/know-your-standards,2026-09-07
IS 636 : 2018,Non-Percolating Flexible Fire Fighting Delivery Hose — Specification ( Fourth Revision ),,,,,,,,,,,https://standards.bis.gov.in/website/know-your-standards,https://standardsbis.bsbedge.com/,non;percolating;flexible;fire;fighting;delivery;hose;fourth;revision,Know Your Standard - Bureau of Indian Standards,https://standards.bis.gov.in/website/know-your-standards,2026-09-07
IS 884 : 2025,First-Aid Hose-Reel for Fire Fighting - Specification,,,,,,,,,,,https://standards.bis.gov.in/website/know-your-standards,https://standardsbis.bsbedge.com/,first;aid;hose;reel;fire;fighting,Know Your Standard - Bureau of Indian Standards,https://standards.bis.gov.in/website/know-your-standards,2026-09-07
IS 901 : 1988,"Specification for Couplings, Double Male And Double Female, Instantaneous Pattern For Fire Fighting",,,,,,,,,,,https://standards.bis.gov.in/website/know-your-standards,https://standardsbis.bsbedge.com/,couplings;double;male;female;instantaneous;pattern;fire;fighting,Know Your Standard - Bureau of Indian Standards,https://standards.bis.gov.in/website/know-your-standards,2026-09-07
IS 902 : 1992,Specification for Suction Hose Couplings For Fire Fighting Purposes,,,,,,,,,,,https://standards.bis.gov.in/website/know-your-standards,https://standardsbis.bsbedge.com/,suction;hose;couplings;fire;fighting;purposes,Know Your Standard - Bureau of Indian Standards,https://standards.bis.gov.in/website/know-your-standards,2026-09-07
IS 904 : 1983,Specification for 2-Way And 3-Way Suction Collecting Heads For Fire Fighting Purposes,,,,,,,,,,,https://standards.bis.gov.in/website/know-your-standards,https://standardsbis.bsbedge.com/,way;suction;collecting;heads;fire;fighting;purposes,Know Your Standard - Bureau of Indian Standards,https://standards.bis.gov.in/website/know-your-standards,2026-09-07
IS 905 : 2025,Delivery Breechings for Fire Fighting - Dividing and Collecting - Instantaneous Pattern - Specification,,,,,,,,,,,https://standards.bis.gov.in/website/know-your-standards,https://standardsbis.bsbedge.com/,delivery;breechings;fire;fighting;dividing;collecting;instantaneous;pattern,Know Your Standard - Bureau of Indian Standards,https://standards.bis.gov.in/website/know-your-standards,2026-09-07
IS 906 : 2024,Portable and Fixed Type Revolving Branch for Fire Fighting - Specification,,,,,,,,,,,https://standards.bis.gov.in/website/know-your-standards,https://standardsbis.bsbedge.com/,portable;fixed;type;revolving;branch;fire;fighting,Know Your Standard - Bureau of Indian Standards,https://standards.bis.gov.in/website/know-your-standards,2026-09-07
"IS 906 (Active,Concurrent Running) : 1988",Specification for Revolving Branch Pipe For Fire Fighting,,,,,,,,,,,https://standards.bis.gov.in/website/know-your-standards,https://standardsbis.bsbedge.com/,revolving;branch;pipe;fire;fighting,Know Your Standard - Bureau of Indian Standards,https://standards.bis.gov.in/website/know-your-standards,2026-09-07
IS 907 : 1984,"Specification for Suction Strainers, Cylindrical Type For Fire Fighting Purposes",,,,,,,,,,,https://standards.bis.gov.in/website/know-your-standards,https://standardsbis.bsbedge.com/,suction;strainers;cylindrical;type;fire;fighting;purposes,Know Your Standard - Bureau of Indian Standards,https://standards.bis.gov.in/website/know-your-standards,2026-09-07
IS 929 : 1959,Hok Ladder For Fire Fighting Purposes,,,,,,,,,,,https://standards.bis.gov.in/website/know-your-standards,https://standardsbis.bsbedge.com/,hok;ladder;fire;fighting;purposes,Know Your Standard - Bureau of Indian Standards,https://standards.bis.gov.in/website/know-your-standards,2026-09-07
IS 937 : 1981,Specification for Washers For Water Fittings For Fire Fighting Purposes,,,,,,,,,,,https://standards.bis.gov.in/website/know-your-standards,https://standardsbis.bsbedge.com/,washers;water;fittings;fire;fighting;purposes,Know Your Standard - Bureau of Indian Standards,https://standards.bis.gov.in/website/know-your-standards,2026-09-07
IS 941 : 1985,Specification for Blower and Exhauster for Fire Fighting,,,,,,,,,,,https://standards.bis.gov.in/website/know-your-standards,https://standardsbis.bsbedge.com/,blower;exhauster;fire;fighting,Know Your Standard - Bureau of Indian Standards,https://standards.bis.gov.in/website/know-your-standards,2026-09-07
IS 942 : 1982,Functional Requirements for 275 1/Min Portable Pump Set for Fire Fighting,,,,,,,,,,,https://standards.bis.gov.in/website/know-your-standards,https://standardsbis.bsbedge.com/,functional;min;portable;pump;set;fire;fighting,Know Your Standard - Bureau of Indian Standards,https://standards.bis.gov.in/website/know-your-standards,2026-09-07
IS 1648 : 1961,Code of practice for fire safety of buildings (general): Fire fighting equipment and its maintenance,,,,,,,,,,,https://standards.bis.gov.in/website/know-your-standards,https://standardsbis.bsbedge.com/,fire;safety;buildings;fighting;equipment;its;maintenance,Know Your Standard - Bureau of Indian Standards,https://standards.bis.gov.in/website/know-your-standards,2026-09-07
IS 2217 : 1982,Recommendations for providing first-aid fire fighting arrangement in public building,,,,,,,,,,,https://standards.bis.gov.in/website/know-your-standards,https://standardsbis.bsbedge.com/,recommendations;providing;first;aid;fire;fighting;arrangement;public;building,Know Your Standard - Bureau of Indian Standards,https://standards.bis.gov.in/website/know-your-standards,2026-09-07
IS 2298 : 1977,Single-barrel Stirrup Pump For Fire Fighting Purposes,,,,,,,,,,,https://standards.bis.gov.in/website/know-your-standards,https://standardsbis.bsbedge.com/,single;barrel;stirrup;pump;fire;fighting;purposes,Know Your Standard - Bureau of Indian Standards,https://standards.bis.gov.in/website/know-your-standards,2026-09-07
IS 2871 : 2012,"Branch Pipe, Universal For Fire fighting Purpose- Specification",,,,,,,,,,,https://standards.bis.gov.in/website/know-your-standards,https://standardsbis.bsbedge.com/,branch;pipe;universal;fire;fighting;purpose,Know Your Standard - Bureau of Indian Standards,https://standards.bis.gov.in/website/know-your-standards,2026-09-07
IS 3582 : 1984,Basket Strainers For Fire Fighting Purposes (cylindrical Type),,,,,,,,,,,https://standards.bis.gov.in/website/know-your-standards,https://standardsbis.bsbedge.com/,basket;strainers;fire;fighting;purposes;cylindrical;type,Know Your Standard - Bureau of Indian Standards,https://standards.bis.gov.in/website/know-your-standards,2026-09-07
IS 4152 : 2011,Seamless Carbon Dioxide Cylinders for Fire-fighting Purposes on Boardship,,,,,,,,,,,https://standards.bis.gov.in/website/know-your-standards,https://standardsbis.bsbedge.com/,seamless;carbon;dioxide;cylinders;fire;fighting;purposes;boardship,Know Your Standard - Bureau of Indian Standards,https://standards.bis.gov.in/website/know-your-standards,2026-09-07
IS 4308 : 2019,"Dry Chemical Powders for Fire Fighting — BC, ABC and D Types — Specification ( Third Revision )",,,,,,,,,,,https://standards.bis.gov.in/website/know-your-standards,https://standardsbis.bsbedge.com/,dry;chemical;powders;fire;fighting;abc;types;third;revision,Know Your Standard - Bureau of Indian Standards,https://standards.bis.gov.in/website/know-your-standards,2026-09-07
IS 4927 : 1992,Specification for Unlined Flax Canvas Hose for Fire Fighting,,,,,,,,,,,https://standards.bis.gov.in/website/know-your-standards,https://standardsbis.bsbedge.com/,unlined;flax;canvas;hose;fire;fighting,Know Your Standard - Bureau of Indian Standards,https://standards.bis.gov.in/website/know-your-standards,2026-09-07
IS 4989 : 2018,Foam Concentrate for Producing Mechanical Foam for Fire Fighting — Specification ( Fourth Revision ),,,,,,,,,,,https://standards.bis.gov.in/website/know-your-standards,https://standardsbis.bsbedge.com/,foam;concentrate;producing;mechanical;fire;fighting;fourth;revision,Know Your Standard - Bureau of Indian Standards,https://standards.bis.gov.in/website/know-your-standards,2026-09-07
IS 5132 : 1969,Hose reel tubing for fire fighting,,,,,,,,,,,https://standards.bis.gov.in/website/know-your-standards,https://standardsbis.bsbedge.com/,hose;reel;tubing;fire;fighting,Know Your Standard - Bureau of Indian Standards,https://standards.bis.gov.in/website/know-your-standards,2026-09-07
IS 5714 : 1981,Specification for Hydrant Stand-Pipe for Fire Fighting,,,,,,,,,,,https://standards.bis.gov.in/website/know-your-standards,https://standardsbis.bsbedge.com/,hydrant;stand;pipe;fire;fighting,Know Your Standard - Bureau of Indian Standards,https://standards.bis.gov.in/website/know-your-standards,2026-09-07
IS 5896 : Part 1 : 1970,"Code of Practice for Selection, Operation and Maintenanace of Special Fire Fighting Appliance - Part I : Combined Foam and Co Crash Tender",,,,,,,,,,,https://standards.bis.gov.in/website/know-your-standards,https://standardsbis.bsbedge.com/,selection;operation;maintenanace;special;fire;fighting;appliance;combined;foam;crash;tender,Know Your Standard - Bureau of Indian Standards,https://standards.bis.gov.in/website/know-your-standards,2026-09-07
IS 1829 : Part 1 : 2017,Librarary Furniture and Fittings - Specification Part 1 Timber (Second Revision),,,,,,,,,,,https://standards.bis.gov.in/website/know-your-standards,https://standardsbis.bsbedge.com/,librarary;furniture;fittings;timber;second;revision,Know Your Standard - Bureau of Indian Standards,https://standards.bis.gov.in/website/know-your-standards,2026-09-07
IS 1829 : Part 2 : 2017,Library Furniture and Fittings - Specification Part 2 Steel (Second Revision),,,,,,,,,,,https://standards.bis.gov.in/website/know-your-standards,https://standardsbis.bsbedge.com/,library;furniture;fittings;steel;second;revision,Know Your Standard - Bureau of Indian Standards,https://standards.bis.gov.in/website/know-your-standards,2026-09-07
IS 3845 : 1966,Code of practice for joints used in wooden furniture,,,,,,,,,,,https://standards.bis.gov.in/website/know-your-standards,https://standardsbis.bsbedge.com/,joints;used;wooden;furniture,Know Your Standard - Bureau of Indian Standards,https://standards.bis.gov.in/website/know-your-standards,2026-09-07
IS 4033 : 1968,General Requirements for Hospital Furniture,,,,,,,,,,,https://standards.bis.gov.in/website/know-your-standards,https://standardsbis.bsbedge.com/,hospital;furniture,Know Your Standard - Bureau of Indian Standards,https://standards.bis.gov.in/website/know-your-standards,2026-09-07
IS 4415 : 1974,Glossary of terms relating to wooden furniture and fixtures (Incorporated Amendement No.1),,,,,,,,,,,https://standards.bis.gov.in/website/know-your-standards,https://standardsbis.bsbedge.com/,glossary;terms;relating;wooden;furniture;fixtures;incorporated;amendement,Know Your Standard - Bureau of Indian Standards,https://standards.bis.gov.in/website/know-your-standards,2026-09-07
IS 4837 : 1990,"School furniture, classroom chairs and tables - Recommendations",,,,,,,,,,,https://standards.bis.gov.in/website/know-your-standards,https://standardsbis.bsbedge.com/,school;furniture;classroom;chairs;tables;recommendations,Know Your Standard - Bureau of Indian Standards,https://standards.bis.gov.in/website/know-your-standards,2026-09-07
IS B4837 : 1990,"School furniture, Classroom Chairs and Tables - Recommendations",,,,,,,,,,,https://standards.bis.gov.in/website/know-your-standards,https://standardsbis.bsbedge.com/,school;furniture;classroom;chairs;tables;recommendations,Know Your Standard - Bureau of Indian Standards,https://standards.bis.gov.in/website/know-your-standards,2026-09-07
IS 5247 : Part 1 : 1982,converted timber (coniferous) : Part 1 Light furniture,,,,,,,,,,,https://standards.bis.gov.in/website/know-your-standards,https://standardsbis.bsbedge.com/,converted;timber;coniferous;light;furniture,Know Your Standard - Bureau of Indian Standards,https://standards.bis.gov.in/website/know-your-standards,2026-09-07
IS 5807 : Part 1 : 1975,Methods of test for clear finishes for wooden furniture: Part 1 Resistance to dry heat,,,,,,,,,,,https://standards.bis.gov.in/website/know-your-standards,https://standardsbis.bsbedge.com/,clear;finishes;wooden;furniture;resistance;dry;heat,Know Your Standard - Bureau of Indian Standards,https://standards.bis.gov.in/website/know-your-standards,2026-09-07
IS 5807 : Part 2 : 1975,Methods of test for clear finishes for wooden furniture: Part 2 Resistance to wet heat,,,,,,,,,,,https://standards.bis.gov.in/website/know-your-standards,https://standardsbis.bsbedge.com/,clear;finishes;wooden;furniture;resistance;wet;heat,Know Your Standard - Bureau of Indian Standards,https://standards.bis.gov.in/website/know-your-standards,2026-09-07
IS 5807 : Part 3 : 1971,Methods of test for clear finishes for wooden furniture: Part 3 Resistance to marking by oils and fats,,,,,,,,,,,https://standards.bis.gov.in/website/know-your-standards,https://standardsbis.bsbedge.com/,clear;finishes;wooden;furniture;resistance;marking;oils;fats,Know Your Standard - Bureau of Indian Standards,https://standards.bis.gov.in/website/know-your-standards,2026-09-07
IS 5807 : Part 4 : 1975,Methods of test for clear finishes for wooden furniture: Part 4 Resistance to marking by liquids,,,,,,,,,,,https://standards.bis.gov.in/website/know-your-standards,https://standardsbis.bsbedge.com/,clear;finishes;wooden;furniture;resistance;marking;liquids,Know Your Standard - Bureau of Indian Standards,https://standards.bis.gov.in/website/know-your-standards,2026-09-07
IS 5807 : Part 5 : 1975,Methods of test for clear finishes for wooden furniture: Part 5 Test for low angle glare,,,,,,,,,,,https://standards.bis.gov.in/website/know-your-standards,https://standardsbis.bsbedge.com/,clear;finishes;wooden;furniture;low;angle;glare,Know Your Standard - Bureau of Indian Standards,https://standards.bis.gov.in/website/know-your-standards,2026-09-07
IS 5807 : Part 6 : 1978,Methods of Test for Clear Finishes for Wooden Furniture - Part VI : Resistance to Mechanical Damage,,,,,,,,,,,https://standards.bis.gov.in/website/know-your-standards,https://standardsbis.bsbedge.com/,clear;finishes;wooden;furniture;resistance;mechanical;damage,Know Your Standard - Bureau of Indian Standards,https://standards.bis.gov.in/website/know-your-standards,2026-09-07
IS 6184 : 1971,Dimensions for furniture mirrors,,,,,,,,,,,https://standards.bis.gov.in/website/know-your-standards,https://standardsbis.bsbedge.com/,dimensions;furniture;mirrors,Know Your Standard - Bureau of Indian Standards,https://standards.bis.gov.in/website/know-your-standards,2026-09-07
IS 7138 : 1973,Steel Tubes For Furniture Purposes,,,,,,,,,,,https://standards.bis.gov.in/website/know-your-standards,https://standardsbis.bsbedge.com/,steel;tubes;furniture;purposes,Know Your Standard - Bureau of Indian Standards,https://standards.bis.gov.in/website/know-your-standards,2026-09-07
IS 7564 : Part 5 : 1974,"Recommendations for co-ordination of dimensions in buildings-Arrangements of building components and assemblies: Part 5 Functional group 5 Fixtures, furniture and equipment",,,,,,,,,,,https://standards.bis.gov.in/website/know-your-standards,https://standardsbis.bsbedge.com/,recommendations;ordination;dimensions;buildings;arrangements;building;components;assemblies;functional;group;fixtures;furniture,Know Your Standard - Bureau of Indian Standards,https://standards.bis.gov.in/website/know-your-standards,2026-09-07
IS 8541 : 1993,Floor Polish For Floor And Wooden Furniture,,,,,,,,,,,https://standards.bis.gov.in/website/know-your-standards,https://standardsbis.bsbedge.com/,floor;polish;wooden;furniture,Know Your Standard - Bureau of Indian Standards,https://standards.bis.gov.in/website/know-your-standards,2026-09-07
IS 8542 : 1977,"Polish For Wooden Furniture, Paste",,,,,,,,,,,https://standards.bis.gov.in/website/know-your-standards,https://standardsbis.bsbedge.com/,polish;wooden;furniture;paste,Know Your Standard - Bureau of Indian Standards,https://standards.bis.gov.in/website/know-your-standards,2026-09-07
IS 8712 : Part 6 : 1985,Guidelines for Coordination of Dimension in Shipbuilding - Part 6 : Coordinating Spaces for Furniture,,,,,,,,,,,https://standards.bis.gov.in/website/know-your-standards,https://standardsbis.bsbedge.com/,guidelines;coordination;dimension;shipbuilding;coordinating;spaces;furniture,Know Your Standard - Bureau of Indian Standards,https://standards.bis.gov.in/website/know-your-standards,2026-09-07
IS 12467 : Part 1 : 2006,Textiles - Assessment of the Ignitability of Upholstered furniture : Part 1 Ignition source : smouldering cigrette,,,,,,,,,,,https://standards.bis.gov.in/website/know-your-standards,https://standardsbis.bsbedge.com/,textiles;assessment;ignitability;upholstered;furniture;ignition;source;smouldering;cigrette,Know Your Standard - Bureau of Indian Standards,https://standards.bis.gov.in/website/know-your-standards,2026-09-07
IS 12467 : Part 2 : 2006,Textiles - Assessment of the Ignitability of upholstered furniture : Part 2 Ignition source : Match Flame Equivalent,,,,,,,,,,,https://standards.bis.gov.in/website/know-your-standards,https://standardsbis.bsbedge.com/,textiles;assessment;ignitability;upholstered;furniture;ignition;source;match;flame;equivalent,Know Your Standard - Bureau of Indian Standards,https://standards.bis.gov.in/website/know-your-standards,2026-09-07
IS 13089 : 1991 ( ISO 7171 : 1988),Furniture - Storage units - Determination of stability,,,,,,,,,,,https://standards.bis.gov.in/website/know-your-standards,https://standardsbis.bsbedge.com/,furniture;storage;units;determination;stability,Know Your Standard - Bureau of Indian Standards,https://standards.bis.gov.in/website/know-your-standards,2026-09-07
IS 13622 : 1993,Indian Timbers for Furnitures and Cabinets- Classification,,,,,,,,,,,https://standards.bis.gov.in/website/know-your-standards,https://standardsbis.bsbedge.com/,indian;timbers;furnitures;cabinets;classification,Know Your Standard - Bureau of Indian Standards,https://standards.bis.gov.in/website/know-your-standards,2026-09-07
IS 17523 : 2021 ( ISO 22879 : 2016),Castors and Wheels - Requirements for Castors for Furniture,,,,,,,,,,,https://standards.bis.gov.in/website/know-your-standards,https://standardsbis.bsbedge.com/,castors;wheels;furniture,Know Your Standard - Bureau of Indian Standards,https://standards.bis.gov.in/website/know-your-standards,2026-09-07
IS 1641 : 2013,Code of practice for fire safety of buildings (general): General principles of fire grading and classification,,,,,,,,,,,https://standards.bis.gov.in/website/know-your-standards,https://standardsbis.bsbedge.com/,fire;safety;buildings;principles;grading;classification,Know Your Standard - Bureau of Indian Standards,https://standards.bis.gov.in/website/know-your-standards,2026-09-07
IS 1642 : 2013,Fire safety of buildings (general): Details of construction - Code of practice for,,,,,,,,,,,https://standards.bis.gov.in/website/know-your-standards,https://standardsbis.bsbedge.com/,fire;safety;buildings;details;construction,Know Your Standard - Bureau of Indian Standards,https://standards.bis.gov.in/website/know-your-standards,2026-09-07
IS 1643 : 2013,Fire Safety of Buildings (General): Exposure Hazard — Code of Practice,,,,,,,,,,,https://standards.bis.gov.in/website/know-your-standards,https://standardsbis.bsbedge.com/,fire;safety;buildings;exposure;hazard,Know Your Standard - Bureau of Indian Standards,https://standards.bis.gov.in/website/know-your-standards,2026-09-07
IS 1644 : 2013,Fire Safety of Buildings (General): Exit Requirements and Personal Hazard — Code of Practice,,,,,,,,,,,https://standards.bis.gov.in/website/know-your-standards,https://standardsbis.bsbedge.com/,fire;safety;buildings;exit;personal;hazard,Know Your Standard - Bureau of Indian Standards,https://standards.bis.gov.in/website/know-your-standards,2026-09-07
IS 1645 : 1960,Code of practice for fire safety of buildings,,,,,,,,,,,https://standards.bis.gov.in/website/know-your-standards,https://standardsbis.bsbedge.com/,fire;safety;buildings,Know Your Standard - Bureau of Indian Standards,https://standards.bis.gov.in/website/know-your-standards,2026-09-07
IS 1646 : 2015,Fire Safety of Buildings (General): Electrical Installations - Code of Practice ( Third Revision ),,,,,,,,,,,https://standards.bis.gov.in/website/know-your-standards,https://standardsbis.bsbedge.com/,fire;safety;buildings;electrical;installations;third;revision,Know Your Standard - Bureau of Indian Standards,https://standards.bis.gov.in/website/know-your-standards,2026-09-07
IS 1647 : 1960,Code of practice for fire safety of buildings,,,,,,,,,,,https://standards.bis.gov.in/website/know-your-standards,https://standardsbis.bsbedge.com/,fire;safety;buildings,Know Your Standard - Bureau of Indian Standards,https://standards.bis.gov.in/website/know-your-standards,2026-09-07
IS 2406 : 1963,Code of practice for fire safety of non-industrial buildings,,,,,,,,,,,https://standards.bis.gov.in/website/know-your-standards,https://standardsbis.bsbedge.com/,fire;safety;non;industrial;buildings,Know Your Standard - Bureau of Indian Standards,https://standards.bis.gov.in/website/know-your-standards,2026-09-07
IS 2726 : 1988,Code of practice for fire safety of industrial buildings: Cotton ginning and pressing (including cotton seed delintering)factories,,,,,,,,,,,https://standards.bis.gov.in/website/know-your-standards,https://standardsbis.bsbedge.com/,fire;safety;industrial;buildings;cotton;ginning;pressing;including;seed;delintering;factories,Know Your Standard - Bureau of Indian Standards,https://standards.bis.gov.in/website/know-your-standards,2026-09-07
IS 3034 : 1993,Fire Safety of Industrial Buildings: Electrical Generating and Distributing Stations - Code of Practice,,,,,,,,,,,https://standards.bis.gov.in/website/know-your-standards,https://standardsbis.bsbedge.com/,fire;safety;industrial;buildings;electrical;generating;distributing;stations,Know Your Standard - Bureau of Indian Standards,https://standards.bis.gov.in/website/know-your-standards,2026-09-07
IS 3058 : 1990,Code of practice for fire safety of industrial buildings: Viscose rayon yarn and/or staple fibre plants,,,,,,,,,,,https://standards.bis.gov.in/website/know-your-standards,https://standardsbis.bsbedge.com/,fire;safety;industrial;buildings;viscose;rayon;yarn;staple;fibre;plants,Know Your Standard - Bureau of Indian Standards,https://standards.bis.gov.in/website/know-your-standards,2026-09-07
IS 3079 : 1990,Code of practice for fire safety of industrial buildings: Cotton textile mills,,,,,,,,,,,https://standards.bis.gov.in/website/know-your-standards,https://standardsbis.bsbedge.com/,fire;safety;industrial;buildings;cotton;textile;mills,Know Your Standard - Bureau of Indian Standards,https://standards.bis.gov.in/website/know-your-standards,2026-09-07
IS 3594 : 2024,Fire Safety of General Storage and Warehousing Including Cold Storages - Code of Practice,,,,,,,,,,,https://standards.bis.gov.in/website/know-your-standards,https://standardsbis.bsbedge.com/,fire;safety;storage;warehousing;including;cold;storages,Know Your Standard - Bureau of Indian Standards,https://standards.bis.gov.in/website/know-your-standards,2026-09-07
IS 3595 : 2002,Code of Practice for Fire Safety of Industrial Buildings : Coal Pulverizers and Associated Equipments,,,,,,,,,,,https://standards.bis.gov.in/website/know-your-standards,https://standardsbis.bsbedge.com/,fire;safety;industrial;buildings;coal;pulverizers;associated;equipments,Know Your Standard - Bureau of Indian Standards,https://standards.bis.gov.in/website/know-your-standards,2026-09-07
IS 3836 : 2000,Fire Safety of Industrial Buildings - Jute Mills - Code of Practice,,,,,,,,,,,https://standards.bis.gov.in/website/know-your-standards,https://standardsbis.bsbedge.com/,fire;safety;industrial;buildings;jute;mills,Know Your Standard - Bureau of Indian Standards,https://standards.bis.gov.in/website/know-your-standards,2026-09-07
IS 4226 : 1988,Code of practice for fire safety of industrial building: Aluminium/Magnesium powder factories,,,,,,,,,,,https://standards.bis.gov.in/website/know-your-standards,https://standardsbis.bsbedge.com/,fire;safety;industrial;building;aluminium;magnesium;powder;factories,Know Your Standard - Bureau of Indian Standards,https://standards.bis.gov.in/website/know-your-standards,2026-09-07
IS 4886 : 1991,Code of practice for fire safety of industrial buildings: Tea factories,,,,,,,,,,,https://standards.bis.gov.in/website/know-your-standards,https://standardsbis.bsbedge.com/,fire;safety;industrial;buildings;tea;factories,Know Your Standard - Bureau of Indian Standards,https://standards.bis.gov.in/website/know-your-standards,2026-09-07
IS 6329 : 2000,Code of Practice for Fire Safety of Industrial Buildings - Saw Mills and Wood Works,,,,,,,,,,,https://standards.bis.gov.in/website/know-your-standards,https://standardsbis.bsbedge.com/,fire;safety;industrial;buildings;saw;mills;wood;works,Know Your Standard - Bureau of Indian Standards,https://standards.bis.gov.in/website/know-your-standards,2026-09-07
IS 8757 : 2021,Glossary of Terms Associated With Fire Safety (Second Revision),,,,,,,,,,,https://standards.bis.gov.in/website/know-your-standards,https://standardsbis.bsbedge.com/,glossary;terms;associated;fire;safety;second;revision,Know Your Standard - Bureau of Indian Standards,https://standards.bis.gov.in/website/know-your-standards,2026-09-07
IS 9109 : 2000,Fire Safety of Industrial Buildings - Paint and Varnish Factories - Code of Practice,,,,,,,,,,,https://standards.bis.gov.in/website/know-your-standards,https://standardsbis.bsbedge.com/,fire;safety;industrial;buildings;paint;varnish;factories,Know Your Standard - Bureau of Indian Standards,https://standards.bis.gov.in/website/know-your-standards,2026-09-07
IS 10386 : Part 7 : 2020,"Construction, Operation and Maintenance of River Valley Projects — Safety Code Part 7 Fire Safety Aspects ( First Revision )",,,,,,,,,,,https://standards.bis.gov.in/website/know-your-standards,https://standardsbis.bsbedge.com/,construction;operation;maintenance;river;valley;projects;safety;fire;aspects;first;revision,Know Your Standard - Bureau of Indian Standards,https://standards.bis.gov.in/website/know-your-standards,2026-09-07
IS 11457 : Part 1 : 1985,Code of practice for fire safety of chemical industries: Part 1 Rubber and plastic,,,,,,,,,,,https://standards.bis.gov.in/website/know-your-standards,https://standardsbis.bsbedge.com/,fire;safety;chemical;industries;rubber;plastic,Know Your Standard - Bureau of Indian Standards,https://standards.bis.gov.in/website/know-your-standards,2026-09-07
IS 11460 : 1985,Code of Practice for Fire Safety of Libraries and Archives,,,,,,,,,,,https://standards.bis.gov.in/website/know-your-standards,https://standardsbis.bsbedge.com/,fire;safety;libraries;archives,Know Your Standard - Bureau of Indian Standards,https://standards.bis.gov.in/website/know-your-standards,2026-09-07
IS 12349 : 1988,Fire protection-safety signs,,,,,,,,,,,https://standards.bis.gov.in/website/know-your-standards,https://standardsbis.bsbedge.com/,fire;protection;safety;signs,Know Your Standard - Bureau of Indian Standards,https://standards.bis.gov.in/website/know-your-standards,2026-09-07
IS 13063 - (Active) : 1991,Structural Safety of Buildings on Shallow Foundations on Rocks - Code of Practice - (Vaild upto 10 September 2026),,,,,,,,,,,https://standards.bis.gov.in/website/know-your-standards,https://standardsbis.bsbedge.com/,structural;safety;buildings;shallow;foundations;rocks;vaild;upto;september,Know Your Standard - Bureau of Indian Standards,https://standards.bis.gov.in/website/know-your-standards,2026-09-07
IS 16700 : 2023,Criteria For Structural Safety Of Tall Concrete Buildings,,,,,,,,,,,https://standards.bis.gov.in/website/know-your-standards,https://standardsbis.bsbedge.com/,criteria;structural;safety;tall;concrete;buildings,Know Your Standard - Bureau of Indian Standards,https://standards.bis.gov.in/website/know-your-standards,2026-09-07
IS 14732 : 2000 ( ISO 6897 : 1984),"Guidelines for the Evaluation of the Response of Occupants of Fixed Structures, Especially Buildings and Off-Shore Structures, to Low-Frequency Horizontal Motion (0.063 to 1 Hz)",,,,,,,,,,,https://standards.bis.gov.in/website/know-your-standards,https://standardsbis.bsbedge.com/,guidelines;evaluation;response;occupants;fixed;structures;especially;buildings;off;shore;low;frequency,Know Your Standard - Bureau of Indian Standards,https://standards.bis.gov.in/website/know-your-standards,2026-09-07
SP 22 : 1982,Explanatory Handbook on Codes for Earthquake Engineering,,,,,,,,,,,https://standards.bis.gov.in/website/know-your-standards,https://standardsbis.bsbedge.com/,explanatory;handbook;codes;earthquake;engineering,Know Your Standard - Bureau of Indian Standards,https://standards.bis.gov.in/website/know-your-standards,2026-09-07
IS 3384 : 1986,bitumen primer for use in waterproofing and damp-proofing,,,,,,,,,,,https://standards.bis.gov.in/website/know-your-standards,https://standardsbis.bsbedge.com/,bitumen;primer;use;waterproofing;damp;proofing,Know Your Standard - Bureau of Indian Standards,https://standards.bis.gov.in/website/know-your-standards,2026-09-07
IS 4911 : 1986,Glossary of terms relating to bituminous waterproofing and damp-proofing of buildings,,,,,,,,,,,https://standards.bis.gov.in/website/know-your-standards,https://standardsbis.bsbedge.com/,glossary;terms;relating;bituminous;waterproofing;damp;proofing;buildings,Know Your Standard - Bureau of Indian Standards,https://standards.bis.gov.in/website/know-your-standards,2026-09-07
IS 9918 : 1981,Code of practice for in-situ waterproofing and damp-proofing treatments with glass fibre tissue reinforced bitumen,,,,,,,,,,,https://standards.bis.gov.in/website/know-your-standards,https://standardsbis.bsbedge.com/,situ;waterproofing;damp;proofing;treatments;glass;fibre;tissue;reinforced;bitumen,Know Your Standard - Bureau of Indian Standards,https://standards.bis.gov.in/website/know-your-standards,2026-09-07
IS 13182 : 2020,Waterproofing and Damp-Proofing of Wet Areas in Buildings — Recommendations ( First Revision ),,,,,,,,,,,https://standards.bis.gov.in/website/know-your-standards,https://standardsbis.bsbedge.com/,waterproofing;damp;proofing;wet;areas;buildings;recommendations;first;revision,Know Your Standard - Bureau of Indian Standards,https://standards.bis.gov.in/website/know-your-standards,2026-09-07
IS 16525 : 2017,Styrene Butadiene Styrene (SBS) Modified Bituminous Waterproofing and Damp-proofing Membrane with Polyester Reinforcement - Specification,,,,,,,,,,,https://standards.bis.gov.in/website/know-your-standards,https://standardsbis.bsbedge.com/,styrene;butadiene;sbs;modified;bituminous;waterproofing;damp;proofing;membrane;polyester;reinforcement,Know Your Standard - Bureau of Indian Standards,https://standards.bis.gov.in/website/know-your-standards,2026-09-07
IS 16526 : 2017,Atactic Polypropylene (APP) Modified Bituminous Waterproofing and Damp-proofing Membrane with Glass Fibre Reinforcement - Specification,,,,,,,,,,,https://standards.bis.gov.in/website/know-your-standards,https://standardsbis.bsbedge.com/,atactic;polypropylene;app;modified;bituminous;waterproofing;damp;proofing;membrane;glass;fibre;reinforcement,Know Your Standard - Bureau of Indian Standards,https://standards.bis.gov.in/website/know-your-standards,2026-09-07
IS 16532 : 2017,APP Modified Bituminous Waterproofing and Damp-Proofing Membrane with Polyester Reinforcement - Specification,,,,,,,,,,,https://standards.bis.gov.in/website/know-your-standards,https://standardsbis.bsbedge.com/,app;modified;bituminous;waterproofing;damp;proofing;membrane;polyester;reinforcement,Know Your Standard - Bureau of Indian Standards,https://standards.bis.gov.in/website/know-your-standards,2026-09-07
IS 16540 : 2017,Atactic Polypropylene (APP) Modified High Molecular High Density Polyethylene (HMHDPE) Bituminous Waterproofing and Damp-Proofing Membrane - Specification,,,,,,,,,,,https://standards.bis.gov.in/website/know-your-standards,https://standardsbis.bsbedge.com/,atactic;polypropylene;app;modified;high;molecular;density;polyethylene;hmhdpe;bituminous;waterproofing;damp,Know Your Standard - Bureau of Indian Standards,https://standards.bis.gov.in/website/know-your-standards,2026-09-07
IS 7293 : 1974,Safety code for working with construction machinery,,,,,,,,,,,https://standards.bis.gov.in/website/know-your-standards,https://standardsbis.bsbedge.com/,safety;working;construction;machinery,Know Your Standard - Bureau of Indian Standards,https://standards.bis.gov.in/website/know-your-standards,2026-09-07
IS 8607 : Part 7 : 1985,General and safety requirements for electrical equipment used in medical practice: Part 7 Construction,,,,,,,,,,,https://standards.bis.gov.in/website/know-your-standards,https://standardsbis.bsbedge.com/,safety;electrical;equipment;used;medical;construction,Know Your Standard - Bureau of Indian Standards,https://standards.bis.gov.in/website/know-your-standards,2026-09-07
"IS 10386 : Part 6 (Active,Concurrent Running) : 1983","Safety code for construction, operation and maintenance of river valley projects: Part 6 Construction",,,,,,,,,,,https://standards.bis.gov.in/website/know-your-standards,https://standardsbis.bsbedge.com/,safety;construction;operation;maintenance;river;valley;projects,Know Your Standard - Bureau of Indian Standards,https://standards.bis.gov.in/website/know-your-standards,2026-09-07
IS 10386 : Part 11 : 2026,"Safety in Construction, Operation and Maintenance of River Valley Projects - Guidelines - Part 11 Underground Excavation",,,,,,,,,,,https://standards.bis.gov.in/website/know-your-standards,https://standardsbis.bsbedge.com/,safety;construction;operation;maintenance;river;valley;projects;guidelines;underground;excavation,Know Your Standard - Bureau of Indian Standards,https://standards.bis.gov.in/website/know-your-standards,2026-09-07
IS 13430 : 1992,Code of practice for safety during additional construction and alteration to existing buildings,,,,,,,,,,,https://standards.bis.gov.in/website/know-your-standards,https://standardsbis.bsbedge.com/,safety;during;additional;construction;alteration;existing;buildings,Know Your Standard - Bureau of Indian Standards,https://standards.bis.gov.in/website/know-your-standards,2026-09-07
IS 16811 : 2018 ( ISO 14120 : 2015),Safety of Machinery — Guards — General Requirements for the Design and Construction of Fixed and Movable Guards,,,,,,,,,,,https://standards.bis.gov.in/website/know-your-standards,https://standardsbis.bsbedge.com/,safety;machinery;guards;design;construction;fixed;movable,Know Your Standard - Bureau of Indian Standards,https://standards.bis.gov.in/website/know-your-standards,2026-09-07
SP 7 : 2016,"National Building Code of India 2016 (Vol I and II)This standard is available as a pre-printed copy for purchase. However, if you still wish to download the soft copy of the Standard you may proceed with that. Print price :13760.00 INR (in India)(For Printed copies please contact BSBEdge.)",,,,,,,,,,,https://standards.bis.gov.in/website/know-your-standards,https://standardsbis.bsbedge.com/,national;building;india;vol;this;standard;available;pre;printed;copy;purchase;however,Know Your Standard - Bureau of Indian Standards,https://standards.bis.gov.in/website/know-your-standards,2026-09-07
SP 7 : Group 1 : 2005,National Building Code Of India 2005 Group 1,,,,,,,,,,,https://standards.bis.gov.in/website/know-your-standards,https://standardsbis.bsbedge.com/,national;building;india;group,Know Your Standard - Bureau of Indian Standards,https://standards.bis.gov.in/website/know-your-standards,2026-09-07
SP 7 : Group 2 : 2005,National Building Code Of India 2005 Group 2,,,,,,,,,,,https://standards.bis.gov.in/website/know-your-standards,https://standardsbis.bsbedge.com/,national;building;india;group,Know Your Standard - Bureau of Indian Standards,https://standards.bis.gov.in/website/know-your-standards,2026-09-07
SP 7 : Group 3 : 2005,National Building Code Of India 2005 Group 3,,,,,,,,,,,https://standards.bis.gov.in/website/know-your-standards,https://standardsbis.bsbedge.com/,national;building;india;group,Know Your Standard - Bureau of Indian Standards,https://standards.bis.gov.in/website/know-your-standards,2026-09-07
SP 7 : Group 4 : 2005,National Building Code Of India 2005 Group 4,,,,,,,,,,,https://standards.bis.gov.in/website/know-your-standards,https://standardsbis.bsbedge.com/,national;building;india;group,Know Your Standard - Bureau of Indian Standards,https://standards.bis.gov.in/website/know-your-standards,2026-09-07
SP 7 : Group 5 : 2005,National Building Code Of India 2005 Group 5,,,,,,,,,,,https://standards.bis.gov.in/website/know-your-standards,https://standardsbis.bsbedge.com/,national;building;india;group,Know Your Standard - Bureau of Indian Standards,https://standards.bis.gov.in/website/know-your-standards,2026-09-07
IS 4651 : Part 1 : 2020,Code of practice for planning and design of ports and harbours: Part 1 Site investigation,,,,,,,,,,,https://standards.bis.gov.in/website/know-your-standards,https://standardsbis.bsbedge.com/,planning;design;ports;harbours;site;investigation,Know Your Standard - Bureau of Indian Standards,https://standards.bis.gov.in/website/know-your-standards,2026-09-07
IS 4651 : Part 2 : 2020,Planning and Design of Ports and Harbours - Code of Practice Part 2 Geotechnical Engineering ( Second Revision ),,,,,,,,,,,https://standards.bis.gov.in/website/know-your-standards,https://standardsbis.bsbedge.com/,planning;design;ports;harbours;geotechnical;engineering;second;revision,Know Your Standard - Bureau of Indian Standards,https://standards.bis.gov.in/website/know-your-standards,2026-09-07
IS 4651 : Part 3 : 2020,Code of Practice for Planning and Design of Ports and Harbours - Part III : Loading,,,,,,,,,,,https://standards.bis.gov.in/website/know-your-standards,https://standardsbis.bsbedge.com/,planning;design;ports;harbours;iii;loading,Know Your Standard - Bureau of Indian Standards,https://standards.bis.gov.in/website/know-your-standards,2026-09-07
IS 4651 : Part 4 : 2023,Planning And Design Of Ports And Harbours - Code Of Practice Part 4 General Design Considerations,,,,,,,,,,,https://standards.bis.gov.in/website/know-your-standards,https://standardsbis.bsbedge.com/,planning;design;ports;harbours;considerations,Know Your Standard - Bureau of Indian Standards,https://standards.bis.gov.in/website/know-your-standards,2026-09-07
IS 4651 : Part 5 : 1980,Code of practice for planning and design of ports and harbours: Part 5 Layout and functional requirements,,,,,,,,,,,https://standards.bis.gov.in/website/know-your-standards,https://standardsbis.bsbedge.com/,planning;design;ports;harbours;layout;functional,Know Your Standard - Bureau of Indian Standards,https://standards.bis.gov.in/website/know-your-standards,2026-09-07
IS 10947 : 1984,Code of Practice for Lighting for Ports and Harbours,,,,,,,,,,,https://standards.bis.gov.in/website/know-your-standards,https://standardsbis.bsbedge.com/,lighting;ports;harbours,Know Your Standard - Bureau of Indian Standards,https://standards.bis.gov.in/website/know-your-standards,2026-09-07
IS 11358 : 1987,Glossary of terms and symbols relating to rock mechanics,,,,,,,,,,,https://standards.bis.gov.in/website/know-your-standards,https://standardsbis.bsbedge.com/,glossary;terms;symbols;relating;rock;mechanics,Know Your Standard - Bureau of Indian Standards,https://standards.bis.gov.in/website/know-your-standards,2026-09-07
IS 13916 : 1994,Code Of Practice For Installation Of Glass Fibre Reinforced Plastic (grp) Piping System,,,,,,,,,,,https://standards.bis.gov.in/website/know-your-standards,https://standardsbis.bsbedge.com/,installation;glass;fibre;reinforced;plastic;grp;piping;system,Know Your Standard - Bureau of Indian Standards,https://standards.bis.gov.in/website/know-your-standards,2026-09-07
IS 16098 Part 1 : 2013,"Structured-Wall Plastics Piping Systems for Non-Pressure Drainage and Sewerage Part 1 Pipes and Fittings With Smooth External Surface, Type A",,,,,,,,,,,https://standards.bis.gov.in/website/know-your-standards,https://standardsbis.bsbedge.com/,structured;wall;plastics;piping;systems;non;pressure;drainage;sewerage;pipes;fittings;smooth,Know Your Standard - Bureau of Indian Standards,https://standards.bis.gov.in/website/know-your-standards,2026-09-07
IS 16098 Part 2 : 2013,"Structured-Wall Plastics Piping Systems for Non-Pressure Drainage and Sewerage Part 2 Pipes and Fittings with Non-Smooth External Surface, Type B",,,,,,,,,,,https://standards.bis.gov.in/website/know-your-standards,https://standardsbis.bsbedge.com/,structured;wall;plastics;piping;systems;non;pressure;drainage;sewerage;pipes;fittings;smooth,Know Your Standard - Bureau of Indian Standards,https://standards.bis.gov.in/website/know-your-standards,2026-09-07
IS 16462 : 2016 ( ISO 9080: 2012),Plastic Piping and Ducting Systems - Determination of the Long-Term Hydrostatic Strength of Thermoplastics Materials in Pipe Form by Extrapolation,,,,,,,,,,,https://standards.bis.gov.in/website/know-your-standards,https://standardsbis.bsbedge.com/,plastic;piping;ducting;systems;determination;long;term;hydrostatic;strength;thermoplastics;materials;pipe,Know Your Standard - Bureau of Indian Standards,https://standards.bis.gov.in/website/know-your-standards,2026-09-07
IS 17544 : 2022,Multilayer PE-AL-PE Plastic Piping Systems for Indoor Gas Installations with a Maximum Operating Pressure up to and Including 500 KPA 5 bar - Specificaiton,,,,,,,,,,,https://standards.bis.gov.in/website/know-your-standards,https://standardsbis.bsbedge.com/,multilayer;plastic;piping;systems;indoor;gas;installations;maximum;operating;pressure;including;kpa,Know Your Standard - Bureau of Indian Standards,https://standards.bis.gov.in/website/know-your-standards,2026-09-07
SP 34 : 1987,Handbook on Concrete Reinforcement and Detailing,,,,,,,,,,,https://standards.bis.gov.in/website/know-your-standards,https://standardsbis.bsbedge.com/,handbook;concrete;reinforcement;detailing,Know Your Standard - Bureau of Indian Standards,https://standards.bis.gov.in/website/know-your-standards,2026-09-07
IS 432 : Part 1 : 2026,Mild Steel and Medium Tensile Steel Bars and Cold Reduced Steel Wires for Concrete Reinforcement - Specification - Part 1 Mild Steel and Medium Tensile Steel Bars,,,,,,,,,,,https://standards.bis.gov.in/website/know-your-standards,https://standardsbis.bsbedge.com/,mild;steel;medium;tensile;bars;cold;reduced;wires;concrete;reinforcement,Know Your Standard - Bureau of Indian Standards,https://standards.bis.gov.in/website/know-your-standards,2026-09-07
IS 432 : Part 1 - (Active) : 1982,Mild Steel and Medium Tensile Steel Bars and Hard-Drawn Steel Wire for Concrete Reinforcement: Part 1 Mild Steel and Medium Tensile Steel Bars - (Vaild upto 29 November 2026),,,,,,,,,,,https://standards.bis.gov.in/website/know-your-standards,https://standardsbis.bsbedge.com/,mild;steel;medium;tensile;bars;hard;drawn;wire;concrete;reinforcement;vaild;upto,Know Your Standard - Bureau of Indian Standards,https://standards.bis.gov.in/website/know-your-standards,2026-09-07
IS 432 : Part 2 : 1982,Mild Steel and Medium Tensile Steel Bars and Hard-Drawn Steel Wire for Concrete Reinforcement: Part 2 Hard-Drawn Steel Wire,,,,,,,,,,,https://standards.bis.gov.in/website/know-your-standards,https://standardsbis.bsbedge.com/,mild;steel;medium;tensile;bars;hard;drawn;wire;concrete;reinforcement,Know Your Standard - Bureau of Indian Standards,https://standards.bis.gov.in/website/know-your-standards,2026-09-07
IS 458 : 2021,Precast Concrete Pipes (with and without Reinforcement) -,,,,,,,,,,,https://standards.bis.gov.in/website/know-your-standards,https://standardsbis.bsbedge.com/,precast;concrete;pipes;without;reinforcement,Know Your Standard - Bureau of Indian Standards,https://standards.bis.gov.in/website/know-your-standards,2026-09-07
IS 1139 : 1966,"Specification for Hot rolled mild steel, medium tensile steel and high yield strength steel deformed bars for concrete reinforcements",,,,,,,,,,,https://standards.bis.gov.in/website/know-your-standards,https://standardsbis.bsbedge.com/,hot;rolled;mild;steel;medium;tensile;high;yield;strength;deformed;bars;concrete,Know Your Standard - Bureau of Indian Standards,https://standards.bis.gov.in/website/know-your-standards,2026-09-07
IS 1566 : 1982,Hard-drawn Steel Wire Fabric For Concrete Reinforcement,,,,,,,,,,,https://standards.bis.gov.in/website/know-your-standards,https://standardsbis.bsbedge.com/,hard;drawn;steel;wire;fabric;concrete;reinforcement,Know Your Standard - Bureau of Indian Standards,https://standards.bis.gov.in/website/know-your-standards,2026-09-07
IS 1786 : 2008,High strength deformed steel bars and wires for concrete reinforcement-,,,,,,,,,,,https://standards.bis.gov.in/website/know-your-standards,https://standardsbis.bsbedge.com/,high;strength;deformed;steel;bars;wires;concrete;reinforcement,Know Your Standard - Bureau of Indian Standards,https://standards.bis.gov.in/website/know-your-standards,2026-09-07
IS 2502 : 1963,Code of Practice for Bending and Fixing of Bars for Concrete Reinforcement,,,,,,,,,,,https://standards.bis.gov.in/website/know-your-standards,https://standardsbis.bsbedge.com/,bending;fixing;bars;concrete;reinforcement,Know Your Standard - Bureau of Indian Standards,https://standards.bis.gov.in/website/know-your-standards,2026-09-07
IS 6441 : Part 4 : 1972,Methods of Test for Autoclaved Cellular Concrete Products - Part IV : Corrosion Protection of Steel Reinforcement in Autoclave Cellular Concrete,,,,,,,,,,,https://standards.bis.gov.in/website/know-your-standards,https://standardsbis.bsbedge.com/,autoclaved;cellular;concrete;products;corrosion;protection;steel;reinforcement;autoclave,Know Your Standard - Bureau of Indian Standards,https://standards.bis.gov.in/website/know-your-standards,2026-09-07
IS 6461 : Part 3 : 2024,Cement Concrete - Glossary of Terms - Part 3 Concrete Reinforcement,,,,,,,,,,,https://standards.bis.gov.in/website/know-your-standards,https://standardsbis.bsbedge.com/,cement;concrete;glossary;terms;reinforcement,Know Your Standard - Bureau of Indian Standards,https://standards.bis.gov.in/website/know-your-standards,2026-09-07
IS 12594 : 1988,Hot-dip Zinc Coating on Structural Steel Bars for Concrete Reinforcement,,,,,,,,,,,https://standards.bis.gov.in/website/know-your-standards,https://standardsbis.bsbedge.com/,hot;dip;zinc;coating;structural;steel;bars;concrete;reinforcement,Know Your Standard - Bureau of Indian Standards,https://standards.bis.gov.in/website/know-your-standards,2026-09-07
IS 16651 : 2017,High Strength Deformed Stainless Steel Bars and Wires for Concrete Reinforcement - Specification,,,,,,,,,,,https://standards.bis.gov.in/website/know-your-standards,https://standardsbis.bsbedge.com/,high;strength;deformed;stainless;steel;bars;wires;concrete;reinforcement,Know Your Standard - Bureau of Indian Standards,https://standards.bis.gov.in/website/know-your-standards,2026-09-07
IS 17171 : 2019 ( ISO 3766 : 2003),Construction Drawings — Simplified Representation of Concrete Reinforcement,,,,,,,,,,,https://standards.bis.gov.in/website/know-your-standards,https://standardsbis.bsbedge.com/,construction;drawings;simplified;representation;concrete;reinforcement,Know Your Standard - Bureau of Indian Standards,https://standards.bis.gov.in/website/know-your-standards,2026-09-07
IS 18255 : 2023,Fibre-Reinforced Polymer (FRP) Bars for Concrete Reinforcement - Methods of Test,,,,,,,,,,,https://standards.bis.gov.in/website/know-your-standards,https://standardsbis.bsbedge.com/,fibre;reinforced;polymer;frp;bars;concrete;reinforcement,Know Your Standard - Bureau of Indian Standards,https://standards.bis.gov.in/website/know-your-standards,2026-09-07
IS 18256 : 2023,Solid Round Glass Fibre Reinforced Polymer (Gfrp) Bars For Concrete Reinforcement - Specification,,,,,,,,,,,https://standards.bis.gov.in/website/know-your-standards,https://standardsbis.bsbedge.com/,solid;round;glass;fibre;reinforced;polymer;gfrp;bars;concrete;reinforcement,Know Your Standard - Bureau of Indian Standards,https://standards.bis.gov.in/website/know-your-standards,2026-09-07
IS 19068 : 2025,Continuous Hot-Dip Galvanized Steel Bars for Concrete Reinforcement - Specification,,,,,,,,,,,https://standards.bis.gov.in/website/know-your-standards,https://standardsbis.bsbedge.com/,continuous;hot;dip;galvanized;steel;bars;concrete;reinforcement,Know Your Standard - Bureau of Indian Standards,https://standards.bis.gov.in/website/know-your-standards,2026-09-07
IS 17456 : 2020,Smart Community Infrastructure - Guidance on Smart Transportation for Allocation of Parking Lots in Cities,,,,,,,,,,,https://standards.bis.gov.in/website/know-your-standards,https://standardsbis.bsbedge.com/,smart;community;infrastructure;guidance;transportation;allocation;parking;lots;cities,Know Your Standard - Bureau of Indian Standards,https://standards.bis.gov.in/website/know-your-standards,2026-09-07
IS 17738 : 2022,Sustainable development of habitats - Indicators for smart cities,,,,,,,,,,,https://standards.bis.gov.in/website/know-your-standards,https://standardsbis.bsbedge.com/,sustainable;development;habitats;indicators;smart;cities,Know Your Standard - Bureau of Indian Standards,https://standards.bis.gov.in/website/know-your-standards,2026-09-07
IS 18008 : Part 1 : 2021,Smart Cities - GIS - Part 1 Reference Architecture,,,,,,,,,,,https://standards.bis.gov.in/website/know-your-standards,https://standardsbis.bsbedge.com/,smart;cities;gis;reference;architecture,Know Your Standard - Bureau of Indian Standards,https://standards.bis.gov.in/website/know-your-standards,2026-09-07
IS 18008 : Part 2 : 2024,Smart Cities-GIS - Part 2 Self-Assessment of GIS Reference Architecture,,,,,,,,,,,https://standards.bis.gov.in/website/know-your-standards,https://standardsbis.bsbedge.com/,smart;cities;gis;self;assessment;reference;architecture,Know Your Standard - Bureau of Indian Standards,https://standards.bis.gov.in/website/know-your-standards,2026-09-07
IS 18312 : 2023,Smart Community Infrastructures - Smart Transportation For Compact Cities - Guidelines,,,,,,,,,,,https://standards.bis.gov.in/website/know-your-standards,https://standardsbis.bsbedge.com/,smart;community;infrastructures;transportation;compact;cities;guidelines,Know Your Standard - Bureau of Indian Standards,https://standards.bis.gov.in/website/know-your-standards,2026-09-07
IS 9000 : Part 1 : 1988,Basic Environmental Testing Procedures for Electronic and Electrical Items - Part 1 : General,,,,,,,,,,,https://standards.bis.gov.in/website/know-your-standards,https://standardsbis.bsbedge.com/,basic;environmental;testing;procedures;electronic;electrical;items,Know Your Standard - Bureau of Indian Standards,https://standards.bis.gov.in/website/know-your-standards,2026-09-07
IS 9000 : Part 3 : Sec 1 to 5 : 1977,Basic environmental testing procedures for electronic and electrical items: Part 3 Dry heat test,,,,,,,,,,,https://standards.bis.gov.in/website/know-your-standards,https://standardsbis.bsbedge.com/,basic;environmental;testing;procedures;electronic;electrical;items;dry;heat,Know Your Standard - Bureau of Indian Standards,https://standards.bis.gov.in/website/know-your-standards,2026-09-07
IS 9000 : Part 5 : Sec 1 AND 2 : 1981,Basic environmental testing procedures for electronic and electrical items: Part 5 Damp heat (cyclic) test,,,,,,,,,,,https://standards.bis.gov.in/website/know-your-standards,https://standardsbis.bsbedge.com/,basic;environmental;testing;procedures;electronic;electrical;items;damp;heat;cyclic,Know Your Standard - Bureau of Indian Standards,https://standards.bis.gov.in/website/know-your-standards,2026-09-07
IS 9000 : Part 6 : 1978,Basic environmental testing procedures for electronic and electrical items: Part 6 Composite temperature/humidity cyclic test,,,,,,,,,,,https://standards.bis.gov.in/website/know-your-standards,https://standardsbis.bsbedge.com/,basic;environmental;testing;procedures;electronic;electrical;items;composite;temperature;humidity;cyclic,Know Your Standard - Bureau of Indian Standards,https://standards.bis.gov.in/website/know-your-standards,2026-09-07
IS 9000 : Part 7 : Sec 1 : 2018 ( IEC 60068-2-27 : 2008),Basic Environmental Testing Procedures for Electronic and Electrical Items Part 7 Impact Test Section 1 Shock (Test Ea) ( Second Revision ),,,,,,,,,,,https://standards.bis.gov.in/website/know-your-standards,https://standardsbis.bsbedge.com/,basic;environmental;testing;procedures;electronic;electrical;items;impact;section;shock;second;revision,Know Your Standard - Bureau of Indian Standards,https://standards.bis.gov.in/website/know-your-standards,2026-09-07
IS 9000 : Part 7 : Sec 6 : 1988,"Basic environmental testing procedures for electronic and electrical items: Part 7 Impact test, Section 6 Test Ee: Bounce",,,,,,,,,,,https://standards.bis.gov.in/website/know-your-standards,https://standardsbis.bsbedge.com/,basic;environmental;testing;procedures;electronic;electrical;items;impact;section;bounce,Know Your Standard - Bureau of Indian Standards,https://standards.bis.gov.in/website/know-your-standards,2026-09-07
IS 9000 : Part 7 : Sec 1 to 5 : 1979,Basic environmental testing procedures for electronic and electrical items: Part 7 Impact test,,,,,,,,,,,https://standards.bis.gov.in/website/know-your-standards,https://standardsbis.bsbedge.com/,basic;environmental;testing;procedures;electronic;electrical;items;impact,Know Your Standard - Bureau of Indian Standards,https://standards.bis.gov.in/website/know-your-standards,2026-09-07
IS 9000 : Part 8 : 1981,Basic environmental testing procedures for electronic and electrical items: Part 8 Vibration (sinusoidal) test,,,,,,,,,,,https://standards.bis.gov.in/website/know-your-standards,https://standardsbis.bsbedge.com/,basic;environmental;testing;procedures;electronic;electrical;items;vibration;sinusoidal,Know Your Standard - Bureau of Indian Standards,https://standards.bis.gov.in/website/know-your-standards,2026-09-07
IS 9000 : Part 9 : 1984,Basic environmental testing procedures for electronic and electrical items: Part 9 Acceleration (steady state),,,,,,,,,,,https://standards.bis.gov.in/website/know-your-standards,https://standardsbis.bsbedge.com/,basic;environmental;testing;procedures;electronic;electrical;items;acceleration;steady;state,Know Your Standard - Bureau of Indian Standards,https://standards.bis.gov.in/website/know-your-standards,2026-09-07
IS 9000 : Part 10 : 1979,Basic environmental testing procedures for electronic and electrical items: Part 10 Mould growth test (Redesignation of IS:7805-1975),,,,,,,,,,,https://standards.bis.gov.in/website/know-your-standards,https://standardsbis.bsbedge.com/,basic;environmental;testing;procedures;electronic;electrical;items;mould;growth;redesignation,Know Your Standard - Bureau of Indian Standards,https://standards.bis.gov.in/website/know-your-standards,2026-09-07
IS 9000 : Part 11 : 1983,Basic environmental testing procedures for electronic and electrical items: Part 11 Salt mist test,,,,,,,,,,,https://standards.bis.gov.in/website/know-your-standards,https://standardsbis.bsbedge.com/,basic;environmental;testing;procedures;electronic;electrical;items;salt;mist,Know Your Standard - Bureau of Indian Standards,https://standards.bis.gov.in/website/know-your-standards,2026-09-07
IS 9000 : Part 12 : 1981,Basic environmental testing procedures for electronic and electrical items: Part 12 Dust test,,,,,,,,,,,https://standards.bis.gov.in/website/know-your-standards,https://standardsbis.bsbedge.com/,basic;environmental;testing;procedures;electronic;electrical;items;dust,Know Your Standard - Bureau of Indian Standards,https://standards.bis.gov.in/website/know-your-standards,2026-09-07
IS 9000 : Part 13 : 1981,Basic environmental testing procedures for electronic and electrical items: Part 13 Low air pressure test,,,,,,,,,,,https://standards.bis.gov.in/website/know-your-standards,https://standardsbis.bsbedge.com/,basic;environmental;testing;procedures;electronic;electrical;items;low;air;pressure,Know Your Standard - Bureau of Indian Standards,https://standards.bis.gov.in/website/know-your-standards,2026-09-07
IS 9000 : Part 14 : Sec 1 to 3 : 1988,Basic environmental testing procedures for electronic and electrical items:Part 14 Test N:Change of temp,,,,,,,,,,,https://standards.bis.gov.in/website/know-your-standards,https://standardsbis.bsbedge.com/,basic;environmental;testing;procedures;electronic;electrical;items;change;temp,Know Your Standard - Bureau of Indian Standards,https://standards.bis.gov.in/website/know-your-standards,2026-09-07
IS 9000 : Part 15 : Sec 1 to 9 : 1982,Basic Environmental Testing Procedures for Electronic and Electrical Items - Part XV : Sealing Test,,,,,,,,,,,https://standards.bis.gov.in/website/know-your-standards,https://standardsbis.bsbedge.com/,basic;environmental;testing;procedures;electronic;electrical;items;sealing,Know Your Standard - Bureau of Indian Standards,https://standards.bis.gov.in/website/know-your-standards,2026-09-07
IS 9000 : Part 16 : 1983,Basic environmental testing procedures for electronic and electrical items 16 Driving rain test,,,,,,,,,,,https://standards.bis.gov.in/website/know-your-standards,https://standardsbis.bsbedge.com/,basic;environmental;testing;procedures;electronic;electrical;items;driving;rain,Know Your Standard - Bureau of Indian Standards,https://standards.bis.gov.in/website/know-your-standards,2026-09-07
IS 9000 : Part 17 : 1985,Basic environmental testing procedures for electronic and electrical items: Part 17 Radiation test,,,,,,,,,,,https://standards.bis.gov.in/website/know-your-standards,https://standardsbis.bsbedge.com/,basic;environmental;testing;procedures;electronic;electrical;items;radiation,Know Your Standard - Bureau of Indian Standards,https://standards.bis.gov.in/website/know-your-standards,2026-09-07
IS 9000 : Part 18 : Sec 1 to 3 : 1981,Basic Environmental Testing Procedures for Electronic and Electrical Items - Part XVIII : Solderability Test,,,,,,,,,,,https://standards.bis.gov.in/website/know-your-standards,https://standardsbis.bsbedge.com/,basic;environmental;testing;procedures;electronic;electrical;items;xviii;solderability,Know Your Standard - Bureau of Indian Standards,https://standards.bis.gov.in/website/know-your-standards,2026-09-07
IS 9000 : Part 19 : Sec 1 to 5 : 1986,Basic environmental testing procedures for electronic and electrical items: Part 19 Test U: Robustness of terminations and integral mounting devices,,,,,,,,,,,https://standards.bis.gov.in/website/know-your-standards,https://standardsbis.bsbedge.com/,basic;environmental;testing;procedures;electronic;electrical;items;robustness;terminations;integral;mounting;devices,Know Your Standard - Bureau of Indian Standards,https://standards.bis.gov.in/website/know-your-standards,2026-09-07
IS 9000 : Part 20 : 1979,Basic environmental testing procedures for electronic and electrical items: Part 20 Resistance to cleaning solvents and permanence of markings,,,,,,,,,,,https://standards.bis.gov.in/website/know-your-standards,https://standardsbis.bsbedge.com/,basic;environmental;testing;procedures;electronic;electrical;items;resistance;cleaning;solvents;permanence;markings,Know Your Standard - Bureau of Indian Standards,https://standards.bis.gov.in/website/know-your-standards,2026-09-07
IS 9000 : Part 21 : 1985,Basic environmental testing procedures for electronic & electrical items: Part 21 Acoustics noise test,,,,,,,,,,,https://standards.bis.gov.in/website/know-your-standards,https://standardsbis.bsbedge.com/,basic;environmental;testing;procedures;electronic;electrical;items;acoustics;noise,Know Your Standard - Bureau of Indian Standards,https://standards.bis.gov.in/website/know-your-standards,2026-09-07
IS 9000 : Part 22 : 1983,Basic environmental testing procedures for electronic and electrical items: Part 22 Fine mist test,,,,,,,,,,,https://standards.bis.gov.in/website/know-your-standards,https://standardsbis.bsbedge.com/,basic;environmental;testing;procedures;electronic;electrical;items;fine;mist,Know Your Standard - Bureau of Indian Standards,https://standards.bis.gov.in/website/know-your-standards,2026-09-07
IS 9000 : Part 23 : 1984,Basic environmental testing procedures for electronic and electrical items: Part 23 Drip proof test,,,,,,,,,,,https://standards.bis.gov.in/website/know-your-standards,https://standardsbis.bsbedge.com/,basic;environmental;testing;procedures;electronic;electrical;items;drip;proof,Know Your Standard - Bureau of Indian Standards,https://standards.bis.gov.in/website/know-your-standards,2026-09-07
IS 9000 : Part 25 : 1980,Basic environmental testing procedures for electronic and electrical items: Part 25 Hydrogen sulphide test for contacts and connections,,,,,,,,,,,https://standards.bis.gov.in/website/know-your-standards,https://standardsbis.bsbedge.com/,basic;environmental;testing;procedures;electronic;electrical;items;hydrogen;sulphide;contacts;connections,Know Your Standard - Bureau of Indian Standards,https://standards.bis.gov.in/website/know-your-standards,2026-09-07
IS 9000 : Part 26 : 1980,Basic environmental testing procedures for electronic & electrical items: Part26 Sulphur dioxide test for contacts and connections,,,,,,,,,,,https://standards.bis.gov.in/website/know-your-standards,https://standardsbis.bsbedge.com/,basic;environmental;testing;procedures;electronic;electrical;items;sulphur;dioxide;contacts;connections,Know Your Standard - Bureau of Indian Standards,https://standards.bis.gov.in/website/know-your-standards,2026-09-07
IS 7354 : Part 3 : 2011 ( IEC 60319 : 1999),Guide on Reliability of Electronic and Electrical Items - Part 3 : Presentation of Reliability Data on Electronic and Electrical Components (or Parts),,,,,,,,,,,https://standards.bis.gov.in/website/know-your-standards,https://standardsbis.bsbedge.com/,guide;reliability;electronic;electrical;items;presentation;data;components;parts,Know Your Standard - Bureau of Indian Standards,https://standards.bis.gov.in/website/know-your-standards,2026-09-07
IS 7354 : Part 5 : 1975,Guide on reliability of electronic and electrical items: Part 5 Inclusion of lot-by-lot and periodic inspection procedures in specifications electronic and electrical components (or parts),,,,,,,,,,,https://standards.bis.gov.in/website/know-your-standards,https://standardsbis.bsbedge.com/,guide;reliability;electronic;electrical;items;inclusion;lot;periodic;inspection;procedures;components;parts,Know Your Standard - Bureau of Indian Standards,https://standards.bis.gov.in/website/know-your-standards,2026-09-07
IS 7354 : Part 6 : 1983,Guide on reliability of electronic and electrical items: Part 6 Inclusion of reliability clauses into specifications for components (or parts),,,,,,,,,,,https://standards.bis.gov.in/website/know-your-standards,https://standardsbis.bsbedge.com/,guide;reliability;electronic;electrical;items;inclusion;clauses;into;components;parts,Know Your Standard - Bureau of Indian Standards,https://standards.bis.gov.in/website/know-your-standards,2026-09-07
IS 7690 : 1975,Mathematical guide to the terms and definitions for reliability of electronic equipment and components (or parts) used therein,,,,,,,,,,,https://standards.bis.gov.in/website/know-your-standards,https://standardsbis.bsbedge.com/,mathematical;guide;terms;definitions;reliability;electronic;equipment;components;parts;used;therein,Know Your Standard - Bureau of Indian Standards,https://standards.bis.gov.in/website/know-your-standards,2026-09-07
IS 12448 : Part 1 : 1988,Basic testing procedures and measuring methods for electromechanical components for electronic equipment: Part 1 General,,,,,,,,,,,https://standards.bis.gov.in/website/know-your-standards,https://standardsbis.bsbedge.com/,basic;testing;procedures;measuring;electromechanical;components;electronic;equipment,Know Your Standard - Bureau of Indian Standards,https://standards.bis.gov.in/website/know-your-standards,2026-09-07
IS 12448 : Part 2 : Sec 4 : 1988,"Basic testing procedures and measuring methods for electromechanical components for electronic equipment: Part 2 General examination, electrical continuity and contact resistance tests, insulation tests & voltage stress tests, Sec 4 Voltage stress tests",,,,,,,,,,,https://standards.bis.gov.in/website/know-your-standards,https://standardsbis.bsbedge.com/,basic;testing;procedures;measuring;electromechanical;components;electronic;equipment;examination;electrical;continuity;contact,Know Your Standard - Bureau of Indian Standards,https://standards.bis.gov.in/website/know-your-standards,2026-09-07
IS 12448 : Part 3 : 1989,Basic testing procedures and measuring methods for electromechanical components for electronic equipment: Part 3 Current carrying capacity test,,,,,,,,,,,https://standards.bis.gov.in/website/know-your-standards,https://standardsbis.bsbedge.com/,basic;testing;procedures;measuring;electromechanical;components;electronic;equipment;current;carrying;capacity,Know Your Standard - Bureau of Indian Standards,https://standards.bis.gov.in/website/know-your-standards,2026-09-07
IS 12448 : Part 4 : 1989,Basic testing procedures and measuring methods for electromechanical components for electronic equipment: Part 4 Dynamic stress tests,,,,,,,,,,,https://standards.bis.gov.in/website/know-your-standards,https://standardsbis.bsbedge.com/,basic;testing;procedures;measuring;electromechanical;components;electronic;equipment;dynamic;stress,Know Your Standard - Bureau of Indian Standards,https://standards.bis.gov.in/website/know-your-standards,2026-09-07
IS 12448 : Part 5 : Sec 1 : 1989,"Basic testing procedures and measuring methods for electromechanical components for electronic equipment: Part 5 Impact tests (free components), static load tests (fixed components), endurance tests & overload tests, Sec 1 Impact test",,,,,,,,,,,https://standards.bis.gov.in/website/know-your-standards,https://standardsbis.bsbedge.com/,basic;testing;procedures;measuring;electromechanical;components;electronic;equipment;impact;free;static;load,Know Your Standard - Bureau of Indian Standards,https://standards.bis.gov.in/website/know-your-standards,2026-09-07
IS 12448 : Part 5 : Sec 2 : 1989,"Basic testing procedures and measuring methods for electromechanical components for electronic equipment: Part 5 Impact tests (Free components), static load tests (Fixed components), endurance tests and overload tests, Sec 2 Static load test (fixed",,,,,,,,,,,https://standards.bis.gov.in/website/know-your-standards,https://standardsbis.bsbedge.com/,basic;testing;procedures;measuring;electromechanical;components;electronic;equipment;impact;free;static;load,Know Your Standard - Bureau of Indian Standards,https://standards.bis.gov.in/website/know-your-standards,2026-09-07
IS 12448 : Part 5 : Sec 3 : 1989,"Basic testing procedures and measuring methods for electromechanical components for electronic equipment: Part 5 Impact tests (Free components), static load tests (fixed components), endurance tests and overload tests, Sec 3 Endurance tests",,,,,,,,,,,https://standards.bis.gov.in/website/know-your-standards,https://standardsbis.bsbedge.com/,basic;testing;procedures;measuring;electromechanical;components;electronic;equipment;impact;free;static;load,Know Your Standard - Bureau of Indian Standards,https://standards.bis.gov.in/website/know-your-standards,2026-09-07
IS 12448 : Part 5 : Sec 4 : 1989,"Basic testing procedures and measuring methods for electromechanical components for electronic equipment: Part 5 Impact tests (Free components), Static load tests (Fixed components), endurance tests and overload tests, Sec 4 Overload tests",,,,,,,,,,,https://standards.bis.gov.in/website/know-your-standards,https://standardsbis.bsbedge.com/,basic;testing;procedures;measuring;electromechanical;components;electronic;equipment;impact;free;static;load,Know Your Standard - Bureau of Indian Standards,https://standards.bis.gov.in/website/know-your-standards,2026-09-07
IS 12448 : Part 6 : 1991,Basic testing procedures and measuring methods of electromechanical components for electronic equipment: Part 6 Climatic tests and soldering tests,,,,,,,,,,,https://standards.bis.gov.in/website/know-your-standards,https://standardsbis.bsbedge.com/,basic;testing;procedures;measuring;electromechanical;components;electronic;equipment;climatic;soldering,Know Your Standard - Bureau of Indian Standards,https://standards.bis.gov.in/website/know-your-standards,2026-09-07
IS 12448 : Part 7 : 1990,Basic testing procedures and measuring methods for electromechanical components for electronic equipment: Part 7 Mechanical operating tests and sealing tests,,,,,,,,,,,https://standards.bis.gov.in/website/know-your-standards,https://standardsbis.bsbedge.com/,basic;testing;procedures;measuring;electromechanical;components;electronic;equipment;mechanical;operating;sealing,Know Your Standard - Bureau of Indian Standards,https://standards.bis.gov.in/website/know-your-standards,2026-09-07
IS 12448 : Part 8 : 1992,Basic testing procedures and measuring methods for electromechanical components for electronic equipment: Part 8 Connector Tests (Mechanical) and Mechanical Tests on Contacts and Terminations,,,,,,,,,,,https://standards.bis.gov.in/website/know-your-standards,https://standardsbis.bsbedge.com/,basic;testing;procedures;measuring;electromechanical;components;electronic;equipment;connector;mechanical;contacts;terminations,Know Your Standard - Bureau of Indian Standards,https://standards.bis.gov.in/website/know-your-standards,2026-09-07
IS 12448 : Part 9 : 1992,"Basic testing procedures and measuring methods for electromechanical components for electronic equipment:Part 9 Cable-clamping tests, explosion hazard tests,chemical resistance tests,fire hazard tests of",,,,,,,,,,,https://standards.bis.gov.in/website/know-your-standards,https://standardsbis.bsbedge.com/,basic;testing;procedures;measuring;electromechanical;components;electronic;equipment;cable;clamping;explosion;hazard,Know Your Standard - Bureau of Indian Standards,https://standards.bis.gov.in/website/know-your-standards,2026-09-07
IS 1885 : Part 300 : 2017 ( IEC 60050-300 : 2001),Electrotechnical Vocabulary Part 300 Electrical and Electronic Measurements and Measuring Instruments Part 311 General Terms Relating to Measurements Part 312 General Terms Relating to Electrical Measurements Part 313 Types of Electrical Measuring Instruments Part 314 Specific Terms According to the Type of Instrument,,,,,,,,,,,https://standards.bis.gov.in/website/know-your-standards,https://standardsbis.bsbedge.com/,electrotechnical;vocabulary;electrical;electronic;measurements;measuring;instruments;terms;relating;types;specific;according,Know Your Standard - Bureau of Indian Standards,https://standards.bis.gov.in/website/know-your-standards,2026-09-07
IS/CISPR 32 : 2015 ( CISPR 32 : 2015),Electromagnetic Compatibility of Multimedia Equipment — Emission Requirements,,,,,,,,,,,https://standards.bis.gov.in/website/know-your-standards,https://standardsbis.bsbedge.com/,electromagnetic;compatibility;multimedia;equipment;emission,Know Your Standard - Bureau of Indian Standards,https://standards.bis.gov.in/website/know-your-standards,2026-09-07
IS/CISPR 35 : 2016 ( CISPR 35: 2016),Electromagnetic Compatibility of Multimedia Equipment Immunity Requirements,,,,,,,,,,,https://standards.bis.gov.in/website/know-your-standards,https://standardsbis.bsbedge.com/,electromagnetic;compatibility;multimedia;equipment;immunity,Know Your Standard - Bureau of Indian Standards,https://standards.bis.gov.in/website/know-your-standards,2026-09-07
IS 1885 : Part 64 : Sec 1 : 1987,"Electrotechnical vocabulary: Part 64 Electromagnetic compatibility, Sec 1 General terms",,,,,,,,,,,https://standards.bis.gov.in/website/know-your-standards,https://standardsbis.bsbedge.com/,electrotechnical;vocabulary;electromagnetic;compatibility;sec;terms,Know Your Standard - Bureau of Indian Standards,https://standards.bis.gov.in/website/know-your-standards,2026-09-07
IS 1885 : Part 64 : Sec 2 : 1987,"Electrotechnical vocabulary: Part 64 Electromagnetic compatibility, Sec 2 Specific terms",,,,,,,,,,,https://standards.bis.gov.in/website/know-your-standards,https://standardsbis.bsbedge.com/,electrotechnical;vocabulary;electromagnetic;compatibility;sec;specific;terms,Know Your Standard - Bureau of Indian Standards,https://standards.bis.gov.in/website/know-your-standards,2026-09-07
IS 1885 : Part 85 : 2003 ( IEC 60050-161 : 1990),Electrotechnical Vocabulary - Part 85 : Electromagnetic Compatibility,,,,,,,,,,,https://standards.bis.gov.in/website/know-your-standards,https://standardsbis.bsbedge.com/,electrotechnical;vocabulary;electromagnetic;compatibility,Know Your Standard - Bureau of Indian Standards,https://standards.bis.gov.in/website/know-your-standards,2026-09-07
IS 6873 : Part 2 : Sec 1 : 2024 ( CISPR 14-1 : 2020),"Limits and Methods of Measurement of Radio Disturbance Characteristics - Part 2 Electromagnetic Compatibility (EMC)-Requirements for Household Appliances, Electric Tools and Similar Apparatus - Section 1 Emission",,,,,,,,,,,https://standards.bis.gov.in/website/know-your-standards,https://standardsbis.bsbedge.com/,limits;measurement;radio;disturbance;characteristics;electromagnetic;compatibility;emc;household;appliances;electric;tools,Know Your Standard - Bureau of Indian Standards,https://standards.bis.gov.in/website/know-your-standards,2026-09-07
IS 6873 : Part 2 : Sec 2 : 2024 ( CISPR 14-2 : 2020),"Limits and Methods of Measurement of Radio Disturbance Characteristics Part 2 Electromagnetic Compatibility (EMC)-Requirements for Household Appliances, Electric Tools and Similar Apparatus Section 2 Immunity-Product Family Standard",,,,,,,,,,,https://standards.bis.gov.in/website/know-your-standards,https://standardsbis.bsbedge.com/,limits;measurement;radio;disturbance;characteristics;electromagnetic;compatibility;emc;household;appliances;electric;tools,Know Your Standard - Bureau of Indian Standards,https://standards.bis.gov.in/website/know-your-standards,2026-09-07
IS 7436 : Part 2 : 2019,"Limits and Methods of Measurement of Radio Disturbance Characteristics Part 2 Electromagnetic Compatibility (EMC) — Requirements for Household Appliances, Electric Tools and Similar Apparatus Section 2 Emission — Product family standard ( Forth Revision )",,,,,,,,,,,https://standards.bis.gov.in/website/know-your-standards,https://standardsbis.bsbedge.com/,limits;measurement;radio;disturbance;characteristics;electromagnetic;compatibility;emc;household;appliances;electric;tools,Know Your Standard - Bureau of Indian Standards,https://standards.bis.gov.in/website/know-your-standards,2026-09-07
IS 12746 : Part 2 : Sec 1 : 2023 ( IEC 60870-2-1 : 1995),Telecontrol Equipment and Systems - Part 2 Operating Conditions - Section 1 Power Supply and Electromagnetic Compatibility,,,,,,,,,,,https://standards.bis.gov.in/website/know-your-standards,https://standardsbis.bsbedge.com/,telecontrol;equipment;systems;operating;conditions;section;power;supply;electromagnetic;compatibility,Know Your Standard - Bureau of Indian Standards,https://standards.bis.gov.in/website/know-your-standards,2026-09-07
IS/ISO 13766 : Part 1 : 2018 ( ISO 13766 : Part 1 : 2018 ),Earth-Moving and Building Construction Machinery -  Electromagnetic Compatibility ( EMC ) of Machines with Internal Electrical Power Supply Part 1 General EMC Requirements Under Typical Electromagnetic Environmental Conditions,,,,,,,,,,,https://standards.bis.gov.in/website/know-your-standards,https://standardsbis.bsbedge.com/,earth;moving;building;construction;machinery;electromagnetic;compatibility;emc;machines;internal;electrical;power,Know Your Standard - Bureau of Indian Standards,https://standards.bis.gov.in/website/know-your-standards,2026-09-07
IS/ISO 13766 : Part 2 : 2018 ( ISO 13766 : Part 2 : 2018 ),Earth-Moving and Building Construction Machinery -  Electromagnetic Compatibility ( EMC ) of Machines with Internal Electrical Power Supply Part 2 Additional EMC Requirements for Functional Safety,,,,,,,,,,,https://standards.bis.gov.in/website/know-your-standards,https://standardsbis.bsbedge.com/,earth;moving;building;construction;machinery;electromagnetic;compatibility;emc;machines;internal;electrical;power,Know Your Standard - Bureau of Indian Standards,https://standards.bis.gov.in/website/know-your-standards,2026-09-07
IS 14231 : Part 7 : 2026 ( IEC 60728-12 : 2017),"Cable Networks for Television Signals, Sound Signals and Interactive Services - Part 7 Electromagnetic Compatibility of Systems",,,,,,,,,,,https://standards.bis.gov.in/website/know-your-standards,https://standardsbis.bsbedge.com/,cable;networks;television;signals;sound;interactive;services;electromagnetic;compatibility;systems,Know Your Standard - Bureau of Indian Standards,https://standards.bis.gov.in/website/know-your-standards,2026-09-07
IS 14231 : Part 7 - (Active) : 1999,Cabled Distribution System for Television and Sound Signal - Part 7 Electromagnetic Compatibility of Systems - (Vaild upto 18 August 2026),,,,,,,,,,,https://standards.bis.gov.in/website/know-your-standards,https://standardsbis.bsbedge.com/,cabled;distribution;system;television;sound;signal;electromagnetic;compatibility;systems;vaild;upto;august,Know Your Standard - Bureau of Indian Standards,https://standards.bis.gov.in/website/know-your-standards,2026-09-07
IS 14479 : 1998,Electromagnetic Compatibility Of Electrical And Electronic Installation In Ships,,,,,,,,,,,https://standards.bis.gov.in/website/know-your-standards,https://standardsbis.bsbedge.com/,electromagnetic;compatibility;electrical;electronic;installation;ships,Know Your Standard - Bureau of Indian Standards,https://standards.bis.gov.in/website/know-your-standards,2026-09-07
IS 14614 : 2023 ( IEC 61543: 2022),Residual Current-Operated Protective Devices Rcds For Household And Similar Use Electromagnetic Compatibility,,,,,,,,,,,https://standards.bis.gov.in/website/know-your-standards,https://standardsbis.bsbedge.com/,residual;current;operated;protective;devices;rcds;household;similar;use;electromagnetic;compatibility,Know Your Standard - Bureau of Indian Standards,https://standards.bis.gov.in/website/know-your-standards,2026-09-07
IS 14700 : Part 1 : Sec 1 - (Active) : 2000 ( IEC 1000-1-1 : 1992),Electromagnetic Compatibility (EMC) - Part 1 General - Section 1 Application and Interpretation of Fundamental Definitions and Terms - (Vaild upto 06 September 2026),,,,,,,,,,,https://standards.bis.gov.in/website/know-your-standards,https://standardsbis.bsbedge.com/,electromagnetic;compatibility;emc;section;application;interpretation;fundamental;definitions;terms;vaild;upto;september,Know Your Standard - Bureau of Indian Standards,https://standards.bis.gov.in/website/know-your-standards,2026-09-07
IS 14700 : Part 3 : Sec 2 : 2020 ( IEC 61000-3-2 : 2018),Electromagnetic Compatibility (EMC) Part 3 Limits Section 2 Limits for harmonic current emissions ( equipment input current ? 16 A per phase ) ( Third Revision ),,,,,,,,,,,https://standards.bis.gov.in/website/know-your-standards,https://standardsbis.bsbedge.com/,electromagnetic;compatibility;emc;limits;section;harmonic;current;emissions;equipment;input;per;phase,Know Your Standard - Bureau of Indian Standards,https://standards.bis.gov.in/website/know-your-standards,2026-09-07
IS 14700 : Part 3 : Sec 3 : 2018 ( IEC 61000-3-3 : 2013),"Electromagnetic Compatibility (EMC) Part 3 Limits Section 3 Limitation of Voltage changes,voltage Fluctuations and flicker in public low-voltage supply system,for equipment with rated current-16A per phase and not subjected to conditional connection (Second Revision)",,,,,,,,,,,https://standards.bis.gov.in/website/know-your-standards,https://standardsbis.bsbedge.com/,electromagnetic;compatibility;emc;limits;section;limitation;voltage;changes;fluctuations;flicker;public;low,Know Your Standard - Bureau of Indian Standards,https://standards.bis.gov.in/website/know-your-standards,2026-09-07
IS 14700 : Part 4 : Sec 1 : 2019 ( IEC 61000-4-1 : 2016),Electromagnetic Compatibility (EMC) Part 4 Testing and Measurement Techniques Section 1 Overview of the IEC 61000-4 series ( Second Revision ),,,,,,,,,,,https://standards.bis.gov.in/website/know-your-standards,https://standardsbis.bsbedge.com/,electromagnetic;compatibility;emc;testing;measurement;techniques;section;overview;iec;series;second;revision,Know Your Standard - Bureau of Indian Standards,https://standards.bis.gov.in/website/know-your-standards,2026-09-07
IS 14700 : Part 4 : Sec 2 : 2018 ( IEC 61000-4-2 : 2008),"Electromagnetic Compatibility (EMC) Part 4 : Testing and Measurement Techniques, Section 2 : Electrostatic Discharge Immunity Test (Second Revision)",,,,,,,,,,,https://standards.bis.gov.in/website/know-your-standards,https://standardsbis.bsbedge.com/,electromagnetic;compatibility;emc;testing;measurement;techniques;section;electrostatic;discharge;immunity;second;revision,Know Your Standard - Bureau of Indian Standards,https://standards.bis.gov.in/website/know-your-standards,2026-09-07
IS 14700 : Part 4 : Sec 3 : 2023 ( IEC 61000-4-3 : 2020),Electromagnetic Compatibility Emc - Part 4 Testing And Measurement Techniques - Section 3 Radiated Radio-Frequency Electromagnetic Field Immunity Test,,,,,,,,,,,https://standards.bis.gov.in/website/know-your-standards,https://standardsbis.bsbedge.com/,electromagnetic;compatibility;emc;testing;measurement;techniques;section;radiated;radio;frequency;field;immunity,Know Your Standard - Bureau of Indian Standards,https://standards.bis.gov.in/website/know-your-standards,2026-09-07
IS 14700 : Part 4 : Sec 4 : 2018 ( IEC 61000-4-4 : 2012),"Electromagnetic Compatibility (EMC) - Part 4 : Testing and Measurement Techniques, Section 4 Electrical Fast Transient/Burst Immunity Test (Second Revision)",,,,,,,,,,,https://standards.bis.gov.in/website/know-your-standards,https://standardsbis.bsbedge.com/,electromagnetic;compatibility;emc;testing;measurement;techniques;section;electrical;fast;transient;burst;immunity,Know Your Standard - Bureau of Indian Standards,https://standards.bis.gov.in/website/know-your-standards,2026-09-07
IS 14700 : Part 4 : Sec 5 : 2019 ( IEC 61000-4-5 : 2017),Electromagnetic Compatibility (EMC) Part 4 Testing and Measurement Techniques Section 5 Surge immunity test ( First Revision ),,,,,,,,,,,https://standards.bis.gov.in/website/know-your-standards,https://standardsbis.bsbedge.com/,electromagnetic;compatibility;emc;testing;measurement;techniques;section;surge;immunity;first;revision,Know Your Standard - Bureau of Indian Standards,https://standards.bis.gov.in/website/know-your-standards,2026-09-07
IS 14700 : Part 4 : Sec 6 - (Active) : 2016 ( IEC 61000-4-6 : 2013),"Electromagnetic Compatibility (EMC) - Part 4 Testing and Measurement Techniques - Section 6 Immunity to Conducted Disturbances, Induced by Radio-Frequency Fields - (Vaild upto 06 September 2026)",,,,,,,,,,,https://standards.bis.gov.in/website/know-your-standards,https://standardsbis.bsbedge.com/,electromagnetic;compatibility;emc;testing;measurement;techniques;section;immunity;conducted;disturbances;induced;radio,Know Your Standard - Bureau of Indian Standards,https://standards.bis.gov.in/website/know-your-standards,2026-09-07
IS 14700 : Part 4 : Sec 7 : 2017 ( IEC 61000-4-7 : 2009),Electromagnetic compatibility (EMC) : Part 4 Testing and measurement techniques Section 7 General Guide on Harmonic and Interharmonics Measurements and Instrumentation for Power Supply Systems and Equipment Connected thereto (First Revision),,,,,,,,,,,https://standards.bis.gov.in/website/know-your-standards,https://standardsbis.bsbedge.com/,electromagnetic;compatibility;emc;testing;measurement;techniques;section;guide;harmonic;interharmonics;measurements;instrumentation,Know Your Standard - Bureau of Indian Standards,https://standards.bis.gov.in/website/know-your-standards,2026-09-07
IS 7326 : Part 2 : 1992,Penstock and turbine inlet butterfly valves for hydropower stations and systems: Part 2 Guidelines for design and selection of control equipment,,,,,,,,,,,https://standards.bis.gov.in/website/know-your-standards,https://standardsbis.bsbedge.com/,penstock;turbine;inlet;butterfly;valves;hydropower;stations;systems;guidelines;design;selection;control,Know Your Standard - Bureau of Indian Standards,https://standards.bis.gov.in/website/know-your-standards,2026-09-07
IS 7332 : Part 2 : 1993,Spherical valves for hydropower stations and systems: Part 2 selection of control equipment,,,,,,,,,,,https://standards.bis.gov.in/website/know-your-standards,https://standardsbis.bsbedge.com/,spherical;valves;hydropower;stations;systems;selection;control;equipment,Know Your Standard - Bureau of Indian Standards,https://standards.bis.gov.in/website/know-your-standards,2026-09-07
IS/IEC 60143 : Part 4 : 2010 ( IEC 60143-4:2010),SERIES CAPACITORS FOR POWER SYSTEMS PART 4: THYRISTOR CONTROLLED SERIES CAPACITORS,,,,,,,,,,,https://standards.bis.gov.in/website/know-your-standards,https://standardsbis.bsbedge.com/,series;capacitors;power;systems;thyristor;controlled,Know Your Standard - Bureau of Indian Standards,https://standards.bis.gov.in/website/know-your-standards,2026-09-07
IS/IEC 62351 : Part 8 : 2020 ( IEC 62351-8:2020),Power systems management and associated information exchange Data and communications security Part 8: Role-based access control for power system management,,,,,,,,,,,https://standards.bis.gov.in/website/know-your-standards,https://standardsbis.bsbedge.com/,power;systems;management;associated;information;exchange;data;communications;security;role;based;access,Know Your Standard - Bureau of Indian Standards,https://standards.bis.gov.in/website/know-your-standards,2026-09-07
IS/IEC/TR 62351 : Part 90 : Sec 1 : 2018 ( IEC TR 62351-90-1:2018),Power systems management and associated information exchange -Data and communications security Part 90-1: Guidelines for handling role-based access control in power systems,,,,,,,,,,,https://standards.bis.gov.in/website/know-your-standards,https://standardsbis.bsbedge.com/,power;systems;management;associated;information;exchange;data;communications;security;guidelines;handling;role,Know Your Standard - Bureau of Indian Standards,https://standards.bis.gov.in/website/know-your-standards,2026-09-07
IS 11291 : Part 1 : 2023 ( ISO/IEC/IEEE 29119-1 : 2022),Software and Systems Engineering - Software Testing Part 1 General Concepts,,,,,,,,,,,https://standards.bis.gov.in/website/know-your-standards,https://standardsbis.bsbedge.com/,software;systems;engineering;testing;concepts,Know Your Standard - Bureau of Indian Standards,https://standards.bis.gov.in/website/know-your-standards,2026-09-07
IS 11291 : Part 2 : 2023 ( ISO/IEC/IEEE 29119-2 : 2021),Software and Systems Engineering - Software Testing Part 2 Test Processes,,,,,,,,,,,https://standards.bis.gov.in/website/know-your-standards,https://standardsbis.bsbedge.com/,software;systems;engineering;testing;processes,Know Your Standard - Bureau of Indian Standards,https://standards.bis.gov.in/website/know-your-standards,2026-09-07
IS 11291 : Part 3 : 2023 ( ISO/IEC/IEEE 29119-3 : 2021),Software And Systems Engineering Software Testing Part 3: Test Documentation,,,,,,,,,,,https://standards.bis.gov.in/website/know-your-standards,https://standardsbis.bsbedge.com/,software;systems;engineering;testing;documentation,Know Your Standard - Bureau of Indian Standards,https://standards.bis.gov.in/website/know-your-standards,2026-09-07
IS 11291 : Part 4 : 2023 ( ISO/IEC/IEEE 29119-4 : 2021),Software And Systems Engineering Software Testing Part 4: Test Techniques,,,,,,,,,,,https://standards.bis.gov.in/website/know-your-standards,https://standardsbis.bsbedge.com/,software;systems;engineering;testing;techniques,Know Your Standard - Bureau of Indian Standards,https://standards.bis.gov.in/website/know-your-standards,2026-09-07
IS 17548 : 2021,Software and Systems Engineering Ã¢â‚¬â€œ Core Agile Practices,,,,,,,,,,,https://standards.bis.gov.in/website/know-your-standards,https://standardsbis.bsbedge.com/,software;systems;engineering;core;agile;practices,Know Your Standard - Bureau of Indian Standards,https://standards.bis.gov.in/website/know-your-standards,2026-09-07
IS 19313 : 2025,Software and Systems Engineering - DevOps - Principles and Practices,,,,,,,,,,,https://standards.bis.gov.in/website/know-your-standards,https://standardsbis.bsbedge.com/,software;systems;engineering;devops;principles;practices,Know Your Standard - Bureau of Indian Standards,https://standards.bis.gov.in/website/know-your-standards,2026-09-07
IS/ISO/IEC/TS 30103 : 2015 ( ISO/IEC TS 30103 : 2015),Software and Systems Engineering - Lifecycle Processes - Framework for Product Quality Achievement,,,,,,,,,,,https://standards.bis.gov.in/website/know-your-standards,https://standardsbis.bsbedge.com/,software;systems;engineering;lifecycle;processes;framework;product;quality;achievement,Know Your Standard - Bureau of Indian Standards,https://standards.bis.gov.in/website/know-your-standards,2026-09-07
IS 7200 : Part 3 : 1982,Presentation of Statistical Data - Part III : Management Information Systems - Quality Control,,,,,,,,,,,https://standards.bis.gov.in/website/know-your-standards,https://standardsbis.bsbedge.com/,presentation;statistical;data;iii;management;information;systems;quality;control,Know Your Standard - Bureau of Indian Standards,https://standards.bis.gov.in/website/know-your-standards,2026-09-07
IS/IEC 62351 : Part 9 : 2023 ( IEC 62351-9 : 2023),Power Systems Management and Associated Information Exchange-Data and Communications Security - Part 9 Cyber Security Key Management for Power System Equipment,,,,,,,,,,,https://standards.bis.gov.in/website/know-your-standards,https://standardsbis.bsbedge.com/,power;systems;management;associated;information;exchange;data;communications;security;cyber;key;system,Know Your Standard - Bureau of Indian Standards,https://standards.bis.gov.in/website/know-your-standards,2026-09-07
"IS/IEC 62351 : Part 9 (Active,Concurrent Running) : 2017 ( IEC 62351-9:2017)",Power systems management and associated information Exchange Data and communications security Part 9: Cyber security key management for power system equipment,,,,,,,,,,,https://standards.bis.gov.in/website/know-your-standards,https://standardsbis.bsbedge.com/,power;systems;management;associated;information;exchange;data;communications;security;cyber;key;system,Know Your Standard - Bureau of Indian Standards,https://standards.bis.gov.in/website/know-your-standards,2026-09-07
IS/ISO/IEC 20016 : Part 1 : 2014 ( ISO/IEC 20016 : Part 1 : 2014),"Information Technology for Learning, Education and Training — Languages Accessibility and Human Interface Equivalencies ( HIEs ) in e-Learning Applications Part 1 Framework and Reference Model for Semantic Interoperability",,,,,,,,,,,https://standards.bis.gov.in/website/know-your-standards,https://standardsbis.bsbedge.com/,information;technology;learning;education;training;languages;accessibility;human;interface;equivalencies;hies;applications,Know Your Standard - Bureau of Indian Standards,https://standards.bis.gov.in/website/know-your-standards,2026-09-07
IS/ISO/IEC 24751 : PART 1 : 2008 ( ISO/IEC 24751 : Part 1 : 2008),"Information Technology — Individualized Adaptability And Accessibility In E-learning, Education And Training Part 1 Framework And Reference Model",,,,,,,,,,,https://standards.bis.gov.in/website/know-your-standards,https://standardsbis.bsbedge.com/,information;technology;individualized;adaptability;accessibility;learning;education;training;framework;reference;model,Know Your Standard - Bureau of Indian Standards,https://standards.bis.gov.in/website/know-your-standards,2026-09-07
IS/ISO/IEC 24751 : PART 2 : 2008 ( ISO/IEC 24751 : Part 2 : 2008),"Information Technology — Individualized Adaptability And Accessibility In E-learning, Education And Training Part 2 ""access For All"" Personal Needs And Preferences For Digital Delivery",,,,,,,,,,,https://standards.bis.gov.in/website/know-your-standards,https://standardsbis.bsbedge.com/,information;technology;individualized;adaptability;accessibility;learning;education;training;access;all;personal;needs,Know Your Standard - Bureau of Indian Standards,https://standards.bis.gov.in/website/know-your-standards,2026-09-07
IS/ISO/IEC 24751 : PART 3 : 2008 ( ISO/IEC 24751 : Part 3 : 2008),"Information Technology — Individualized Adaptability And Accessibility In E-learning, Education And Training Part 3 ""access For All"" Digital Resource Description",,,,,,,,,,,https://standards.bis.gov.in/website/know-your-standards,https://standardsbis.bsbedge.com/,information;technology;individualized;adaptability;accessibility;learning;education;training;access;all;digital;resource,Know Your Standard - Bureau of Indian Standards,https://standards.bis.gov.in/website/know-your-standards,2026-09-07
IS/ISO/IEC 24751 : Part 4 : 2023 ( ISO/IEC 24751-4 : 2023),"Information Technology-Individualized Adaptability and Accessibility in E-Learning, Education and Training - Part 4 ‘Access for All’ Framework for Individualized Accessibility and Registry Server Application Programming Interface (API)",,,,,,,,,,,https://standards.bis.gov.in/website/know-your-standards,https://standardsbis.bsbedge.com/,information;technology;individualized;adaptability;accessibility;learning;education;training;access;all;framework;registry,Know Your Standard - Bureau of Indian Standards,https://standards.bis.gov.in/website/know-your-standards,2026-09-07
IS/ISO 29991 : 2020 ( ISO 29991:2020),Language-learning services Requirements,,,,,,,,,,,https://standards.bis.gov.in/website/know-your-standards,https://standardsbis.bsbedge.com/,language;learning;services,Know Your Standard - Bureau of Indian Standards,https://standards.bis.gov.in/website/know-your-standards,2026-09-07
IS 16439 : 2025,Metadata Standard for Geospatial Information,,,,,,,,,,,https://standards.bis.gov.in/website/know-your-standards,https://standardsbis.bsbedge.com/,metadata;standard;geospatial;information,Know Your Standard - Bureau of Indian Standards,https://standards.bis.gov.in/website/know-your-standards,2026-09-07
IS 16554 : 2017,Data Exchange Standard for Geospatial Information,,,,,,,,,,,https://standards.bis.gov.in/website/know-your-standards,https://standardsbis.bsbedge.com/,data;exchange;standard;geospatial;information,Know Your Standard - Bureau of Indian Standards,https://standards.bis.gov.in/website/know-your-standards,2026-09-07
IS 19711 : Part 3 : 2026,Data Content Standard for Geospatial Information - Part 3 Surface Geology,,,,,,,,,,,https://standards.bis.gov.in/website/know-your-standards,https://standardsbis.bsbedge.com/,data;content;standard;geospatial;information;surface;geology,Know Your Standard - Bureau of Indian Standards,https://standards.bis.gov.in/website/know-your-standards,2026-09-07
IS 19319 : 2025,Internet of Things - Security and Privacy - Assessment and Evaluation,,,,,,,,,,,https://standards.bis.gov.in/website/know-your-standards,https://standardsbis.bsbedge.com/,internet;things;security;privacy;assessment;evaluation,Know Your Standard - Bureau of Indian Standards,https://standards.bis.gov.in/website/know-your-standards,2026-09-07
IS 19386 : 2025 ( ISO/IEC 20924 : 2024),Internet of Things (IoT) and Digital Twin - Vocabulary,,,,,,,,,,,https://standards.bis.gov.in/website/know-your-standards,https://standardsbis.bsbedge.com/,internet;things;iot;digital;twin;vocabulary,Know Your Standard - Bureau of Indian Standards,https://standards.bis.gov.in/website/know-your-standards,2026-09-07
IS 19395 : 2025 ( ISO/IEC 30165 : 2021),Internet of things (IoT) - Real-time IoT framework,,,,,,,,,,,https://standards.bis.gov.in/website/know-your-standards,https://standardsbis.bsbedge.com/,internet;things;iot;real;time;framework,Know Your Standard - Bureau of Indian Standards,https://standards.bis.gov.in/website/know-your-standards,2026-09-07
IS 19398 : 2025 ( ISO/IEC 30162 : 2022),Internet of Things (IoT) - Compatibility Requirements and Model for Devices within Industrial IoT Systems,,,,,,,,,,,https://standards.bis.gov.in/website/know-your-standards,https://standardsbis.bsbedge.com/,internet;things;iot;compatibility;model;devices;within;industrial;systems,Know Your Standard - Bureau of Indian Standards,https://standards.bis.gov.in/website/know-your-standards,2026-09-07
IS 19403 : 2025 ( ISO/IEC TS 30149 : 2024),Internet of Things (IoT) - Trustworthiness principles,,,,,,,,,,,https://standards.bis.gov.in/website/know-your-standards,https://standardsbis.bsbedge.com/,internet;things;iot;trustworthiness;principles,Know Your Standard - Bureau of Indian Standards,https://standards.bis.gov.in/website/know-your-standards,2026-09-07
IS 19416 : 2025 ( ISO/IEC TR 30172 : 2023),Internet of Things (loT) - Digital Twin - Use Cases,,,,,,,,,,,https://standards.bis.gov.in/website/know-your-standards,https://standardsbis.bsbedge.com/,internet;things;lot;digital;twin;use;cases,Know Your Standard - Bureau of Indian Standards,https://standards.bis.gov.in/website/know-your-standards,2026-09-07
IS 19629 : 2026,"Internet of Things (IoT) - IoT for Stress Management, Good Health and Well-Being",,,,,,,,,,,https://standards.bis.gov.in/website/know-your-standards,https://standardsbis.bsbedge.com/,internet;things;iot;stress;management;good;health;well;being,Know Your Standard - Bureau of Indian Standards,https://standards.bis.gov.in/website/know-your-standards,2026-09-07
IS/ISO/IEC 21823 : Part 1 : 2019 ( ISO/IEC 21823-1 : 2019),Internet of Things (IoT)-Interoperability for IoT Systems -Part 1 Framework,,,,,,,,,,,https://standards.bis.gov.in/website/know-your-standards,https://standardsbis.bsbedge.com/,internet;things;iot;interoperability;systems;framework,Know Your Standard - Bureau of Indian Standards,https://standards.bis.gov.in/website/know-your-standards,2026-09-07
IS/ISO/IEC 21823 : Part 2 : 2020 ( ISO/IEC 21823-2 : 2020),Internet of Things (IoT)-Interoperability for IoT Systems - Part 2 Transport Interoperability,,,,,,,,,,,https://standards.bis.gov.in/website/know-your-standards,https://standardsbis.bsbedge.com/,internet;things;iot;interoperability;systems;transport,Know Your Standard - Bureau of Indian Standards,https://standards.bis.gov.in/website/know-your-standards,2026-09-07
IS/ISO/IEC 21823 : Part 3 : 2021 ( ISO/IEC 21823-3 : 2021),Internet of Things (IoT)-Interoperability for IoT Systems - Part 3 Semantic Interoperability,,,,,,,,,,,https://standards.bis.gov.in/website/know-your-standards,https://standardsbis.bsbedge.com/,internet;things;iot;interoperability;systems;semantic,Know Your Standard - Bureau of Indian Standards,https://standards.bis.gov.in/website/know-your-standards,2026-09-07
IS/ISO/IEC 21823 : Part 4 : 2022 ( ISO/IEC 21823-4 : 2022),Internet of Things (IoT) - Interoperability for IoT Systems - Part 4 Syntactic Interoperability,,,,,,,,,,,https://standards.bis.gov.in/website/know-your-standards,https://standardsbis.bsbedge.com/,internet;things;iot;interoperability;systems;syntactic,Know Your Standard - Bureau of Indian Standards,https://standards.bis.gov.in/website/know-your-standards,2026-09-07
IS/ISO/IEC/TR 22417 : 2017 ( ISO/IEC TR 22417 : 2017),Information Technology — Internet of Things ( IOT ) — IOT Use Cases,,,,,,,,,,,https://standards.bis.gov.in/website/know-your-standards,https://standardsbis.bsbedge.com/,information;technology;internet;things;iot;use;cases,Know Your Standard - Bureau of Indian Standards,https://standards.bis.gov.in/website/know-your-standards,2026-09-07
IS 16695 : Part 2 : 2022,SCOSTA: Smart Card Operating System Template Architecture Part 2 Public Key Infrastructure,,,,,,,,,,,https://standards.bis.gov.in/website/know-your-standards,https://standardsbis.bsbedge.com/,scosta;smart;card;operating;system;template;architecture;public;key;infrastructure,Know Your Standard - Bureau of Indian Standards,https://standards.bis.gov.in/website/know-your-standards,2026-09-07
IS 17451 : 2020,Smart Community Infrastructure - Best Practices for Transportation - Guidelines,,,,,,,,,,,https://standards.bis.gov.in/website/know-your-standards,https://standardsbis.bsbedge.com/,smart;community;infrastructure;best;practices;transportation;guidelines,Know Your Standard - Bureau of Indian Standards,https://standards.bis.gov.in/website/know-your-standards,2026-09-07
IS 18010 : Part 4 : Sec 1 : 2022 ( IEEE Std 2857TM-2021),Wireless Smart Utility Network Field Area Network (FAN) (Unified Digital Infrastructure Unified Last Mile Communication Protocols Stack - Part 4 Network Access Interface Layer - Section 1 Specification),,,,,,,,,,,https://standards.bis.gov.in/website/know-your-standards,https://standardsbis.bsbedge.com/,wireless;smart;utility;network;field;area;fan;unified;digital;infrastructure;last;mile,Know Your Standard - Bureau of Indian Standards,https://standards.bis.gov.in/website/know-your-standards,2026-09-07
IS 18311 : 2023,Smart Community Infrastructures - Smart Transportation For Rapid Transit In And Between Large City Zones And Their Surrounding Areas - Guidelines,,,,,,,,,,,https://standards.bis.gov.in/website/know-your-standards,https://standardsbis.bsbedge.com/,smart;community;infrastructures;transportation;rapid;transit;between;large;city;zones;their;surrounding,Know Your Standard - Bureau of Indian Standards,https://standards.bis.gov.in/website/know-your-standards,2026-09-07
IS/ISO/TR 3242 : 2022 ( ISO/TR 3242 : 2022),Blockchain and Distributed Ledger Technologies - Use Cases,,,,,,,,,,,https://standards.bis.gov.in/website/know-your-standards,https://standardsbis.bsbedge.com/,blockchain;distributed;ledger;technologies;use;cases,Know Your Standard - Bureau of Indian Standards,https://standards.bis.gov.in/website/know-your-standards,2026-09-07
IS/ISO/TR 6039 : 2023 ( ISO/TR 6039 : 2023),Blockchain and Distributed Ledger Technologies - Identifiers of Subjects and Objects for the Design of Blockchain Systems,,,,,,,,,,,https://standards.bis.gov.in/website/know-your-standards,https://standardsbis.bsbedge.com/,blockchain;distributed;ledger;technologies;identifiers;subjects;objects;design;systems,Know Your Standard - Bureau of Indian Standards,https://standards.bis.gov.in/website/know-your-standards,2026-09-07
IS/ISO 22739 : 2024 ( ISO 22739 : 2024),Blockchain and Distributed Ledger Technologies - Vocabulary,,,,,,,,,,,https://standards.bis.gov.in/website/know-your-standards,https://standardsbis.bsbedge.com/,blockchain;distributed;ledger;technologies;vocabulary,Know Your Standard - Bureau of Indian Standards,https://standards.bis.gov.in/website/know-your-standards,2026-09-07
IS/ISO 22739 - (Active) : 2020 ( ISO 22739 : 2020),Blockchain and Distributed Ledger Technologies - Vocabulary - (Vaild upto 06 September 2026),,,,,,,,,,,https://standards.bis.gov.in/website/know-your-standards,https://standardsbis.bsbedge.com/,blockchain;distributed;ledger;technologies;vocabulary;vaild;upto;september,Know Your Standard - Bureau of Indian Standards,https://standards.bis.gov.in/website/know-your-standards,2026-09-07
IS/ISO/TR 23244 : 2020 ( ISO TR 23244 : 2020),Blockchain And Distributed Ledger Technologies Privacy And Personally Identifiable Information Protection Considerations,,,,,,,,,,,https://standards.bis.gov.in/website/know-your-standards,https://standardsbis.bsbedge.com/,blockchain;distributed;ledger;technologies;privacy;personally;identifiable;information;protection;considerations,Know Your Standard - Bureau of Indian Standards,https://standards.bis.gov.in/website/know-your-standards,2026-09-07
IS/ISO/TR 23249 : 2022 ( ISO/TR 23249 : 2022),Blockchain and Distributed Ledger Technologies - Overview of Existing DLT Systems for Identity Management,,,,,,,,,,,https://standards.bis.gov.in/website/know-your-standards,https://standardsbis.bsbedge.com/,blockchain;distributed;ledger;technologies;overview;existing;dlt;systems;identity;management,Know Your Standard - Bureau of Indian Standards,https://standards.bis.gov.in/website/know-your-standards,2026-09-07
IS/ISO 23257 : 2022 ( ISO 23257 : 2022),Blockchain and Distributed Ledger Technologies - Reference Architecture,,,,,,,,,,,https://standards.bis.gov.in/website/know-your-standards,https://standardsbis.bsbedge.com/,blockchain;distributed;ledger;technologies;reference;architecture,Know Your Standard - Bureau of Indian Standards,https://standards.bis.gov.in/website/know-your-standards,2026-09-07
IS/ISO/TS 23258 : 2021 ( ISO/TS 23258 : 2021),Blockchain and Distributed Ledger Technologies — Taxonomy and Ontology,,,,,,,,,,,https://standards.bis.gov.in/website/know-your-standards,https://standardsbis.bsbedge.com/,blockchain;distributed;ledger;technologies;taxonomy;ontology,Know Your Standard - Bureau of Indian Standards,https://standards.bis.gov.in/website/know-your-standards,2026-09-07
IS/ISO/TS 23635 : 2022 ( ISO/TS 23635 : 2022),Blockchain and Distributed Ledger Technologies - Guidelines for Governance,,,,,,,,,,,https://standards.bis.gov.in/website/know-your-standards,https://standardsbis.bsbedge.com/,blockchain;distributed;ledger;technologies;guidelines;governance,Know Your Standard - Bureau of Indian Standards,https://standards.bis.gov.in/website/know-your-standards,2026-09-07
IS/ISO/TR 23644 : 2023 ( ISO/TR 23644 : 2023),Blockchain and Distributed Ledger Technologies (DLTs) - Overview of Trust Anchors for DLTs-Based Identity Management,,,,,,,,,,,https://standards.bis.gov.in/website/know-your-standards,https://standardsbis.bsbedge.com/,blockchain;distributed;ledger;technologies;dlts;overview;trust;anchors;based;identity;management,Know Your Standard - Bureau of Indian Standards,https://standards.bis.gov.in/website/know-your-standards,2026-09-07
IS/ISO/IEC/TS 4213 : 2022 ( ISO/IEC TS 4213:2022),Information technology Artificial intelligence Assessment of machine learning classification performance,,,,,,,,,,,https://standards.bis.gov.in/website/know-your-standards,https://standardsbis.bsbedge.com/,information;technology;artificial;intelligence;assessment;machine;learning;classification;performance,Know Your Standard - Bureau of Indian Standards,https://standards.bis.gov.in/website/know-your-standards,2026-09-07
IS/ISO/IEC 5259 : Part 1 : 2024 ( ISO/IEC 5259-1 : 2024),"Artificial Intelligence - Data Quality for Analytics and Machine Learning (ML) - Part 1 Overview, Terminology, and Examples",,,,,,,,,,,https://standards.bis.gov.in/website/know-your-standards,https://standardsbis.bsbedge.com/,artificial;intelligence;data;quality;analytics;machine;learning;overview;terminology;examples,Know Your Standard - Bureau of Indian Standards,https://standards.bis.gov.in/website/know-your-standards,2026-09-07
IS/ISO/IEC 5259 : Part 2 : 2024 ( ISO/IEC 5259-2 : 2024),Artificial Intelligence - Data Quality for Analytics and Machine Learning (ML) - Part 2 Data Quality Measures,,,,,,,,,,,https://standards.bis.gov.in/website/know-your-standards,https://standardsbis.bsbedge.com/,artificial;intelligence;data;quality;analytics;machine;learning;measures,Know Your Standard - Bureau of Indian Standards,https://standards.bis.gov.in/website/know-your-standards,2026-09-07
IS/ISO/IEC 5259 : Part 3 : 2024 ( ISO/IEC 5259-3 : 2024),Artificial Intelligence - Data Quality for Analytics and Machine Learning (ML) - Part 3 Data Quality Management Requirements and Guidelines,,,,,,,,,,,https://standards.bis.gov.in/website/know-your-standards,https://standardsbis.bsbedge.com/,artificial;intelligence;data;quality;analytics;machine;learning;management;guidelines,Know Your Standard - Bureau of Indian Standards,https://standards.bis.gov.in/website/know-your-standards,2026-09-07
IS/ISO/IEC 5259 : Part 4 : 2024 ( ISO/IEC 5259-4 : 2024),Artificial Intelligence - Data Quality for Analytics and Machine Learning (ML) - Part 4 Data Quality Process Framework,,,,,,,,,,,https://standards.bis.gov.in/website/know-your-standards,https://standardsbis.bsbedge.com/,artificial;intelligence;data;quality;analytics;machine;learning;process;framework,Know Your Standard - Bureau of Indian Standards,https://standards.bis.gov.in/website/know-your-standards,2026-09-07
IS/ISO/IEC 5259 : Part 5 : 2025 ( ISO/IEC 5259-5 : 2025),Artificial Intelligence - Data Quality for Analytics and Machine Learning (ML) - Part 5 Data Quality Governance Framework,,,,,,,,,,,https://standards.bis.gov.in/website/know-your-standards,https://standardsbis.bsbedge.com/,artificial;intelligence;data;quality;analytics;machine;learning;governance;framework,Know Your Standard - Bureau of Indian Standards,https://standards.bis.gov.in/website/know-your-standards,2026-09-07
IS/ISO/IEC 5338 : 2023 ( ISO/IEC 5338 : 2023),Information Technology-Artificial Intelligence-AI System Life Cycle Processes,,,,,,,,,,,https://standards.bis.gov.in/website/know-your-standards,https://standardsbis.bsbedge.com/,information;technology;artificial;intelligence;system;life;cycle;processes,Know Your Standard - Bureau of Indian Standards,https://standards.bis.gov.in/website/know-your-standards,2026-09-07
IS/ISO/IEC 5339 : 2024 ( ISO/IEC 5339 : 2024),Information Technology-Artificial Intelligence-Guidance for AI Applications,,,,,,,,,,,https://standards.bis.gov.in/website/know-your-standards,https://standardsbis.bsbedge.com/,information;technology;artificial;intelligence;guidance;applications,Know Your Standard - Bureau of Indian Standards,https://standards.bis.gov.in/website/know-your-standards,2026-09-07
IS/ISO/IEC/TR 5469 : 2024 ( ISO/IEC TR 5469 : 2024),Artificial Intelligence-Functional Safety and AI Systems,,,,,,,,,,,https://standards.bis.gov.in/website/know-your-standards,https://standardsbis.bsbedge.com/,artificial;intelligence;functional;safety;systems,Know Your Standard - Bureau of Indian Standards,https://standards.bis.gov.in/website/know-your-standards,2026-09-07
IS/ISO/IEC 8183 : 2023 ( ISO/IEC 8183 : 2023),Information Technology-Artificial Intelligence-Data Life Cycle Framework,,,,,,,,,,,https://standards.bis.gov.in/website/know-your-standards,https://standardsbis.bsbedge.com/,information;technology;artificial;intelligence;data;life;cycle;framework,Know Your Standard - Bureau of Indian Standards,https://standards.bis.gov.in/website/know-your-standards,2026-09-07
IS/ISO/IEC/TS 12791 : 2024 ( ISO/IEC TS 12791 : 2024),Information Technology - Artificial Intelligence (AI) -Treatment of Unwanted Bias in Classification and Regression Machine Learning Tasks,,,,,,,,,,,https://standards.bis.gov.in/website/know-your-standards,https://standardsbis.bsbedge.com/,information;technology;artificial;intelligence;treatment;unwanted;bias;classification;regression;machine;learning;tasks,Know Your Standard - Bureau of Indian Standards,https://standards.bis.gov.in/website/know-your-standards,2026-09-07
IS 18988 : Part 5 : 2024 ( ISO/TR 22100-5 : 2021),Safety of Machinery - Relationship with ISO 12100 - Part 5 Implications of Artificial Intelligence Machine Learning,,,,,,,,,,,https://standards.bis.gov.in/website/know-your-standards,https://standardsbis.bsbedge.com/,safety;machinery;relationship;iso;implications;artificial;intelligence;machine;learning,Know Your Standard - Bureau of Indian Standards,https://standards.bis.gov.in/website/know-your-standards,2026-09-07
IS/ISO/IEC/TR 20226 : 2025 ( ISO/IEC TR 20226 : 2025),Information Technology - Artificial Intelligence (AI) - Environmental Sustainability Aspects of AI Systems,,,,,,,,,,,https://standards.bis.gov.in/website/know-your-standards,https://standardsbis.bsbedge.com/,information;technology;artificial;intelligence;environmental;sustainability;aspects;systems,Know Your Standard - Bureau of Indian Standards,https://standards.bis.gov.in/website/know-your-standards,2026-09-07
IS/ISO/IEC 22989 : 2022 ( ISO/IEC 22989 : 2022),Information Technology - Artificial Intelligence - Artificial Intelligence Concepts and Terminology,,,,,,,,,,,https://standards.bis.gov.in/website/know-your-standards,https://standardsbis.bsbedge.com/,information;technology;artificial;intelligence;concepts;terminology,Know Your Standard - Bureau of Indian Standards,https://standards.bis.gov.in/website/know-your-standards,2026-09-07
IS/ISO/IEC 23053 : 2022 ( ISO/IEC 23053 : 2022),Framework for Artificial Intelligence (AI) Systems Using Machine Learning (ML),,,,,,,,,,,https://standards.bis.gov.in/website/know-your-standards,https://standardsbis.bsbedge.com/,framework;artificial;intelligence;systems;using;machine;learning,Know Your Standard - Bureau of Indian Standards,https://standards.bis.gov.in/website/know-your-standards,2026-09-07
IS/ISO/IEC 23894 : 2023 ( ISO/IEC 23894 : 2023),Information Technology-Artificial Intelligence-Guidance on Risk Management,,,,,,,,,,,https://standards.bis.gov.in/website/know-your-standards,https://standardsbis.bsbedge.com/,information;technology;artificial;intelligence;guidance;risk;management,Know Your Standard - Bureau of Indian Standards,https://standards.bis.gov.in/website/know-your-standards,2026-09-07
IS/ISO/IEC/TR 24027 : 2021 ( ISO/IEC TR 24027 : 2021),Information Technology - Artificial Intelligence (AI) - Bias in AI Systems and AI Aided Decision Making,,,,,,,,,,,https://standards.bis.gov.in/website/know-your-standards,https://standardsbis.bsbedge.com/,information;technology;artificial;intelligence;bias;systems;aided;decision;making,Know Your Standard - Bureau of Indian Standards,https://standards.bis.gov.in/website/know-your-standards,2026-09-07
IS/ISO/IEC/TR 24028 : 2020 ( ISO/IEC TR 24028:2020),Information technology Artificial intelligence Overview of trustworthiness in artificial intelligence,,,,,,,,,,,https://standards.bis.gov.in/website/know-your-standards,https://standardsbis.bsbedge.com/,information;technology;artificial;intelligence;overview;trustworthiness,Know Your Standard - Bureau of Indian Standards,https://standards.bis.gov.in/website/know-your-standards,2026-09-07
IS/ISO/IEC/TR 24029 : Part 1 : 2021 ( ISO/IEC TR 24029-1:2021),Artificial Intelligence AI Assessment of the robustness of neural networks Part 1: Overview,,,,,,,,,,,https://standards.bis.gov.in/website/know-your-standards,https://standardsbis.bsbedge.com/,artificial;intelligence;assessment;robustness;neural;networks;overview,Know Your Standard - Bureau of Indian Standards,https://standards.bis.gov.in/website/know-your-standards,2026-09-07
IS/ISO/IEC 24029 : Part 2 : 2023 ( ISO/IEC 24029-2 : 2023),Artificial Intelligence (AI)-Assessment of the Robustness of Neural Networks - Part 2 Methodology for the Use of Formal Methods,,,,,,,,,,,https://standards.bis.gov.in/website/know-your-standards,https://standardsbis.bsbedge.com/,artificial;intelligence;assessment;robustness;neural;networks;methodology;use;formal,Know Your Standard - Bureau of Indian Standards,https://standards.bis.gov.in/website/know-your-standards,2026-09-07
IS/ISO/IEC TR 24030 : 2024 ( ISO/IEC TR 24030),Information Technology - Artificial Intelligence (AI) - Use Cases,,,,,,,,,,,https://standards.bis.gov.in/website/know-your-standards,https://standardsbis.bsbedge.com/,information;technology;artificial;intelligence;use;cases,Know Your Standard - Bureau of Indian Standards,https://standards.bis.gov.in/website/know-your-standards,2026-09-07
IS/ISO/IEC/TR 24368 : 2022 ( ISO/IEC TR 24368 : 2022),Information Technology Artificial Intelligence Overview Of Ethical And Societal Concerns,,,,,,,,,,,https://standards.bis.gov.in/website/know-your-standards,https://standardsbis.bsbedge.com/,information;technology;artificial;intelligence;overview;ethical;societal;concerns,Know Your Standard - Bureau of Indian Standards,https://standards.bis.gov.in/website/know-your-standards,2026-09-07
IS/ISO/IEC/TR 24372 : 2021 ( ISO/IEC TR 24372:2021),Information Technology Artificial Intelligence Ai Overview Of Computational Approaches For Ai Systems,,,,,,,,,,,https://standards.bis.gov.in/website/know-your-standards,https://standardsbis.bsbedge.com/,information;technology;artificial;intelligence;overview;computational;approaches;systems,Know Your Standard - Bureau of Indian Standards,https://standards.bis.gov.in/website/know-your-standards,2026-09-07
IS/ISO/IEC 24668 : 2022 ( ISO/IEC 24668 : 2022),Information Technology- Artificial Intelligence- Process Management Framework for Big Data Analytics,,,,,,,,,,,https://standards.bis.gov.in/website/know-your-standards,https://standardsbis.bsbedge.com/,information;technology;artificial;intelligence;process;management;framework;big;data;analytics,Know Your Standard - Bureau of Indian Standards,https://standards.bis.gov.in/website/know-your-standards,2026-09-07
IS/ISO/IEC/TS 25058 : 2024 ( ISO/IEC TS 25058 : 2024),Systems and Software Engineering-Systems and Software Quality Requirements and Evaluation (SQuaRE)-Guidance for Quality Evaluation of Artificial Intelligence (AI) Systems,,,,,,,,,,,https://standards.bis.gov.in/website/know-your-standards,https://standardsbis.bsbedge.com/,systems;software;engineering;quality;evaluation;square;guidance;artificial;intelligence,Know Your Standard - Bureau of Indian Standards,https://standards.bis.gov.in/website/know-your-standards,2026-09-07
IS/ISO/IEC 2382 : Part 37 : 2022 ( ISO/IEC 2382-37 : 2022),Information Technology- Vocabulary - Part 37 Biometrics,,,,,,,,,,,https://standards.bis.gov.in/website/know-your-standards,https://standardsbis.bsbedge.com/,information;technology;vocabulary;biometrics,Know Your Standard - Bureau of Indian Standards,https://standards.bis.gov.in/website/know-your-standards,2026-09-07
IS 19380 : Part 1 : 2025 ( ISO/IEC 30137-1 : 2024),Information Technology - Use of Biometrics in Video Surveillance Systems - Part 1 System Design and Specification,,,,,,,,,,,https://standards.bis.gov.in/website/know-your-standards,https://standardsbis.bsbedge.com/,information;technology;use;biometrics;video;surveillance;systems;system;design,Know Your Standard - Bureau of Indian Standards,https://standards.bis.gov.in/website/know-your-standards,2026-09-07
IS 19380 : Part 4 : 2025 ( ISO/IEC 30137-4 : 2021),Information Technology - Use of Biometrics in Video Surveillance Systems - Part 4 Ground Truth and Video Annotation Procedure,,,,,,,,,,,https://standards.bis.gov.in/website/know-your-standards,https://standardsbis.bsbedge.com/,information;technology;use;biometrics;video;surveillance;systems;ground;truth;annotation;procedure,Know Your Standard - Bureau of Indian Standards,https://standards.bis.gov.in/website/know-your-standards,2026-09-07
IS 19670 : 2026 ( ISO 19092 : 2023),Financial Services - Biometrics - Security Framework,,,,,,,,,,,https://standards.bis.gov.in/website/know-your-standards,https://standardsbis.bsbedge.com/,financial;services;biometrics;security;framework,Know Your Standard - Bureau of Indian Standards,https://standards.bis.gov.in/website/know-your-standards,2026-09-07
IS/ISO/IEC 19792 - (Active) : 2009 ( ISO/IEC 19792 :2009),Information Technology - Security Techniques - Security Evaluation of Biometrics - (Vaild upto 27 August 2026),,,,,,,,,,,https://standards.bis.gov.in/website/know-your-standards,https://standardsbis.bsbedge.com/,information;technology;security;techniques;evaluation;biometrics;vaild;upto;august,Know Your Standard - Bureau of Indian Standards,https://standards.bis.gov.in/website/know-your-standards,2026-09-07
IS/ISO/IEC 24761 : 2019 ( ISO/IEC 24761:2019),Information technology Security techniques Authentication context for biometrics,,,,,,,,,,,https://standards.bis.gov.in/website/know-your-standards,https://standardsbis.bsbedge.com/,information;technology;security;techniques;authentication;context;biometrics,Know Your Standard - Bureau of Indian Standards,https://standards.bis.gov.in/website/know-your-standards,2026-09-07
IS/ISO/IEC 29141 : 2009 ( ISO/IEC 29141:2009),Information technology Biometrics Tenprint capture using biometric application programming interface BioAPI,,,,,,,,,,,https://standards.bis.gov.in/website/know-your-standards,https://standardsbis.bsbedge.com/,information;technology;biometrics;tenprint;capture;using;biometric;application;programming;interface;bioapi,Know Your Standard - Bureau of Indian Standards,https://standards.bis.gov.in/website/know-your-standards,2026-09-07
IS/ISO/IEC/TR 30125 : 2016 ( ISO/IEC TR 30125:2016),Information technology Biometrics used with mobile devices,,,,,,,,,,,https://standards.bis.gov.in/website/know-your-standards,https://standardsbis.bsbedge.com/,information;technology;biometrics;used;mobile;devices,Know Your Standard - Bureau of Indian Standards,https://standards.bis.gov.in/website/know-your-standards,2026-09-07
IS/IEC 80000 : Part 14 : 2008 ( IEC 80000 : Part 14 : 2008),Quantities and Units Part 14 Telebiometrics Related to Human Physiology,,,,,,,,,,,https://standards.bis.gov.in/website/know-your-standards,https://standardsbis.bsbedge.com/,quantities;units;telebiometrics;related;human;physiology,Know Your Standard - Bureau of Indian Standards,https://standards.bis.gov.in/website/know-your-standards,2026-09-07
IS/IEC 63203 : Part 201 : Sec 1 : 2022 ( IEC 63203 : Part 201 : Sec 1 : 2022),Wearable Electronic Devices and Technologies - Part 201 Electronic Textile - Section 1 Measurement Methods for Basic Properties of Conductive Yarns,,,,,,,,,,,https://standards.bis.gov.in/website/know-your-standards,https://standardsbis.bsbedge.com/,wearable;electronic;devices;technologies;textile;section;measurement;basic;properties;conductive;yarns,Know Your Standard - Bureau of Indian Standards,https://standards.bis.gov.in/website/know-your-standards,2026-09-07
IS/IEC 63203 : Part 204 : Sec 1 : 2023 ( IEC 63203-204-1 : 2023),Wearable Electronic Devices and Technologies - Part 204 Electronic Textile - Section 1 Test Method for Assessing Washing Durability of E-Textile Products,,,,,,,,,,,https://standards.bis.gov.in/website/know-your-standards,https://standardsbis.bsbedge.com/,wearable;electronic;devices;technologies;textile;section;assessing;washing;durability;products,Know Your Standard - Bureau of Indian Standards,https://standards.bis.gov.in/website/know-your-standards,2026-09-07
IS/IEC 63203 : Part 401 : Sec 1 : 2023 ( IEC 63203-401-1 : 2023),Wearable Electronic Devices and Technologies - Part 401 Devices and Systems: Functional Elements - Section 1 Evaluation Method of the Stretchable Resistive Strain Sensor,,,,,,,,,,,https://standards.bis.gov.in/website/know-your-standards,https://standardsbis.bsbedge.com/,wearable;electronic;devices;technologies;systems;functional;elements;section;evaluation;stretchable;resistive;strain,Know Your Standard - Bureau of Indian Standards,https://standards.bis.gov.in/website/know-your-standards,2026-09-07
IS/IEC 63203 : Part 402 : Sec 1 : 2022 ( IEC 63203-402-1 : 2022),Wearable Electronic Devices and Technologies - Part 402 Performance Measurement of Fitness Wearables - Section 1 Test Methods of Glove-Type Motion Sensors for Measuring Finger Movements,,,,,,,,,,,https://standards.bis.gov.in/website/know-your-standards,https://standardsbis.bsbedge.com/,wearable;electronic;devices;technologies;performance;measurement;fitness;wearables;section;glove;type;motion,Know Your Standard - Bureau of Indian Standards,https://standards.bis.gov.in/website/know-your-standards,2026-09-07
IS/IEC 63203 : Part 801 : Sec 1 : 2022 ( IEC 63203-801-1 : 2022),Wearable Electronic Devices and Technologies - Part 801 Smart Body Area Network (SmartBAN) - Section 1 Enhanced Ultra-Low Power Physical Layer,,,,,,,,,,,https://standards.bis.gov.in/website/know-your-standards,https://standardsbis.bsbedge.com/,wearable;electronic;devices;technologies;smart;body;area;network;smartban;section;enhanced;ultra,Know Your Standard - Bureau of Indian Standards,https://standards.bis.gov.in/website/know-your-standards,2026-09-07
IS/IEC 63203 : Part 101 : Sec 1 : 2021 ( IEC 63203-101-1 : 2021),Wearable Electronic Devices and Technologies - Part 101 - Section 1 Terminology,,,,,,,,,,,https://standards.bis.gov.in/website/know-your-standards,https://standardsbis.bsbedge.com/,wearable;electronic;devices;technologies;section;terminology,Know Your Standard - Bureau of Indian Standards,https://standards.bis.gov.in/website/know-your-standards,2026-09-07
IS/IEC 63203 : Part 201 : Sec 3 : 2021 ( IEC 63203-201-3 : 2021),Wearable Electronic Devices and Technologies - Part 201 Electronic Textile - Section 3 Determination of Electrical Resistance of Conductive Textiles Under Simulated Microclimate,,,,,,,,,,,https://standards.bis.gov.in/website/know-your-standards,https://standardsbis.bsbedge.com/,wearable;electronic;devices;technologies;textile;section;determination;electrical;resistance;conductive;textiles;under,Know Your Standard - Bureau of Indian Standards,https://standards.bis.gov.in/website/know-your-standards,2026-09-07
IS/IEC 63203 : Part 201 : Sec 2 : 2022 ( IEC 63203-201-2 : 2022),Wearable Electronic Devices and Technologies - Part 201 Electronic Textile - Section 2 Measurement Methods for Basic Properties of Conductive Fabrics and Insulation Materials,,,,,,,,,,,https://standards.bis.gov.in/website/know-your-standards,https://standardsbis.bsbedge.com/,wearable;electronic;devices;technologies;textile;section;measurement;basic;properties;conductive;fabrics;insulation,Know Your Standard - Bureau of Indian Standards,https://standards.bis.gov.in/website/know-your-standards,2026-09-07
IS/IEC/TR 63203 : Part 250 : Sec 1 : 2021 ( IEC TR 63203-250-1 : 2021),Wearable Electronic Devices and Technologies - Part 250 Electronic Textile - Section 1 Snap Fastener Connectors Between E-Textiles and Detachable Electronic Devices,,,,,,,,,,,https://standards.bis.gov.in/website/know-your-standards,https://standardsbis.bsbedge.com/,wearable;electronic;devices;technologies;textile;section;snap;fastener;connectors;between;textiles;detachable,Know Your Standard - Bureau of Indian Standards,https://standards.bis.gov.in/website/know-your-standards,2026-09-07
IS/IEC 63203 : Part 406 : Sec 1 : 2021 ( IEC 63203-406-1 : 2021),Wearable Electronic Devices and Technologies - Part 406 Test Method for Measuring Surface Temperature of Wrist - Section 1 Worn Wearable Electronic Devices While in Contact with Human Skin,,,,,,,,,,,https://standards.bis.gov.in/website/know-your-standards,https://standardsbis.bsbedge.com/,wearable;electronic;devices;technologies;measuring;surface;temperature;wrist;section;worn;while;contact,Know Your Standard - Bureau of Indian Standards,https://standards.bis.gov.in/website/know-your-standards,2026-09-07
IS/IEC 63203 : Part 801 : Sec 2 : 2022 ( IEC 63203-801-2 : 2022),Wearable Electronic Devices and Technologies - Part 801 Smart Body Area Network (SmartBAN) - Section 2 Low Complexity Medium Access Control (MAC) for SmartBAN,,,,,,,,,,,https://standards.bis.gov.in/website/know-your-standards,https://standardsbis.bsbedge.com/,wearable;electronic;devices;technologies;smart;body;area;network;smartban;section;low;complexity,Know Your Standard - Bureau of Indian Standards,https://standards.bis.gov.in/website/know-your-standards,2026-09-07
IS 1885 : Part 89 : 2023 ( IEC 60050-871 : 2018),Electrotechnical Vocabulary - Part 89 Active Assisted Living (AAL),,,,,,,,,,,https://standards.bis.gov.in/website/know-your-standards,https://standardsbis.bsbedge.com/,electrotechnical;vocabulary;active;assisted;living;aal,Know Your Standard - Bureau of Indian Standards,https://standards.bis.gov.in/website/know-your-standards,2026-09-07
IS/IEC/TS 63134 : 2020 ( IEC TS 63134: 2020),Active assisted living AAL use cases,,,,,,,,,,,https://standards.bis.gov.in/website/know-your-standards,https://standardsbis.bsbedge.com/,active;assisted;living;aal;use;cases,Know Your Standard - Bureau of Indian Standards,https://standards.bis.gov.in/website/know-your-standards,2026-09-07
IS/IEC 63240 : Part 1 : 2024 ( IEC 63240-1 : 2024),Active Assisted Living (AAL) Reference Architecture and Architecture Model - Part 1 Reference Architecture,,,,,,,,,,,https://standards.bis.gov.in/website/know-your-standards,https://standardsbis.bsbedge.com/,active;assisted;living;aal;reference;architecture;model,Know Your Standard - Bureau of Indian Standards,https://standards.bis.gov.in/website/know-your-standards,2026-09-07
IS/IEC 63240 : Part 2 : 2020 ( IEC 63240-2 : 2020),Active Assisted Living (AAL) Reference Architecture and Architecture Model - Part 2 Architecture Model,,,,,,,,,,,https://standards.bis.gov.in/website/know-your-standards,https://standardsbis.bsbedge.com/,active;assisted;living;aal;reference;architecture;model,Know Your Standard - Bureau of Indian Standards,https://standards.bis.gov.in/website/know-your-standards,2026-09-07
IS/IEC/SRD 63416 : 2023 ( IEC SRD 63416 : 2023),Ethical Considerations of Artificial Intelligence (AI) When Applied in the Active Assisted Living (AAL) Context,,,,,,,,,,,https://standards.bis.gov.in/website/know-your-standards,https://standardsbis.bsbedge.com/,ethical;considerations;artificial;intelligence;when;applied;active;assisted;living;aal;context,Know Your Standard - Bureau of Indian Standards,https://standards.bis.gov.in/website/know-your-standards,2026-09-07
IS/ISO/IEC 8663 : 2025 ( ISO/IEC 8663 : 2025),Information Technology - Brain-Computer Interfaces - Vocabulary,,,,,,,,,,,https://standards.bis.gov.in/website/know-your-standards,https://standardsbis.bsbedge.com/,information;technology;brain;computer;interfaces;vocabulary,Know Your Standard - Bureau of Indian Standards,https://standards.bis.gov.in/website/know-your-standards,2026-09-07
IS 2260 : 1973,"Preconditioning, conditioning and testing of solid electrical insulating materials",,,,,,,,,,,https://standards.bis.gov.in/website/know-your-standards,https://standardsbis.bsbedge.com/,preconditioning;conditioning;testing;solid;electrical;insulating;materials,Know Your Standard - Bureau of Indian Standards,https://standards.bis.gov.in/website/know-your-standards,2026-09-07
IS 3396 : 1979,Methods of test for volume and surface resistivities of solid electrical insulating materials,,,,,,,,,,,https://standards.bis.gov.in/website/know-your-standards,https://standardsbis.bsbedge.com/,volume;surface;resistivities;solid;electrical;insulating;materials,Know Your Standard - Bureau of Indian Standards,https://standards.bis.gov.in/website/know-your-standards,2026-09-07
IS 4249 : 1967,Classification and methods of tests for non-ignitable and self-extinguishing properties of solid electrical insulating materials (Incorporated Amendement No. 1),,,,,,,,,,,https://standards.bis.gov.in/website/know-your-standards,https://standardsbis.bsbedge.com/,classification;non;ignitable;self;extinguishing;properties;solid;electrical;insulating;materials;incorporated;amendement,Know Your Standard - Bureau of Indian Standards,https://standards.bis.gov.in/website/know-your-standards,2026-09-07
IS 4486 : 1967,"Recommended methods for the determination of the permittivity and dielectric dissipation factor of electrical insulating materials at power, audio and radio frequencies including metre wavelengths",,,,,,,,,,,https://standards.bis.gov.in/website/know-your-standards,https://standardsbis.bsbedge.com/,recommended;determination;permittivity;dielectric;dissipation;factor;electrical;insulating;materials;power;audio;radio,Know Your Standard - Bureau of Indian Standards,https://standards.bis.gov.in/website/know-your-standards,2026-09-07
IS 8504 : Part 1 : 2012 ( IEC 60216-1 : 2001),Electrical Insulating Materials — Thermal Endurance Properties Part 1 Ageing Procedures And Evaluation Of Test Results,,,,,,,,,,,https://standards.bis.gov.in/website/know-your-standards,https://standardsbis.bsbedge.com/,electrical;insulating;materials;thermal;endurance;properties;ageing;procedures;evaluation;results,Know Your Standard - Bureau of Indian Standards,https://standards.bis.gov.in/website/know-your-standards,2026-09-07
IS 8504 : Part 2 : 2013 ( IEC 60216-2 : 2005),Electrical Insulating Materials - Thermal Endurance Properties Part 2 Determination of Thermal Endurance Properties of Electrical Insulating Materials - Choice of Test Criteria,,,,,,,,,,,https://standards.bis.gov.in/website/know-your-standards,https://standardsbis.bsbedge.com/,electrical;insulating;materials;thermal;endurance;properties;determination;choice;criteria,Know Your Standard - Bureau of Indian Standards,https://standards.bis.gov.in/website/know-your-standards,2026-09-07
IS 8504 : Part 3 : 1994,Guide for determination of thermal endurance properties of electrical insulating materials Part 3 : Statistical methods,,,,,,,,,,,https://standards.bis.gov.in/website/know-your-standards,https://standardsbis.bsbedge.com/,guide;determination;thermal;endurance;properties;electrical;insulating;materials;statistical,Know Your Standard - Bureau of Indian Standards,https://standards.bis.gov.in/website/know-your-standards,2026-09-07
IS 8504 : Part 4 : 2013 ( IEC 60216-3 : 2006),Electrical Insulating Materials — Thermal Endurance Properties Part 4 Instructions for Calculating Thermal Endurance Characteristics,,,,,,,,,,,https://standards.bis.gov.in/website/know-your-standards,https://standardsbis.bsbedge.com/,electrical;insulating;materials;thermal;endurance;properties;instructions;calculating;characteristics,Know Your Standard - Bureau of Indian Standards,https://standards.bis.gov.in/website/know-your-standards,2026-09-07
IS 8504 : PART 5 : SEC 1 : 2012 ( IEC 60216-4-1 : 2006),Electrical Insulating Materials — Thermal Endurance Properties Part 5 Ageing Ovens Section 1 Single-chamber Ovens,,,,,,,,,,,https://standards.bis.gov.in/website/know-your-standards,https://standardsbis.bsbedge.com/,electrical;insulating;materials;thermal;endurance;properties;ageing;ovens;section;single;chamber,Know Your Standard - Bureau of Indian Standards,https://standards.bis.gov.in/website/know-your-standards,2026-09-07
IS 8504 : PART 5 : SEC 2 : 2012 ( IEC 60216-4-2 : 2000),Electrical Insulating Materials — Thermal Endurance Properties Part 5 Ageing Ovens Section 2 Precision Ovens For Use Up To 300Â°c,,,,,,,,,,,https://standards.bis.gov.in/website/know-your-standards,https://standardsbis.bsbedge.com/,electrical;insulating;materials;thermal;endurance;properties;ageing;ovens;section;precision;use,Know Your Standard - Bureau of Indian Standards,https://standards.bis.gov.in/website/know-your-standards,2026-09-07
IS 8504 : PART 5 : SEC 3 : 2012 ( IEC 60216-4-3 : 2000),Electrical Insulating Materials — Thermal Endurance Properties Part 5 Ageing Ovens Section 3 Multi-chamber Ovens,,,,,,,,,,,https://standards.bis.gov.in/website/know-your-standards,https://standardsbis.bsbedge.com/,electrical;insulating;materials;thermal;endurance;properties;ageing;ovens;section;multi;chamber,Know Your Standard - Bureau of Indian Standards,https://standards.bis.gov.in/website/know-your-standards,2026-09-07
IS 8504 : PART 6 : 2012 ( IEC 60216-5 : 2008),Electrical Insulating Materials — Thermal Endurance Properties Part 6 Determination Of Relative Thermal Endurance Index (rte) Of An Insulating Material,,,,,,,,,,,https://standards.bis.gov.in/website/know-your-standards,https://standardsbis.bsbedge.com/,electrical;insulating;materials;thermal;endurance;properties;determination;relative;index;rte;material,Know Your Standard - Bureau of Indian Standards,https://standards.bis.gov.in/website/know-your-standards,2026-09-07
IS 8504 : PART 7 : 2012 ( IEC 60216-6 : 2006),Electrical Insulating Materials — Thermal Endurance Properties Part 7 Determination Of Thermal Endurance Indices (ti And Rte) Of An Insulating Material Using The Fixed Time Frame Method,,,,,,,,,,,https://standards.bis.gov.in/website/know-your-standards,https://standardsbis.bsbedge.com/,electrical;insulating;materials;thermal;endurance;properties;determination;indices;rte;material;using;fixed,Know Your Standard - Bureau of Indian Standards,https://standards.bis.gov.in/website/know-your-standards,2026-09-07
IS 8504 : Part 8 : 2019 ( IEC 60216-8 : 2013),Electrical Insulating Materials — Thermal Endurance Properties Part 8 Instructions for Calculating Thermal Endurance Characteristics Using Simplified Procedures,,,,,,,,,,,https://standards.bis.gov.in/website/know-your-standards,https://standardsbis.bsbedge.com/,electrical;insulating;materials;thermal;endurance;properties;instructions;calculating;characteristics;using;simplified;procedures,Know Your Standard - Bureau of Indian Standards,https://standards.bis.gov.in/website/know-your-standards,2026-09-07
IS 8516 : 2011 ( IEC 60426 : 2007),Electrical Insulating Materials — Determination Of Electrolytic Corrosion Caused By Insulating Materials — Test Methods,,,,,,,,,,,https://standards.bis.gov.in/website/know-your-standards,https://standardsbis.bsbedge.com/,electrical;insulating;materials;determination;electrolytic;corrosion;caused,Know Your Standard - Bureau of Indian Standards,https://standards.bis.gov.in/website/know-your-standards,2026-09-07
IS 9537 : Part 3 : 1983,Conduits for electrical installations: Part 3 Rigid plain conduits of insulating materials (superseding IS:2509),,,,,,,,,,,https://standards.bis.gov.in/website/know-your-standards,https://standardsbis.bsbedge.com/,conduits;electrical;installations;rigid;plain;insulating;materials;superseding,Know Your Standard - Bureau of Indian Standards,https://standards.bis.gov.in/website/know-your-standards,2026-09-07
IS 9537 : Part 4 : 1983,Conduits for Electrical Installations - Part 4 : Pliable Self-recovering Conduits of Insulating Materials,,,,,,,,,,,https://standards.bis.gov.in/website/know-your-standards,https://standardsbis.bsbedge.com/,conduits;electrical;installations;pliable;self;recovering;insulating;materials,Know Your Standard - Bureau of Indian Standards,https://standards.bis.gov.in/website/know-your-standards,2026-09-07
IS 9947 : 2011 ( IEC 60587 : 2007),Electrical Insulating Materials Used Under Severe Ambient Conditions — Test Methods For Evaluating Resistance To Tracking And Erosion,,,,,,,,,,,https://standards.bis.gov.in/website/know-your-standards,https://standardsbis.bsbedge.com/,electrical;insulating;materials;used;under;severe;ambient;conditions;evaluating;resistance;tracking;erosion,Know Your Standard - Bureau of Indian Standards,https://standards.bis.gov.in/website/know-your-standards,2026-09-07
IS 10242 : Part 3 : Sec 11 : 1986,"Electrical installations in ships: Part 3 Equipment, Section 11 Insulating materials for shipboard power cables",,,,,,,,,,,https://standards.bis.gov.in/website/know-your-standards,https://standardsbis.bsbedge.com/,electrical;installations;ships;equipment;section;insulating;materials;shipboard;power;cables,Know Your Standard - Bureau of Indian Standards,https://standards.bis.gov.in/website/know-your-standards,2026-09-07
IS 10242 : Part 360 : 2023 ( IEC 60092-360 : 2021),"Electrical Installation in Ships-Specification - Part 360 Insulating and Sheathing Materials for Shipboard and Offshore Units, Power, Control, Instrumentation and Telecommunication Cables",,,,,,,,,,,https://standards.bis.gov.in/website/know-your-standards,https://standardsbis.bsbedge.com/,electrical;installation;ships;insulating;sheathing;materials;shipboard;offshore;units;power;control;instrumentation,Know Your Standard - Bureau of Indian Standards,https://standards.bis.gov.in/website/know-your-standards,2026-09-07
IS 10581 : 1983,Methods of test for the determination of ionic impurities in electrical insulating materials by extraction with liquids,,,,,,,,,,,https://standards.bis.gov.in/website/know-your-standards,https://standardsbis.bsbedge.com/,determination;ionic;impurities;electrical;insulating;materials;extraction;liquids,Know Your Standard - Bureau of Indian Standards,https://standards.bis.gov.in/website/know-your-standards,2026-09-07
IS 11731 : Part 1 : 1986,Methods Of Test For Determination Of The Flammability Of Solid Electrical Insulating Materials When Exposed To An Igniting Source: Part 1 Horizontal Specimen Method,,,,,,,,,,,https://standards.bis.gov.in/website/know-your-standards,https://standardsbis.bsbedge.com/,determination;flammability;solid;electrical;insulating;materials;when;exposed;igniting;source;horizontal;specimen,Know Your Standard - Bureau of Indian Standards,https://standards.bis.gov.in/website/know-your-standards,2026-09-07
IS 11731 : Part 2 : 1986,Methods of Test for Determination of Flammability of Solid Electrical Insulating Materials When Exposed to An Igniting Source - Part 2 : Vertical Specimen Method,,,,,,,,,,,https://standards.bis.gov.in/website/know-your-standards,https://standardsbis.bsbedge.com/,determination;flammability;solid;electrical;insulating;materials;when;exposed;igniting;source;vertical;specimen,Know Your Standard - Bureau of Indian Standards,https://standards.bis.gov.in/website/know-your-standards,2026-09-07
IS 11755 : 1986,Method Of Test For The Determination Of Electrical Resistance And Resistivity Of Insulating Materials At Elevated Temperatures,,,,,,,,,,,https://standards.bis.gov.in/website/know-your-standards,https://standardsbis.bsbedge.com/,determination;electrical;resistance;resistivity;insulating;materials;elevated;temperatures,Know Your Standard - Bureau of Indian Standards,https://standards.bis.gov.in/website/know-your-standards,2026-09-07
IS 15218 : Part 1 : 2002 ( IEC 60544-1 : 1994),Electrical Insulating Materials - Determination of the Effects of Ionizing Radiation - Part 1 : Radiation Interaction and Dosimetry,,,,,,,,,,,https://standards.bis.gov.in/website/know-your-standards,https://standardsbis.bsbedge.com/,electrical;insulating;materials;determination;effects;ionizing;radiation;interaction;dosimetry,Know Your Standard - Bureau of Indian Standards,https://standards.bis.gov.in/website/know-your-standards,2026-09-07
IS 16659 : 2017 ( IEC 62770 : 2013),Fluids for Electrotechnical Applications - Unused Natural Esters for Transformers and Similar Electrical Equipment,,,,,,,,,,,https://standards.bis.gov.in/website/know-your-standards,https://standardsbis.bsbedge.com/,fluids;electrotechnical;applications;unused;natural;esters;transformers;similar;electrical;equipment,Know Your Standard - Bureau of Indian Standards,https://standards.bis.gov.in/website/know-your-standards,2026-09-07
IS 302 : Part 2 : Sec 80 : 2017,Household and Similar Electrical Appliances - Safety Part 2-80 Particular Requirements for Fans (First Revision),,,,,,,,,,,https://standards.bis.gov.in/website/know-your-standards,https://standardsbis.bsbedge.com/,household;similar;electrical;appliances;safety;particular;fans;first;revision,Know Your Standard - Bureau of Indian Standards,https://standards.bis.gov.in/website/know-your-standards,2026-09-07
IS 374 : 2019,Electric Ceiling Type Fans — Specification ( Fourth Revision ),,,,,,,,,,,https://standards.bis.gov.in/website/know-your-standards,https://standardsbis.bsbedge.com/,electric;ceiling;type;fans;fourth;revision,Know Your Standard - Bureau of Indian Standards,https://standards.bis.gov.in/website/know-your-standards,2026-09-07
IS 555 : 1979,Electric Table Type Fans Regulators,,,,,,,,,,,https://standards.bis.gov.in/website/know-your-standards,https://standardsbis.bsbedge.com/,electric;table;type;fans;regulators,Know Your Standard - Bureau of Indian Standards,https://standards.bis.gov.in/website/know-your-standards,2026-09-07
IS 1169 : 1967,Electric pedestal type fans and regulators,,,,,,,,,,,https://standards.bis.gov.in/website/know-your-standards,https://standardsbis.bsbedge.com/,electric;pedestal;type;fans;regulators,Know Your Standard - Bureau of Indian Standards,https://standards.bis.gov.in/website/know-your-standards,2026-09-07
IS 1885 : Part 55 : 1981,Electrotechnical vocabulary: Part 55 Electric fans,,,,,,,,,,,https://standards.bis.gov.in/website/know-your-standards,https://standardsbis.bsbedge.com/,electrotechnical;vocabulary;electric;fans,Know Your Standard - Bureau of Indian Standards,https://standards.bis.gov.in/website/know-your-standards,2026-09-07
IS 2997 : 1964,Air circulator type electric fans and regulators (Incorporating Amendments No. 1 to 5),,,,,,,,,,,https://standards.bis.gov.in/website/know-your-standards,https://standardsbis.bsbedge.com/,air;circulator;type;electric;fans;regulators;incorporating;amendments,Know Your Standard - Bureau of Indian Standards,https://standards.bis.gov.in/website/know-your-standards,2026-09-07
IS B2997 : 1964,Air circulator type electric fans and regulators(Bi-lingual),,,,,,,,,,,https://standards.bis.gov.in/website/know-your-standards,https://standardsbis.bsbedge.com/,air;circulator;type;electric;fans;regulators;lingual,Know Your Standard - Bureau of Indian Standards,https://standards.bis.gov.in/website/know-your-standards,2026-09-07
IS 3588 : 1987,Electric Axial Flow Fans,,,,,,,,,,,https://standards.bis.gov.in/website/know-your-standards,https://standardsbis.bsbedge.com/,electric;axial;flow;fans,Know Your Standard - Bureau of Indian Standards,https://standards.bis.gov.in/website/know-your-standards,2026-09-07
IS 4327 : 1967,Electric fans and regulators for use in ships,,,,,,,,,,,https://standards.bis.gov.in/website/know-your-standards,https://standardsbis.bsbedge.com/,electric;fans;regulators;use;ships,Know Your Standard - Bureau of Indian Standards,https://standards.bis.gov.in/website/know-your-standards,2026-09-07
IS 8354 : 1977,Code of practice for packaging of electric fans,,,,,,,,,,,https://standards.bis.gov.in/website/know-your-standards,https://standardsbis.bsbedge.com/,packaging;electric;fans,Know Your Standard - Bureau of Indian Standards,https://standards.bis.gov.in/website/know-your-standards,2026-09-07
IS 2147 : 1962,Degrees of protection provided by enclosures for low voltage switchgear and controlgear,,,,,,,,,,,https://standards.bis.gov.in/website/know-your-standards,https://standardsbis.bsbedge.com/,degrees;protection;provided;enclosures;low;voltage;switchgear;controlgear,Know Your Standard - Bureau of Indian Standards,https://standards.bis.gov.in/website/know-your-standards,2026-09-07
IS 8623 : Part 1 : 1993 ( IEC Pub 439-1 : 1985),Low-Voltage Switchgear and Controlgear Assemblies - Part 1 : Requirements for Type-Tested and Partially Type-Tested Assemblies,,,,,,,,,,,https://standards.bis.gov.in/website/know-your-standards,https://standardsbis.bsbedge.com/,low;voltage;switchgear;controlgear;assemblies;type;tested;partially,Know Your Standard - Bureau of Indian Standards,https://standards.bis.gov.in/website/know-your-standards,2026-09-07
IS 8623 : Part 2 : 1993 ( IEC Pub 439-2 : 1987),Low-voltage Switchgear and Controlgear Assemblies - Part 2 : Particular Requirements for Busbar Trunking Systems (Busway),,,,,,,,,,,https://standards.bis.gov.in/website/know-your-standards,https://standardsbis.bsbedge.com/,low;voltage;switchgear;controlgear;assemblies;particular;busbar;trunking;systems;busway,Know Your Standard - Bureau of Indian Standards,https://standards.bis.gov.in/website/know-your-standards,2026-09-07
IS 8623 : Part 3 : 1993 ( IEC Pub 439-3 : 1990),Low-Voltage Switchgear and Controlgear Assemblies - Part 3 : Particular Requirements for Equipment Where Unskilled Persons have Access for Their Use,,,,,,,,,,,https://standards.bis.gov.in/website/know-your-standards,https://standardsbis.bsbedge.com/,low;voltage;switchgear;controlgear;assemblies;particular;equipment;where;unskilled;persons;have;access,Know Your Standard - Bureau of Indian Standards,https://standards.bis.gov.in/website/know-your-standards,2026-09-07
IS 10242 : Part 3 : Sec 2 : 2023 ( IEC 60092-302-2 : 2019),Electrical Installation in Ships - Specification - Part 3 Equipment - Section 2 Low Voltage Switchgear and Controlgear Assemblies - Marine Power,,,,,,,,,,,https://standards.bis.gov.in/website/know-your-standards,https://standardsbis.bsbedge.com/,electrical;installation;ships;equipment;section;low;voltage;switchgear;controlgear;assemblies;marine;power,Know Your Standard - Bureau of Indian Standards,https://standards.bis.gov.in/website/know-your-standards,2026-09-07
IS 13947 : Part 1 : 1993,Low-voltage Switchgear and Controlgear - Part 1 : General Rules,,,,,,,,,,,https://standards.bis.gov.in/website/know-your-standards,https://standardsbis.bsbedge.com/,low;voltage;switchgear;controlgear;rules,Know Your Standard - Bureau of Indian Standards,https://standards.bis.gov.in/website/know-your-standards,2026-09-07
IS 13947 : Part 2 : 1993,Low-voltage Switchgear and Controlgear - Part 2 : Circuit Breakers,,,,,,,,,,,https://standards.bis.gov.in/website/know-your-standards,https://standardsbis.bsbedge.com/,low;voltage;switchgear;controlgear;circuit;breakers,Know Your Standard - Bureau of Indian Standards,https://standards.bis.gov.in/website/know-your-standards,2026-09-07
IS 13947 : Part 3 : 1993,"Low-voltage Switchgear and Controlgear - Part 3 : Switches, Disconnectors, Switch Disconnectors and Fuse Combination Units",,,,,,,,,,,https://standards.bis.gov.in/website/know-your-standards,https://standardsbis.bsbedge.com/,low;voltage;switchgear;controlgear;switches;disconnectors;switch;fuse;combination;units,Know Your Standard - Bureau of Indian Standards,https://standards.bis.gov.in/website/know-your-standards,2026-09-07
IS 13947 : Part 4 : Sec 1 : 1993,Low-Voltage Switchgear and Controlgear - Part 4 : Contractors and Motor-Starters - Section 1 : Electromechanical Contactors and Motor Starters,,,,,,,,,,,https://standards.bis.gov.in/website/know-your-standards,https://standardsbis.bsbedge.com/,low;voltage;switchgear;controlgear;contractors;motor;starters;section;electromechanical;contactors,Know Your Standard - Bureau of Indian Standards,https://standards.bis.gov.in/website/know-your-standards,2026-09-07
IS 13947 : Part 5 : Sec 1 : 2004,Low-Voltage Switchgear and Controlgear - Part 5 : Control Circuit Devices and Switching Elements - Section 1 : Electromechanical Control Circuit Devices,,,,,,,,,,,https://standards.bis.gov.in/website/know-your-standards,https://standardsbis.bsbedge.com/,low;voltage;switchgear;controlgear;control;circuit;devices;switching;elements;section;electromechanical,Know Your Standard - Bureau of Indian Standards,https://standards.bis.gov.in/website/know-your-standards,2026-09-07
IS 13947 : Part 5 : Sec 2 : 2004 ( IEC 60947-5-2 : 1999),Low-Voltage Switchgear and Controlgear - Part 5 : Control Circuit Devices and Switching Elements - Section 2 : Proximity Switches,,,,,,,,,,,https://standards.bis.gov.in/website/know-your-standards,https://standardsbis.bsbedge.com/,low;voltage;switchgear;controlgear;control;circuit;devices;switching;elements;section;proximity;switches,Know Your Standard - Bureau of Indian Standards,https://standards.bis.gov.in/website/know-your-standards,2026-09-07
IS/IEC 60715 : 2017 ( IEC 60715 : 2017),"Dimensions of Low-Voltage Switchgear and Controlgear — Standardized Mounting on Rails for Mechanical Support of Switchgear, Controlgear and Accessories ( First Revision )",,,,,,,,,,,https://standards.bis.gov.in/website/know-your-standards,https://standardsbis.bsbedge.com/,dimensions;low;voltage;switchgear;controlgear;standardized;mounting;rails;mechanical;support;accessories;first,Know Your Standard - Bureau of Indian Standards,https://standards.bis.gov.in/website/know-your-standards,2026-09-07
IS/IEC 60947 : PART 1 : 2020 ( IEC 60947-1:2020),LOW-VOLTAGE SWITCHGEAR AND CONTROLGEAR PART 1 GENERAL RULES,,,,,,,,,,,https://standards.bis.gov.in/website/know-your-standards,https://standardsbis.bsbedge.com/,low;voltage;switchgear;controlgear;rules,Know Your Standard - Bureau of Indian Standards,https://standards.bis.gov.in/website/know-your-standards,2026-09-07
IS/IEC 60947 : Part 2 : 2016 ( IEC 60947 : Part 2 : 2016),Low-Voltage Switchgear and Controlgear - Part 2 : Circuit Breakers (First Revision),,,,,,,,,,,https://standards.bis.gov.in/website/know-your-standards,https://standardsbis.bsbedge.com/,low;voltage;switchgear;controlgear;circuit;breakers;first;revision,Know Your Standard - Bureau of Indian Standards,https://standards.bis.gov.in/website/know-your-standards,2026-09-07
IS/IEC 60947 : PART 3 : 2020 ( IEC 60947-3 : 2020),Low-Voltage Switchgear And Controlgear - Part 3 Switches Disconnectors Switch-Disconnectors And Fuse-Combination Units,,,,,,,,,,,https://standards.bis.gov.in/website/know-your-standards,https://standardsbis.bsbedge.com/,low;voltage;switchgear;controlgear;switches;disconnectors;switch;fuse;combination;units,Know Your Standard - Bureau of Indian Standards,https://standards.bis.gov.in/website/know-your-standards,2026-09-07
IS/IEC 60947 : Part 4 : Sec 2 : 2020 ( IEC 60947-4-2: 2020),Low-Voltage switchgear and Controlgear: Part 4-2 Contactors and Motorstarters semiconductor motor controllers starters and Soft starters,,,,,,,,,,,https://standards.bis.gov.in/website/know-your-standards,https://standardsbis.bsbedge.com/,low;voltage;switchgear;controlgear;contactors;motorstarters;semiconductor;motor;controllers;starters;soft,Know Your Standard - Bureau of Indian Standards,https://standards.bis.gov.in/website/know-your-standards,2026-09-07
IS/IEC 60947 : PART 4 : Sec 3 : 2020 ( IEC 60947-4-3: 2020),Low-Voltage Switchgear And Controlgear: Part 4-3 Contactors And Motor-Starters Semiconductor Controllers And Semiconductor Contactors For Non-Motor Loads,,,,,,,,,,,https://standards.bis.gov.in/website/know-your-standards,https://standardsbis.bsbedge.com/,low;voltage;switchgear;controlgear;contactors;motor;starters;semiconductor;controllers;non;loads,Know Your Standard - Bureau of Indian Standards,https://standards.bis.gov.in/website/know-your-standards,2026-09-07
IS/IEC 60947 : Part 5 : Sec 2 : 2019 ( IEC 60947-5-2: 2019),Low-Voltage Switchgear And Controlgear -Part 5 Control Circuit Devices And Switching Elements -Section 2 Proximity Switches,,,,,,,,,,,https://standards.bis.gov.in/website/know-your-standards,https://standardsbis.bsbedge.com/,low;voltage;switchgear;controlgear;control;circuit;devices;switching;elements;section;proximity;switches,Know Your Standard - Bureau of Indian Standards,https://standards.bis.gov.in/website/know-your-standards,2026-09-07
IS/IEC 60947 : Part 5 : Sec 5 : 2016 ( IEC 60947 : Part 5 : Sec 5 : 2016),Low-Voltage Switchgear and Controlgear Part 5 Control Circuit Devices and Switching Elements Section 5 Electrical emergency stop devices with mechanical latching function,,,,,,,,,,,https://standards.bis.gov.in/website/know-your-standards,https://standardsbis.bsbedge.com/,low;voltage;switchgear;controlgear;control;circuit;devices;switching;elements;section;electrical;emergency,Know Your Standard - Bureau of Indian Standards,https://standards.bis.gov.in/website/know-your-standards,2026-09-07
IS/IEC 60947 : Part 5 : Sec 1 - (Active) : 2016 ( IEC 60947-5-1: 2016),Low-Voltage Switchgear and Controlgear - Part 5 Control Circuit Devices and Switching Elements - Section 1 Electromechanical Control Circuit Devices - (Vaild upto 12 September 2026),,,,,,,,,,,https://standards.bis.gov.in/website/know-your-standards,https://standardsbis.bsbedge.com/,low;voltage;switchgear;controlgear;control;circuit;devices;switching;elements;section;electromechanical;vaild,Know Your Standard - Bureau of Indian Standards,https://standards.bis.gov.in/website/know-your-standards,2026-09-07
IS/IEC 60947 : Part 6 : Sec 1 : 2021 ( IS/IEC 60947-6-1:2021),Low-Voltage Switchgear And Controlgear Part 6 Multiple Function Equipment Section 1 Transfer Switching Equipment,,,,,,,,,,,https://standards.bis.gov.in/website/know-your-standards,https://standardsbis.bsbedge.com/,low;voltage;switchgear;controlgear;multiple;function;equipment;section;transfer;switching,Know Your Standard - Bureau of Indian Standards,https://standards.bis.gov.in/website/know-your-standards,2026-09-07
IS/IEC 60947 : Part 6 : Sec 2 : 2020 ( IEC 60947-6-2: 2020),Low-Voltage Switchgear And Controlgear Part 6-2: Multiple Function Equipment Control And Protective Switching Devices Or Equipment (Cps),,,,,,,,,,,https://standards.bis.gov.in/website/know-your-standards,https://standardsbis.bsbedge.com/,low;voltage;switchgear;controlgear;multiple;function;equipment;control;protective;switching;devices;cps,Know Your Standard - Bureau of Indian Standards,https://standards.bis.gov.in/website/know-your-standards,2026-09-07
IS/IEC 60947 : Part 4 : Sec 1 : 2023 ( IEC 60947-4-1 : 2023),Low-Voltage Switchgear and Controlgear - Part 4 Contactors and Motor- Starters - Section 1 Electromechanical Contactors and Motor-Starters,,,,,,,,,,,https://standards.bis.gov.in/website/know-your-standards,https://standardsbis.bsbedge.com/,low;voltage;switchgear;controlgear;contactors;motor;starters;section;electromechanical,Know Your Standard - Bureau of Indian Standards,https://standards.bis.gov.in/website/know-your-standards,2026-09-07
IS/IEC 60947 : Part 5 : Sec 1 : 2024 ( IEC 60947-5-1 : 2024),Low-Voltage Switchgear and Controlgear - Part 5 Control Circuit Devices and Switching Elements - Section 1 Electromechanical Control Circuit Devices,,,,,,,,,,,https://standards.bis.gov.in/website/know-your-standards,https://standardsbis.bsbedge.com/,low;voltage;switchgear;controlgear;control;circuit;devices;switching;elements;section;electromechanical,Know Your Standard - Bureau of Indian Standards,https://standards.bis.gov.in/website/know-your-standards,2026-09-07
IS/IEC 60947 : Part 7 : Sec 1 : 2009 ( IEC 60947-7-1 : 2009),Low-Voltage Switchgear and Controlgear - Part 7 Ancillary Equipment - Section 1 Terminal Blocks for Copper Conductors,,,,,,,,,,,https://standards.bis.gov.in/website/know-your-standards,https://standardsbis.bsbedge.com/,low;voltage;switchgear;controlgear;ancillary;equipment;section;terminal;blocks;copper;conductors,Know Your Standard - Bureau of Indian Standards,https://standards.bis.gov.in/website/know-your-standards,2026-09-07
IS 10601 : 1983,Dimensions of terminals of high voltage switchgear and controlgear,,,,,,,,,,,https://standards.bis.gov.in/website/know-your-standards,https://standardsbis.bsbedge.com/,dimensions;terminals;high;voltage;switchgear;controlgear,Know Your Standard - Bureau of Indian Standards,https://standards.bis.gov.in/website/know-your-standards,2026-09-07
IS 12729 : 2004,Common High-Voltage Switchgear and Controlgear Standards,,,,,,,,,,,https://standards.bis.gov.in/website/know-your-standards,https://standardsbis.bsbedge.com/,common;high;voltage;switchgear;controlgear;standards,Know Your Standard - Bureau of Indian Standards,https://standards.bis.gov.in/website/know-your-standards,2026-09-07
IS/IEC 60470 : 2000,High-Voltage Switchgear Alternating Current Contactors and Contactor-Based Motor Starters,,,,,,,,,,,https://standards.bis.gov.in/website/know-your-standards,https://standardsbis.bsbedge.com/,high;voltage;switchgear;alternating;current;contactors;contactor;based;motor;starters,Know Your Standard - Bureau of Indian Standards,https://standards.bis.gov.in/website/know-your-standards,2026-09-07
IS/IEC 62271 : PART 1 : 2017 ( IEC 62271-1:2017+AMD1:2021 CSV),High-Voltage Switchgear and Controlgear - Part 1 Common Specifications for Alternating Current Switchgear and Controlgear,,,,,,,,,,,https://standards.bis.gov.in/website/know-your-standards,https://standardsbis.bsbedge.com/,high;voltage;switchgear;controlgear;common;alternating;current,Know Your Standard - Bureau of Indian Standards,https://standards.bis.gov.in/website/know-your-standards,2026-09-07
IS/IEC 62271 : PART 100 : 2021 ( IEC 62271-100:2021),High-Voltage Switchgear And Controlgear Part 100 Alternating-Current Circuit-Breakers,,,,,,,,,,,https://standards.bis.gov.in/website/know-your-standards,https://standardsbis.bsbedge.com/,high;voltage;switchgear;controlgear;alternating;current;circuit;breakers,Know Your Standard - Bureau of Indian Standards,https://standards.bis.gov.in/website/know-your-standards,2026-09-07
IS/IEC 62271 : Part 101 : 2021 ( IEC 62271-101:2021),High-Voltage Switchgear And Controlgear Part 101: Synthetic Testing,,,,,,,,,,,https://standards.bis.gov.in/website/know-your-standards,https://standardsbis.bsbedge.com/,high;voltage;switchgear;controlgear;synthetic;testing,Know Your Standard - Bureau of Indian Standards,https://standards.bis.gov.in/website/know-your-standards,2026-09-07
IS/IEC 62271 : Part 102 : 2018 ( IEC 62271-102 : 2018),High-Voltage Switchgear and Controlgear Part 102 Alternating Current Disconnectors And Earthing Switches,,,,,,,,,,,https://standards.bis.gov.in/website/know-your-standards,https://standardsbis.bsbedge.com/,high;voltage;switchgear;controlgear;alternating;current;disconnectors;earthing;switches,Know Your Standard - Bureau of Indian Standards,https://standards.bis.gov.in/website/know-your-standards,2026-09-07
IS/IEC 62271 : Part 103 : 2021 ( IEC 62271-103: 2021),High-voltage switchgear and controlgear - Part 103 Alternating current switches for rated voltages above 1 kV up to and including 52 kV,,,,,,,,,,,https://standards.bis.gov.in/website/know-your-standards,https://standardsbis.bsbedge.com/,high;voltage;switchgear;controlgear;alternating;current;switches;rated;voltages;above;including,Know Your Standard - Bureau of Indian Standards,https://standards.bis.gov.in/website/know-your-standards,2026-09-07
IS/IEC 62271 : Part 104 : 2020 ( IEC 62271-104 : 2020),High-Voltage Switchgear and Controlgear - Part 104 Alternating Current Switches for Rated Voltages Higher than 52 Kv,,,,,,,,,,,https://standards.bis.gov.in/website/know-your-standards,https://standardsbis.bsbedge.com/,high;voltage;switchgear;controlgear;alternating;current;switches;rated;voltages;higher;than,Know Your Standard - Bureau of Indian Standards,https://standards.bis.gov.in/website/know-your-standards,2026-09-07
IS/IEC 62271 : Part 105 : 2021 ( IEC 62271-105: 2021),High-Voltage Switchgear And Controlgear : Part 105 Alternating Current Switch-Fuse Combinations For Rated Voltages Above 1 Kv Up To And Including 52 Kv,,,,,,,,,,,https://standards.bis.gov.in/website/know-your-standards,https://standardsbis.bsbedge.com/,high;voltage;switchgear;controlgear;alternating;current;switch;fuse;combinations;rated;voltages;above,Know Your Standard - Bureau of Indian Standards,https://standards.bis.gov.in/website/know-your-standards,2026-09-07
IS/IEC 62271 : PART 109 : 2019 ( IEC 62271-109: 2019),High-Voltage switchgear and Controlgear - Part 109 Alternating-current series capacitor by-pass switches,,,,,,,,,,,https://standards.bis.gov.in/website/know-your-standards,https://standardsbis.bsbedge.com/,high;voltage;switchgear;controlgear;alternating;current;series;capacitor;pass;switches,Know Your Standard - Bureau of Indian Standards,https://standards.bis.gov.in/website/know-your-standards,2026-09-07
IS/IEC 62271 : Part 110 : 2023 ( IEC 62271-110 : 2023),High-Voltage Switchgear and Controlgear - Part 110 Inductive Load Switching,,,,,,,,,,,https://standards.bis.gov.in/website/know-your-standards,https://standardsbis.bsbedge.com/,high;voltage;switchgear;controlgear;inductive;load;switching,Know Your Standard - Bureau of Indian Standards,https://standards.bis.gov.in/website/know-your-standards,2026-09-07
IS/IEC 62271 : Part 111 : 2019 ( IEC 62271-111:2019),High Voltage Switchgear And Controlgear: Part 111 Automatic Circuit Reclosers For Alternating Current Systems Up To And Including 38 Kv,,,,,,,,,,,https://standards.bis.gov.in/website/know-your-standards,https://standardsbis.bsbedge.com/,high;voltage;switchgear;controlgear;automatic;circuit;reclosers;alternating;current;systems;including,Know Your Standard - Bureau of Indian Standards,https://standards.bis.gov.in/website/know-your-standards,2026-09-07
IS/IEC 62271 : Part 200 : 2021 ( IEC 62271-200:2021),High-Voltage Switchgear And Controlgear Part 200 Ac Metal-Enclosed Switchgear And Controlgear For Rated Voltages Above 1 Kv And Up To And Including 52 Kv,,,,,,,,,,,https://standards.bis.gov.in/website/know-your-standards,https://standardsbis.bsbedge.com/,high;voltage;switchgear;controlgear;metal;enclosed;rated;voltages;above;including,Know Your Standard - Bureau of Indian Standards,https://standards.bis.gov.in/website/know-your-standards,2026-09-07
IS/IEC 62271 : PART 201 : 2006 ( IEC 62271 : Part 201 : 2014),High-voltage switchgear and controlgear : Part 201 AC insulation-enclosed switchgear and controlgear for rated voltages above 1 kV and up to and including 52 kV,,,,,,,,,,,https://standards.bis.gov.in/website/know-your-standards,https://standardsbis.bsbedge.com/,high;voltage;switchgear;controlgear;insulation;enclosed;rated;voltages;above;including,Know Your Standard - Bureau of Indian Standards,https://standards.bis.gov.in/website/know-your-standards,2026-09-07
IS/IEC 62271 : Part 202 : 2022 ( IEC 62271-202 : 2022),High-Voltage Switchgear and Controlgear - Part 202 a.c. Prefabricated Substations for Rated Voltages Above 1 kV and up to and Including 52 kV,,,,,,,,,,,https://standards.bis.gov.in/website/know-your-standards,https://standardsbis.bsbedge.com/,high;voltage;switchgear;controlgear;prefabricated;substations;rated;voltages;above;including,Know Your Standard - Bureau of Indian Standards,https://standards.bis.gov.in/website/know-your-standards,2026-09-07
IS/IEC 62271 : Part 203 : 2022 ( IEC 62271-203:2022),High-Voltage Switchgear And Controlgear Part 203: Ac Gas-Insulated Metal-Enclosed Switchgear For Rated Voltages Above 52 Kv,,,,,,,,,,,https://standards.bis.gov.in/website/know-your-standards,https://standardsbis.bsbedge.com/,high;voltage;switchgear;controlgear;gas;insulated;metal;enclosed;rated;voltages;above,Know Your Standard - Bureau of Indian Standards,https://standards.bis.gov.in/website/know-your-standards,2026-09-07
IS/IEC 62271 : Part 207 : 2023 ( IEC 62271-207 : 2023),"High-Voltage Switchgear and Controlgear - Part 207 Seismic Qualification for Gas-Insulated Switchgear Assemblies, Metal Enclosed and Solid-Insulation Enclosed Switchgear for Rated Voltages Above 1 kV",,,,,,,,,,,https://standards.bis.gov.in/website/know-your-standards,https://standardsbis.bsbedge.com/,high;voltage;switchgear;controlgear;seismic;qualification;gas;insulated;assemblies;metal;enclosed;solid,Know Your Standard - Bureau of Indian Standards,https://standards.bis.gov.in/website/know-your-standards,2026-09-07
IS/IEC 62271 : Part 300 : 2006 ( IEC 62271 : Part 300 : 2006),High-Voltage Switchgear and Controlgear Part 300 Seismic Qualification of Alternating Current Circuit-Breakers,,,,,,,,,,,https://standards.bis.gov.in/website/know-your-standards,https://standardsbis.bsbedge.com/,high;voltage;switchgear;controlgear;seismic;qualification;alternating;current;circuit;breakers,Know Your Standard - Bureau of Indian Standards,https://standards.bis.gov.in/website/know-your-standards,2026-09-07
IS/IEC 62271 : Part 301 : 2009 ( IEC 62271 : Part 301 : 2009),High Voltage Switchgear & Controlgear Part 301 Dimensional Standardization of High Voltage Terminals,,,,,,,,,,,https://standards.bis.gov.in/website/know-your-standards,https://standardsbis.bsbedge.com/,high;voltage;switchgear;controlgear;dimensional;standardization;terminals,Know Your Standard - Bureau of Indian Standards,https://standards.bis.gov.in/website/know-your-standards,2026-09-07
IS 1255 : 1983,Code of Practice for Installation And Maintenance of Power Cables Upto and Including 33 Kv Rating,,,,,,,,,,,https://standards.bis.gov.in/website/know-your-standards,https://standardsbis.bsbedge.com/,installation;maintenance;power;cables;upto;including;rating,Know Your Standard - Bureau of Indian Standards,https://standards.bis.gov.in/website/know-your-standards,2026-09-07
IS 10242 : Part 3 : Sec 19 : 1990,"Electrical installations in ships: Part 3 Equipment, Section 19 Sheathing materials for telecommunication and power shipboard cables",,,,,,,,,,,https://standards.bis.gov.in/website/know-your-standards,https://standardsbis.bsbedge.com/,electrical;installations;ships;equipment;section;sheathing;materials;telecommunication;power;shipboard;cables,Know Your Standard - Bureau of Indian Standards,https://standards.bis.gov.in/website/know-your-standards,2026-09-07
IS 10242 : Part 3 : Sec 10 : 2023 ( IEC 60092-350 : 2020),"Electrical Installation in Ships-Specification - Part 3 Equipment - Section 10 General Construction and Test Methods of Power, Control and Instrumentation Cables for Shipboard and Offshore Applications",,,,,,,,,,,https://standards.bis.gov.in/website/know-your-standards,https://standardsbis.bsbedge.com/,electrical;installation;ships;equipment;section;construction;power;control;instrumentation;cables;shipboard;offshore,Know Your Standard - Bureau of Indian Standards,https://standards.bis.gov.in/website/know-your-standards,2026-09-07
IS 10242 : Part 3 : Sec 13 : 2023 ( IEC 60092-353 : 2016),Electrical Installation in Ships-Specification - Part 3 Equipment - Section 13 Power Cables for Rated Voltages 1 kV and 3 Kv,,,,,,,,,,,https://standards.bis.gov.in/website/know-your-standards,https://standardsbis.bsbedge.com/,electrical;installation;ships;equipment;section;power;cables;rated;voltages,Know Your Standard - Bureau of Indian Standards,https://standards.bis.gov.in/website/know-your-standards,2026-09-07
IS 12909 : 1990,Power Cables - Dimensions for Moulds for Cast Resin Based Outdoor Terminations for Voltages Above 1100 Volts and up to and Including 11000 Volts,,,,,,,,,,,https://standards.bis.gov.in/website/know-your-standards,https://standardsbis.bsbedge.com/,power;cables;dimensions;moulds;cast;resin;based;outdoor;terminations;voltages;above;volts,Know Your Standard - Bureau of Indian Standards,https://standards.bis.gov.in/website/know-your-standards,2026-09-07
IS 13573 : Part 1 : 2011,Cable Accessories for Extruded Power Cables - Part 1 for Working Voltages for 1.1 kV upto and Including 3.3kV(E) - Test Methods and Test Requirements,,,,,,,,,,,https://standards.bis.gov.in/website/know-your-standards,https://standardsbis.bsbedge.com/,cable;accessories;extruded;power;cables;working;voltages;upto;including,Know Your Standard - Bureau of Indian Standards,https://standards.bis.gov.in/website/know-your-standards,2026-09-07
IS 13573 : Part 2 : 2011,Cable Accessories for Extruded Power Cables - Part 2 for Working Voltages for 3.3kV(UE) upto and Including 33kV(E) - Test Requirements,,,,,,,,,,,https://standards.bis.gov.in/website/know-your-standards,https://standardsbis.bsbedge.com/,cable;accessories;extruded;power;cables;working;voltages;upto;including,Know Your Standard - Bureau of Indian Standards,https://standards.bis.gov.in/website/know-your-standards,2026-09-07
IS 13573 : Part 3 : 2011,Cable Accessories for Extruded Power Cables - Part 3 for Working Voltages for 3.3kV(UE) upto and Including 33kV(E) - Test Methods,,,,,,,,,,,https://standards.bis.gov.in/website/know-your-standards,https://standardsbis.bsbedge.com/,cable;accessories;extruded;power;cables;working;voltages;upto;including,Know Your Standard - Bureau of Indian Standards,https://standards.bis.gov.in/website/know-your-standards,2026-09-07
IS 18833 : 2024 ( IEC 62895 : 2017),High Voltage Direct Current (HVDC) Power Transmission - Cables with Extruded Insulation and Their Accessories for Rated Voltages up to 320 kV for Land Applications - Test Methods and Requirements,,,,,,,,,,,https://standards.bis.gov.in/website/know-your-standards,https://standardsbis.bsbedge.com/,high;voltage;direct;current;hvdc;power;transmission;cables;extruded;insulation;their;accessories,Know Your Standard - Bureau of Indian Standards,https://standards.bis.gov.in/website/know-your-standards,2026-09-07
IS/IEC 60794 : Part 4 : Sec 20 : 2018 ( IEC 60794-4-20: 2018),Optical Fibre Cables Part 4 Sectional specification Section 20 Aerial optical cables along electrical power lines Family specification for ADSS all dielectric self-supported optical cables,,,,,,,,,,,https://standards.bis.gov.in/website/know-your-standards,https://standardsbis.bsbedge.com/,optical;fibre;cables;sectional;section;aerial;along;electrical;power;lines;family;adss,Know Your Standard - Bureau of Indian Standards,https://standards.bis.gov.in/website/know-your-standards,2026-09-07
IS/IEC 62680 : Part 2 : Sec 2 : 2015 ( IEC 62680-2-2 : 2015),Universal Serial Bus Interfaces for Data and Power - Part 2-2 Micro-USB Cables and Connectors Specification,,,,,,,,,,,https://standards.bis.gov.in/website/know-your-standards,https://standardsbis.bsbedge.com/,universal;serial;bus;interfaces;data;power;micro;usb;cables;connectors,Know Your Standard - Bureau of Indian Standards,https://standards.bis.gov.in/website/know-your-standards,2026-09-07
IS/IEC 62680 : Part 2 : Sec 3 : 2015 ( IEC 62680-2-3 : 2015),Universal Serial Bus Interfaces for Data and Power - Part 2-3 Universal Serial Bus Cables and Connectors Class Document,,,,,,,,,,,https://standards.bis.gov.in/website/know-your-standards,https://standardsbis.bsbedge.com/,universal;serial;bus;interfaces;data;power;cables;connectors;class;document,Know Your Standard - Bureau of Indian Standards,https://standards.bis.gov.in/website/know-your-standards,2026-09-07
IS 1025 : 1957,Glossary of terms for primary cells and batteries,,,,,,,,,,,https://standards.bis.gov.in/website/know-your-standards,https://standardsbis.bsbedge.com/,glossary;terms;primary;cells;batteries,Know Your Standard - Bureau of Indian Standards,https://standards.bis.gov.in/website/know-your-standards,2026-09-07
IS 1885 : Part 15 : 2008 ( IEC 60050-482 : 2004),Electrotechnical Vocabulary - Part 15 : Primary Cells and Batteries [Amalgamating IS 1885(Part 8) : 1996],,,,,,,,,,,https://standards.bis.gov.in/website/know-your-standards,https://standardsbis.bsbedge.com/,electrotechnical;vocabulary;primary;cells;batteries;amalgamating,Know Your Standard - Bureau of Indian Standards,https://standards.bis.gov.in/website/know-your-standards,2026-09-07
IS 18237 : 2023 ( IEC 62281 : 2019 + AMD 1 : 2021),Safety of Primary and Secondary Lithium Cells and Batteries during Transport,,,,,,,,,,,https://standards.bis.gov.in/website/know-your-standards,https://standardsbis.bsbedge.com/,safety;primary;secondary;lithium;cells;batteries;during;transport,Know Your Standard - Bureau of Indian Standards,https://standards.bis.gov.in/website/know-your-standards,2026-09-07
IS 1147 : 1957,Glossary of terms for secondary cells and batteries,,,,,,,,,,,https://standards.bis.gov.in/website/know-your-standards,https://standardsbis.bsbedge.com/,glossary;terms;secondary;cells;batteries,Know Your Standard - Bureau of Indian Standards,https://standards.bis.gov.in/website/know-your-standards,2026-09-07
IS 1885 : Part 8 : 1986,Electrotechnical Vocabulary - Part 8 : Secondary Cells and Batteries,,,,,,,,,,,https://standards.bis.gov.in/website/know-your-standards,https://standardsbis.bsbedge.com/,electrotechnical;vocabulary;secondary;cells;batteries,Know Your Standard - Bureau of Indian Standards,https://standards.bis.gov.in/website/know-your-standards,2026-09-07
IS 15767 : 2008 ( IEC 62259 : 2003),Secondary cells and batteries coating alkaline or other non-acid electrolytes - Nickel-cadmium prismatic secondary single cells with partial gas recombination,,,,,,,,,,,https://standards.bis.gov.in/website/know-your-standards,https://standardsbis.bsbedge.com/,secondary;cells;batteries;coating;alkaline;other;non;acid;electrolytes;nickel;cadmium;prismatic,Know Your Standard - Bureau of Indian Standards,https://standards.bis.gov.in/website/know-your-standards,2026-09-07
IS 16046 : 2015,"Secondary Cells and Batteries Containing Alkaline or Other Non-acid Electrolytes - Safety Requirements for Portable Sealed Secondary Cells, and for Batteries Made from them, for Use in Portable Applications ( First Revision )",,,,,,,,,,,https://standards.bis.gov.in/website/know-your-standards,https://standardsbis.bsbedge.com/,secondary;cells;batteries;containing;alkaline;other;non;acid;electrolytes;safety;portable;sealed,Know Your Standard - Bureau of Indian Standards,https://standards.bis.gov.in/website/know-your-standards,2026-09-07
IS 16046 : Part 1 : 2018 ( IEC 62133-1 : 2017),Secondary Cells and Batteries Containing Alkaline or Other Non-Acid Electrolytes — Safety Requirements for Portable Sealed Secondary Cells and for Batteries Made from Them for Use in Portable Applications Part 1 Nickel Systems ( Second Revision ),,,,,,,,,,,https://standards.bis.gov.in/website/know-your-standards,https://standardsbis.bsbedge.com/,secondary;cells;batteries;containing;alkaline;other;non;acid;electrolytes;safety;portable;sealed,Know Your Standard - Bureau of Indian Standards,https://standards.bis.gov.in/website/know-your-standards,2026-09-07
IS 16046 : Part 2 : 2018 ( IEC 62133-2 : 2017),Secondary Cells and Batteries Containing Alkaline or Other Non-Acid Electrolytes — Safety Requirements for Portable Sealed Secondary Cells and for Batteries Made from Them for Use in Portable Applications Part 2 Lithium Systems ( Second Revision ),,,,,,,,,,,https://standards.bis.gov.in/website/know-your-standards,https://standardsbis.bsbedge.com/,secondary;cells;batteries;containing;alkaline;other;non;acid;electrolytes;safety;portable;sealed,Know Your Standard - Bureau of Indian Standards,https://standards.bis.gov.in/website/know-your-standards,2026-09-07
IS 16047 : 2012,Secondary Cells and Batteries containing Alkaline or other non-acid Electrolytes - Secondary Lithium Cells and Batteries for Portable Applications,,,,,,,,,,,https://standards.bis.gov.in/website/know-your-standards,https://standardsbis.bsbedge.com/,secondary;cells;batteries;containing;alkaline;other;non;acid;electrolytes;lithium;portable;applications,Know Your Standard - Bureau of Indian Standards,https://standards.bis.gov.in/website/know-your-standards,2026-09-07
IS 16047 : Part 3 : 2018 ( IEC 61960-3 : 2017),"Secondary Cells and Batteries Containing Alkaline or Other Non-Acid Electrolytes — Secondary Lithium Cells and Batteries for Portable Applications Part 3 Prismatic and Cylindrical Lithium Secondary Cells, and Batteries Made From Them ( First Revision )",,,,,,,,,,,https://standards.bis.gov.in/website/know-your-standards,https://standardsbis.bsbedge.com/,secondary;cells;batteries;containing;alkaline;other;non;acid;electrolytes;lithium;portable;applications,Know Your Standard - Bureau of Indian Standards,https://standards.bis.gov.in/website/know-your-standards,2026-09-07
IS 16048 : Part 1 : 2021 ( IEC 61951-1  : 2017),SECONDARY CELLS AND BATTERIES CONTAINING ALKALINE OR OTHER NON-ACID ELECTROLYTES SECONDARY SEALED CELLS AND BATTERIES FOR PORTABLE APPLICATIONS PART 1: NICKEL-CADMIUM,,,,,,,,,,,https://standards.bis.gov.in/website/know-your-standards,https://standardsbis.bsbedge.com/,secondary;cells;batteries;containing;alkaline;other;non;acid;electrolytes;sealed;portable;applications,Know Your Standard - Bureau of Indian Standards,https://standards.bis.gov.in/website/know-your-standards,2026-09-07
IS 16048 : Part 2 : 2021 ( IEC 61951-2 : 2017),SECONDARY CELLS AND BATTERIES CONTAINING ALKALINE OR OTHER NON-ACID ELECTROLYTES SECONDARY SEALED CELLS AND BATTERIES FOR PORTABLE APPLICATIONS PART 2: NICKEL-METAL HYDRIDE,,,,,,,,,,,https://standards.bis.gov.in/website/know-your-standards,https://standardsbis.bsbedge.com/,secondary;cells;batteries;containing;alkaline;other;non;acid;electrolytes;sealed;portable;applications,Know Your Standard - Bureau of Indian Standards,https://standards.bis.gov.in/website/know-your-standards,2026-09-07
IS 16049 : 2013 ( IEC 60622 : 2002),Secondary Cells and Batteries Containing Alkaline or Other Non-Acid Electrolytes-Portable Sealed Nickel-Cadmium Prismatic Rechargeable Single Cells,,,,,,,,,,,https://standards.bis.gov.in/website/know-your-standards,https://standardsbis.bsbedge.com/,secondary;cells;batteries;containing;alkaline;other;non;acid;electrolytes;portable;sealed;nickel,Know Your Standard - Bureau of Indian Standards,https://standards.bis.gov.in/website/know-your-standards,2026-09-07
IS 16270 : 2023,Secondary Cells and Batteries for Solar Photovoltaic Application - General Requirements and Methods of Test,,,,,,,,,,,https://standards.bis.gov.in/website/know-your-standards,https://standardsbis.bsbedge.com/,secondary;cells;batteries;solar;photovoltaic;application,Know Your Standard - Bureau of Indian Standards,https://standards.bis.gov.in/website/know-your-standards,2026-09-07
"IS 16270  (Active,Concurrent Running) : 2014",Secondary Cells and Batteries for Solar Photovoltaic Application — General Requirements and Methods of Test,,,,,,,,,,,https://standards.bis.gov.in/website/know-your-standards,https://standardsbis.bsbedge.com/,secondary;cells;batteries;solar;photovoltaic;application,Know Your Standard - Bureau of Indian Standards,https://standards.bis.gov.in/website/know-your-standards,2026-09-07
IS 16805 - (Active) : 2018 ( IEC 62619 : 2017),"Secondary Cells and Batteries Containing Alkaline or Other Non-Acid Electrolytes — Safety Requirements for Secondary Lithium Cells and Batteries, for Use in Industrial Applications - (Vaild upto 26 November 2026)",,,,,,,,,,,https://standards.bis.gov.in/website/know-your-standards,https://standardsbis.bsbedge.com/,secondary;cells;batteries;containing;alkaline;other;non;acid;electrolytes;safety;lithium;use,Know Your Standard - Bureau of Indian Standards,https://standards.bis.gov.in/website/know-your-standards,2026-09-07
IS 16805 : 2026 ( IEC 62619 : 2022),"Secondary Cells and Batteries Containing Alkaline or Other Non-Acid Electrolytes - Safety Requirements for Secondary Lithium Cells and Batteries, for Use in Industrial Applications",,,,,,,,,,,https://standards.bis.gov.in/website/know-your-standards,https://standardsbis.bsbedge.com/,secondary;cells;batteries;containing;alkaline;other;non;acid;electrolytes;safety;lithium;use,Know Your Standard - Bureau of Indian Standards,https://standards.bis.gov.in/website/know-your-standards,2026-09-07
IS 16822 : 2019 ( IEC 62620 : 2014),Secondary Cells and Batteries Containing Alkaline or Other Non-Acid Electrolytes — Secondary Lithium Cells and Batteries for Use in Industrial Applications,,,,,,,,,,,https://standards.bis.gov.in/website/know-your-standards,https://standardsbis.bsbedge.com/,secondary;cells;batteries;containing;alkaline;other;non;acid;electrolytes;lithium;use;industrial,Know Your Standard - Bureau of Indian Standards,https://standards.bis.gov.in/website/know-your-standards,2026-09-07
IS 16823 : 2019 ( IEC 61959 : 2004),Secondary Cells and Batteries Containing Alkaline or Other Non-Acid Electrolytes — Mechanical Tests for Sealed Portable Secondary Cells and Batteries,,,,,,,,,,,https://standards.bis.gov.in/website/know-your-standards,https://standardsbis.bsbedge.com/,secondary;cells;batteries;containing;alkaline;other;non;acid;electrolytes;mechanical;sealed;portable,Know Your Standard - Bureau of Indian Standards,https://standards.bis.gov.in/website/know-your-standards,2026-09-07
IS 16825 : 2018 ( IEC/TR 62060 : 2001),Secondary Cells and Batteries - Monitoring of Lead Acid Stationary Batteries - User Guide,,,,,,,,,,,https://standards.bis.gov.in/website/know-your-standards,https://standardsbis.bsbedge.com/,secondary;cells;batteries;monitoring;lead;acid;stationary;user;guide,Know Your Standard - Bureau of Indian Standards,https://standards.bis.gov.in/website/know-your-standards,2026-09-07
IS 2092 : 2025 ( ISO 463 : 2006),Geometrical Product Specifications (GPS) - Dimensional Measuring Equipment - Design and Metrological Characteristics of Mechanical Dial Gauges,,,,,,,,,,,https://standards.bis.gov.in/website/know-your-standards,https://standardsbis.bsbedge.com/,geometrical;product;gps;dimensional;measuring;equipment;design;metrological;characteristics;mechanical;dial;gauges,Know Your Standard - Bureau of Indian Standards,https://standards.bis.gov.in/website/know-your-standards,2026-09-07
IS 2921 : 2016 ( ISO 13225 : 2012),Geometrical Product Specifications (GPS) - Dimensional Measuring Equipment; Height Gauges - Design and Metrological Characteristics ( Second Revision ),,,,,,,,,,,https://standards.bis.gov.in/website/know-your-standards,https://standardsbis.bsbedge.com/,geometrical;product;gps;dimensional;measuring;equipment;height;gauges;design;metrological;characteristics;second,Know Your Standard - Bureau of Indian Standards,https://standards.bis.gov.in/website/know-your-standards,2026-09-07
IS/ISO 6016 : 2008 ( ISO 6016:2008),Earth-moving machinery Methods of measuring the masses of whole machines their equipment and components Adoption of ISO 6016:2008,,,,,,,,,,,https://standards.bis.gov.in/website/know-your-standards,https://standardsbis.bsbedge.com/,earth;moving;machinery;measuring;masses;whole;machines;their;equipment;components;adoption;iso,Know Your Standard - Bureau of Indian Standards,https://standards.bis.gov.in/website/know-your-standards,2026-09-07
IS 6133 : Part 1 : 1971,Piezo-electric Filters for Use in Telecommunication and Measuring Equipment - Part I : General Requirements and Tests,,,,,,,,,,,https://standards.bis.gov.in/website/know-your-standards,https://standardsbis.bsbedge.com/,piezo;electric;filters;use;telecommunication;measuring;equipment,Know Your Standard - Bureau of Indian Standards,https://standards.bis.gov.in/website/know-your-standards,2026-09-07
IS 6756 : 2001 ( IEC 1187 : 1993),Electrical and Electronic Measuring Equipment - Documentation,,,,,,,,,,,https://standards.bis.gov.in/website/know-your-standards,https://standardsbis.bsbedge.com/,electrical;electronic;measuring;equipment;documentation,Know Your Standard - Bureau of Indian Standards,https://standards.bis.gov.in/website/know-your-standards,2026-09-07
IS 9678 : 1980,Methods of measuring temperature rise of electrical equipment,,,,,,,,,,,https://standards.bis.gov.in/website/know-your-standards,https://standardsbis.bsbedge.com/,measuring;temperature;rise;electrical;equipment,Know Your Standard - Bureau of Indian Standards,https://standards.bis.gov.in/website/know-your-standards,2026-09-07
IS/ISO 10012 : 2003 ( ISO 10012 : 2003),Measurement Management Systems - Requirements for Measurement Processes and Measuring Equipment,,,,,,,,,,,https://standards.bis.gov.in/website/know-your-standards,https://standardsbis.bsbedge.com/,measurement;management;systems;processes;measuring;equipment,Know Your Standard - Bureau of Indian Standards,https://standards.bis.gov.in/website/know-your-standards,2026-09-07
IS/ISO 10012 : Part 1 : 1992,Quality Assurance for Measuring Equipment - Part 1 Metrological Confirmation System for Measuring Equipment,,,,,,,,,,,https://standards.bis.gov.in/website/know-your-standards,https://standardsbis.bsbedge.com/,quality;assurance;measuring;equipment;metrological;confirmation;system,Know Your Standard - Bureau of Indian Standards,https://standards.bis.gov.in/website/know-your-standards,2026-09-07
IS/ISO 10012 : Part 2 : 1997,Quality Assurance for Measuring Equipment - Part : 2 Guidelines for Control of Measurement Processes,,,,,,,,,,,https://standards.bis.gov.in/website/know-your-standards,https://standardsbis.bsbedge.com/,quality;assurance;measuring;equipment;guidelines;control;measurement;processes,Know Your Standard - Bureau of Indian Standards,https://standards.bis.gov.in/website/know-your-standards,2026-09-07
IS 10052 : Part 1 : Sec 3 : 2018 ( IEC/CISPR 16-1-3 : 2016),Radio disturbance and Immunity Measuring Apparatus and Methods - Specification Part 1 Radio Disturbance and Immunity Measuring Apparatus Section 3 Ancillary equipment - Disturbance power,,,,,,,,,,,https://standards.bis.gov.in/website/know-your-standards,https://standardsbis.bsbedge.com/,radio;disturbance;immunity;measuring;apparatus;section;ancillary;equipment;power,Know Your Standard - Bureau of Indian Standards,https://standards.bis.gov.in/website/know-your-standards,2026-09-07
"IS 11498 : 2023 ( ISO 9493 : 2010, MOD)","Geometrical Product Specifications (GPS) - Dimensional Measuring Equipment - Dial Test Indicators (Lever Type) - Design and Metrological Characteristics - (ISO 9493 : 2010, MOD)",,,,,,,,,,,https://standards.bis.gov.in/website/know-your-standards,https://standardsbis.bsbedge.com/,geometrical;product;gps;dimensional;measuring;equipment;dial;indicators;lever;type;design;metrological,Know Your Standard - Bureau of Indian Standards,https://standards.bis.gov.in/website/know-your-standards,2026-09-07
IS 12448 : Part 2 : Sec 1 : 1988,"Basic Testing Procedures And Measuring Methods For Electrotechnical Components For Electronic Equipment Part 2 General Examination, Electrical Continuity And Contact Resistance Tests, Insulation Tests And Voltage Stress Tests Sec 1 General Examination",,,,,,,,,,,https://standards.bis.gov.in/website/know-your-standards,https://standardsbis.bsbedge.com/,basic;testing;procedures;measuring;electrotechnical;components;electronic;equipment;examination;electrical;continuity;contact,Know Your Standard - Bureau of Indian Standards,https://standards.bis.gov.in/website/know-your-standards,2026-09-07
IS 14340 : 1996,Brass for current carrying parts in electrical wiring accessories,,,,,,,,,,,https://standards.bis.gov.in/website/know-your-standards,https://standardsbis.bsbedge.com/,brass;current;carrying;parts;electrical;wiring;accessories,Know Your Standard - Bureau of Indian Standards,https://standards.bis.gov.in/website/know-your-standards,2026-09-07
IS 1885 : Part 35 : 2021 ( IEC 60050: 411 : 1996),Electrotechnical Vocabulary: Part 35 Rotating Machinery ( Second Revision ),,,,,,,,,,,https://standards.bis.gov.in/website/know-your-standards,https://standardsbis.bsbedge.com/,electrotechnical;vocabulary;rotating;machinery;second;revision,Know Your Standard - Bureau of Indian Standards,https://standards.bis.gov.in/website/know-your-standards,2026-09-07
IS 4691 : 1985,Rotating electrical Machines Part 5 Degrees of protection provided by enclosure for rotating electrical machinery,,,,,,,,,,,https://standards.bis.gov.in/website/know-your-standards,https://standardsbis.bsbedge.com/,rotating;electrical;machines;degrees;protection;provided;enclosure;machinery,Know Your Standard - Bureau of Indian Standards,https://standards.bis.gov.in/website/know-your-standards,2026-09-07
IS 4728 : 1975,Terminal Markings and Direction of Rotation for Rotating Electrical Machinery,,,,,,,,,,,https://standards.bis.gov.in/website/know-your-standards,https://standardsbis.bsbedge.com/,terminal;markings;direction;rotation;rotating;electrical;machinery,Know Your Standard - Bureau of Indian Standards,https://standards.bis.gov.in/website/know-your-standards,2026-09-07
IS 6098 : 1971,Methods of measurement of airborne noise emitted by rotating electrical machinery,,,,,,,,,,,https://standards.bis.gov.in/website/know-your-standards,https://standardsbis.bsbedge.com/,measurement;airborne;noise;emitted;rotating;electrical;machinery,Know Your Standard - Bureau of Indian Standards,https://standards.bis.gov.in/website/know-your-standards,2026-09-07
IS 8946 : 1978,General requirements for rotating electrical machinery for aircraft,,,,,,,,,,,https://standards.bis.gov.in/website/know-your-standards,https://standardsbis.bsbedge.com/,rotating;electrical;machinery;aircraft,Know Your Standard - Bureau of Indian Standards,https://standards.bis.gov.in/website/know-your-standards,2026-09-07
IS 11725 : 1985,Measurement and Evaluation of the Vibration Severity of Certain Rotating Electrical Machinery with shaft Heght Between 80 and 400 mm,,,,,,,,,,,https://standards.bis.gov.in/website/know-your-standards,https://standardsbis.bsbedge.com/,measurement;evaluation;vibration;severity;certain;rotating;electrical;machinery;shaft;heght;between,Know Your Standard - Bureau of Indian Standards,https://standards.bis.gov.in/website/know-your-standards,2026-09-07
IS 11726 : 2017 ( ISO 2954 : 2012),Mechanical Vibration of Rotating and Reciprocating Machinery - Requirements for Instruments for Measuring Vibration Severity (First Revision),,,,,,,,,,,https://standards.bis.gov.in/website/know-your-standards,https://standardsbis.bsbedge.com/,mechanical;vibration;rotating;reciprocating;machinery;instruments;measuring;severity;first;revision,Know Your Standard - Bureau of Indian Standards,https://standards.bis.gov.in/website/know-your-standards,2026-09-07
IS 12998 : Part 1 : 1991 ( ISO 1680/1:1986),Method of measurement of airborne noise emitted by rotating electrical machinery: Part 1 Engineering method for free-field conditions over a reflecting plane,,,,,,,,,,,https://standards.bis.gov.in/website/know-your-standards,https://standardsbis.bsbedge.com/,measurement;airborne;noise;emitted;rotating;electrical;machinery;engineering;free;field;conditions;over,Know Your Standard - Bureau of Indian Standards,https://standards.bis.gov.in/website/know-your-standards,2026-09-07
IS 12998 : Part 2 : 1991 ( ISO 1680/2:1986),Methods of Measurement of Airborne Noise Emitted by Rotating Electrical Machinery - Part 2 : Survey Method,,,,,,,,,,,https://standards.bis.gov.in/website/know-your-standards,https://standardsbis.bsbedge.com/,measurement;airborne;noise;emitted;rotating;electrical;machinery;survey,Know Your Standard - Bureau of Indian Standards,https://standards.bis.gov.in/website/know-your-standards,2026-09-07
IS 18920 : Part 1 : 2024 ( ISO 14839-1 : 2018),Mechanical Vibration - Vibration of Rotating Machinery Equipped with Active Magnetic Bearings - Part 1 Vocabulary,,,,,,,,,,,https://standards.bis.gov.in/website/know-your-standards,https://standardsbis.bsbedge.com/,mechanical;vibration;rotating;machinery;equipped;active;magnetic;bearings;vocabulary,Know Your Standard - Bureau of Indian Standards,https://standards.bis.gov.in/website/know-your-standards,2026-09-07
IS 18920 : Part 2 : 2025 ( ISO 14839-2 : 2004),Mechanical Vibration - Vibration of Rotating Machinery Equipped with Active Magnetic Bearings Part 2 Evaluation of Vibration,,,,,,,,,,,https://standards.bis.gov.in/website/know-your-standards,https://standardsbis.bsbedge.com/,mechanical;vibration;rotating;machinery;equipped;active;magnetic;bearings;evaluation,Know Your Standard - Bureau of Indian Standards,https://standards.bis.gov.in/website/know-your-standards,2026-09-07
IS 18920 : Part 3 : 2025 ( ISO 14839-3 : 2006),Mechanical Vibration - Vibration of Rotating Machinery Equipped with Active Magnetic Bearings Part 3 Evaluation of Stability Margin,,,,,,,,,,,https://standards.bis.gov.in/website/know-your-standards,https://standardsbis.bsbedge.com/,mechanical;vibration;rotating;machinery;equipped;active;magnetic;bearings;evaluation;stability;margin,Know Your Standard - Bureau of Indian Standards,https://standards.bis.gov.in/website/know-your-standards,2026-09-07
IS 18920 : Part 4 : 2025 ( ISO 14839-4 : 2012),Mechanical Vibration - Vibration of Rotating Machinery Equipped with Active Magnetic Bearings Part 4 Technical Guidelines,,,,,,,,,,,https://standards.bis.gov.in/website/know-your-standards,https://standardsbis.bsbedge.com/,mechanical;vibration;rotating;machinery;equipped;active;magnetic;bearings;technical;guidelines,Know Your Standard - Bureau of Indian Standards,https://standards.bis.gov.in/website/know-your-standards,2026-09-07
IS 18920 : Part 5 : 2024 ( ISO 14839-5 : 2022),Mechanical Vibration - Vibration of Rotating Machinery Equipped with Active Magnetic Bearings - Part 5 Touch-Down Bearings,,,,,,,,,,,https://standards.bis.gov.in/website/know-your-standards,https://standardsbis.bsbedge.com/,mechanical;vibration;rotating;machinery;equipped;active;magnetic;bearings;touch;down,Know Your Standard - Bureau of Indian Standards,https://standards.bis.gov.in/website/know-your-standards,2026-09-07
IS 591 : 1964,Mains transformers for electronic equipment,,,,,,,,,,,https://standards.bis.gov.in/website/know-your-standards,https://standardsbis.bsbedge.com/,mains;transformers;electronic;equipment,Know Your Standard - Bureau of Indian Standards,https://standards.bis.gov.in/website/know-your-standards,2026-09-07
IS 592 : 1954,"Audio output transformers for radio receivers, amplifiers, small transmitters and similar other purposes (tentative)",,,,,,,,,,,https://standards.bis.gov.in/website/know-your-standards,https://standardsbis.bsbedge.com/,audio;output;transformers;radio;receivers;amplifiers;small;transmitters;similar;other;purposes;tentative,Know Your Standard - Bureau of Indian Standards,https://standards.bis.gov.in/website/know-your-standards,2026-09-07
IS 1180 : Part 1 : 2014,"Outdoor Type Oil Immersed Distribution Transformers Upto and Including 2 500 kVA, 33kV - Specification Part 1 Mineral Oil Immersed (Fourth Revision)",,,,,,,,,,,https://standards.bis.gov.in/website/know-your-standards,https://standardsbis.bsbedge.com/,outdoor;type;oil;immersed;distribution;transformers;upto;including;kva;mineral;fourth;revision,Know Your Standard - Bureau of Indian Standards,https://standards.bis.gov.in/website/know-your-standards,2026-09-07
IS 1180 : Part 2 : 1989,Outdoor Type Three-phase Distribution Transformers Up To And Including 100 Kva 11 Kv:part 2 Sealed Type,,,,,,,,,,,https://standards.bis.gov.in/website/know-your-standards,https://standardsbis.bsbedge.com/,outdoor;type;three;phase;distribution;transformers;including;kva;sealed,Know Your Standard - Bureau of Indian Standards,https://standards.bis.gov.in/website/know-your-standards,2026-09-07
IS 1180 : Part 3 : 2021,"Outdoor/Indoor Type Liquid Immersed Distribution Transformers Up to and Including 2 500 kVA, 33 kV â€” Specification Part 3 Natural/Synthetic Organic Ester Liquid Immersed",,,,,,,,,,,https://standards.bis.gov.in/website/know-your-standards,https://standardsbis.bsbedge.com/,outdoor;indoor;type;liquid;immersed;distribution;transformers;including;kva;natural;synthetic;organic,Know Your Standard - Bureau of Indian Standards,https://standards.bis.gov.in/website/know-your-standards,2026-09-07
IS 1416 : 1972,"Safety Transformers (Incorporated Amendement No. 1, 2 & 3)",,,,,,,,,,,https://standards.bis.gov.in/website/know-your-standards,https://standardsbis.bsbedge.com/,safety;transformers;incorporated;amendement,Know Your Standard - Bureau of Indian Standards,https://standards.bis.gov.in/website/know-your-standards,2026-09-07
IS 1496 : 1959,Transformers used in vibrator power supplies,,,,,,,,,,,https://standards.bis.gov.in/website/know-your-standards,https://standardsbis.bsbedge.com/,transformers;used;vibrator;power;supplies,Know Your Standard - Bureau of Indian Standards,https://standards.bis.gov.in/website/know-your-standards,2026-09-07
IS 1512 : 1969,Tests and general requirements for IF transformers and RF coils,,,,,,,,,,,https://standards.bis.gov.in/website/know-your-standards,https://standardsbis.bsbedge.com/,transformers;coils,Know Your Standard - Bureau of Indian Standards,https://standards.bis.gov.in/website/know-your-standards,2026-09-07
IS 1851 : 1997,Single Operator type arc welding transformers,,,,,,,,,,,https://standards.bis.gov.in/website/know-your-standards,https://standardsbis.bsbedge.com/,single;operator;type;arc;welding;transformers,Know Your Standard - Bureau of Indian Standards,https://standards.bis.gov.in/website/know-your-standards,2026-09-07
IS 1885 : Part 28 : 1993 ( IEC 50-321 : 1986),Electrotechnical vocabulary: Part 28 Instrument transformers,,,,,,,,,,,https://standards.bis.gov.in/website/know-your-standards,https://standardsbis.bsbedge.com/,electrotechnical;vocabulary;instrument;transformers,Know Your Standard - Bureau of Indian Standards,https://standards.bis.gov.in/website/know-your-standards,2026-09-07
IS 1885 : Part 38 : 1993 ( IEC Pub 50 : 421 : 1990),Electrotechnical Vocabulary - Part 38 : Power Transformers and Reactors,,,,,,,,,,,https://standards.bis.gov.in/website/know-your-standards,https://standardsbis.bsbedge.com/,electrotechnical;vocabulary;power;transformers;reactors,Know Your Standard - Bureau of Indian Standards,https://standards.bis.gov.in/website/know-your-standards,2026-09-07
IS 1886 : 1961,Code of practice for installation and maintenance of transformers,,,,,,,,,,,https://standards.bis.gov.in/website/know-your-standards,https://standardsbis.bsbedge.com/,installation;maintenance;transformers,Know Your Standard - Bureau of Indian Standards,https://standards.bis.gov.in/website/know-your-standards,2026-09-07
IS 2026 : Part 1 : 2011,Power transformers: Part 1 General,,,,,,,,,,,https://standards.bis.gov.in/website/know-your-standards,https://standardsbis.bsbedge.com/,power;transformers,Know Your Standard - Bureau of Indian Standards,https://standards.bis.gov.in/website/know-your-standards,2026-09-07
IS 2026 : Part 2 : 2010,Power transformers Part 2 Temperature-rise,,,,,,,,,,,https://standards.bis.gov.in/website/know-your-standards,https://standardsbis.bsbedge.com/,power;transformers;temperature;rise,Know Your Standard - Bureau of Indian Standards,https://standards.bis.gov.in/website/know-your-standards,2026-09-07
IS 2026 : Part 3 : 2018 ( IEC 60076-3 : 2013),"Power Transformers Part 3 Insulation Levels, Dielectric Tests and External Clearances in Air ( Fourth Revision )",,,,,,,,,,,https://standards.bis.gov.in/website/know-your-standards,https://standardsbis.bsbedge.com/,power;transformers;insulation;levels;dielectric;external;clearances;air;fourth;revision,Know Your Standard - Bureau of Indian Standards,https://standards.bis.gov.in/website/know-your-standards,2026-09-07
IS 2026 : Part 4 : 1977,"Power transformers: Part 4 Terminal marking,tappings and connectioins",,,,,,,,,,,https://standards.bis.gov.in/website/know-your-standards,https://standardsbis.bsbedge.com/,power;transformers;terminal;marking;tappings;connectioins,Know Your Standard - Bureau of Indian Standards,https://standards.bis.gov.in/website/know-your-standards,2026-09-07
IS 2026 : Part 5 : 2011,Power Transformers Part 5 Ability to Withstand Short Circuit,,,,,,,,,,,https://standards.bis.gov.in/website/know-your-standards,https://standardsbis.bsbedge.com/,power;transformers;ability;withstand;short;circuit,Know Your Standard - Bureau of Indian Standards,https://standards.bis.gov.in/website/know-your-standards,2026-09-07
IS 2026 : Part 6 : 2017 ( IEC 60076-6 : 2007),Power Transformers Part 6 Reactors,,,,,,,,,,,https://standards.bis.gov.in/website/know-your-standards,https://standardsbis.bsbedge.com/,power;transformers;reactors,Know Your Standard - Bureau of Indian Standards,https://standards.bis.gov.in/website/know-your-standards,2026-09-07
IS 2026 : PART 7 : 2009 ( IEC 60076-7 : 2005),Power Transformers Part 7 Loading Guide for Oil-Immersed Power Transformers,,,,,,,,,,,https://standards.bis.gov.in/website/know-your-standards,https://standardsbis.bsbedge.com/,power;transformers;loading;guide;oil;immersed,Know Your Standard - Bureau of Indian Standards,https://standards.bis.gov.in/website/know-your-standards,2026-09-07
IS 2026 : Part 8 : 2009 ( IEC 60076-8 : 1997),Power Transformers : Part 8 Applications guide,,,,,,,,,,,https://standards.bis.gov.in/website/know-your-standards,https://standardsbis.bsbedge.com/,power;transformers;applications;guide,Know Your Standard - Bureau of Indian Standards,https://standards.bis.gov.in/website/know-your-standards,2026-09-07
IS 2026 : Part 10 : 2025 ( IEC 60076-10 : 2016),Power Transformers - Part 10 Determination of Sound Levels,,,,,,,,,,,https://standards.bis.gov.in/website/know-your-standards,https://standardsbis.bsbedge.com/,power;transformers;determination;sound;levels,Know Your Standard - Bureau of Indian Standards,https://standards.bis.gov.in/website/know-your-standards,2026-09-07
IS 2026 : Part 10 : Sec 1 : 2018 ( IEC 60076-10-1 : 2016),Power Transformers part 10 Determination of Sound Levels Section 1 Application guide,,,,,,,,,,,https://standards.bis.gov.in/website/know-your-standards,https://standardsbis.bsbedge.com/,power;transformers;determination;sound;levels;section;application;guide,Know Your Standard - Bureau of Indian Standards,https://standards.bis.gov.in/website/know-your-standards,2026-09-07
IS 2026 : Part 12 : 2018 ( IEC 60076-12 : 2008),Power Transformers Part 12 Loading Guide for Dry-type Power Transformers,,,,,,,,,,,https://standards.bis.gov.in/website/know-your-standards,https://standardsbis.bsbedge.com/,power;transformers;loading;guide;dry;type,Know Your Standard - Bureau of Indian Standards,https://standards.bis.gov.in/website/know-your-standards,2026-09-07
IS 2026 : Part 14 : 2018 ( IEC 60076-14 : 2013),Power Transformers Part 14 Liquid-Immersed Power Transformers Using High-Temperature Insulation Materials,,,,,,,,,,,https://standards.bis.gov.in/website/know-your-standards,https://standardsbis.bsbedge.com/,power;transformers;liquid;immersed;using;high;temperature;insulation;materials,Know Your Standard - Bureau of Indian Standards,https://standards.bis.gov.in/website/know-your-standards,2026-09-07
IS 2026 : Part 15 : 2018 ( IEC 60076-15 : 2015),Power Transformers Part 15 Gas-Filled Power Transformers,,,,,,,,,,,https://standards.bis.gov.in/website/know-your-standards,https://standardsbis.bsbedge.com/,power;transformers;gas;filled,Know Your Standard - Bureau of Indian Standards,https://standards.bis.gov.in/website/know-your-standards,2026-09-07
IS 1885 : Part 49 : 1978,Electrotechnical Vocabulary - Part XLIX : Industrial Process Measurement and Control,,,,,,,,,,,https://standards.bis.gov.in/website/know-your-standards,https://standardsbis.bsbedge.com/,electrotechnical;vocabulary;xlix;industrial;process;measurement;control,Know Your Standard - Bureau of Indian Standards,https://standards.bis.gov.in/website/know-your-standards,2026-09-07
IS 8493 : 2024 ( IEC 60381-2 : 1978),Analogue d.c. Voltage Signals for Industrial Process Measurement and Control Systems,,,,,,,,,,,https://standards.bis.gov.in/website/know-your-standards,https://standardsbis.bsbedge.com/,analogue;voltage;signals;industrial;process;measurement;control;systems,Know Your Standard - Bureau of Indian Standards,https://standards.bis.gov.in/website/know-your-standards,2026-09-07
IS 12754 : Part 4 : 1989 ( ISO 3511-4 : 1985),"Industrial Process Measurement Control Functions and Instrumentation - Symbolic Representation Part 4 Basic Symbols for Process Computer, Interface and Shared Display/control Functions",,,,,,,,,,,https://standards.bis.gov.in/website/know-your-standards,https://standardsbis.bsbedge.com/,industrial;process;measurement;control;functions;instrumentation;symbolic;representation;basic;symbols;computer;interface,Know Your Standard - Bureau of Indian Standards,https://standards.bis.gov.in/website/know-your-standards,2026-09-07
IS 14254 : Part 2 : 2021 ( IEC 61131-2 : 2017),Industrial-Process Measurement and Control - Programmable Controllers Part 2 Equipment Requirements and Tests ( Second Revision ),,,,,,,,,,,https://standards.bis.gov.in/website/know-your-standards,https://standardsbis.bsbedge.com/,industrial;process;measurement;control;programmable;controllers;equipment;second;revision,Know Your Standard - Bureau of Indian Standards,https://standards.bis.gov.in/website/know-your-standards,2026-09-07
IS 732 : 2019,Code of Practice for Electrical Wiring Installations ( Fourth Revision ),,,,,,,,,,,https://standards.bis.gov.in/website/know-your-standards,https://standardsbis.bsbedge.com/,electrical;wiring;installations;fourth;revision,Know Your Standard - Bureau of Indian Standards,https://standards.bis.gov.in/website/know-your-standards,2026-09-07
IS 2032 : Part 11 : 1969,Graphical symbols used in electrotechnology: Part 11 Electrical installations in buildings,,,,,,,,,,,https://standards.bis.gov.in/website/know-your-standards,https://standardsbis.bsbedge.com/,graphical;symbols;used;electrotechnology;electrical;installations;buildings,Know Your Standard - Bureau of Indian Standards,https://standards.bis.gov.in/website/know-your-standards,2026-09-07
IS 2032 : Part 25 : 1980,Graphical symbols used in electrotechnology: Part 25 Electrical installations in ships,,,,,,,,,,,https://standards.bis.gov.in/website/know-your-standards,https://standardsbis.bsbedge.com/,graphical;symbols;used;electrotechnology;electrical;installations;ships,Know Your Standard - Bureau of Indian Standards,https://standards.bis.gov.in/website/know-your-standards,2026-09-07
IS 2274 : 1963,Code of practice for electrical wiring installations (system voltage exceeding 650 volts),,,,,,,,,,,https://standards.bis.gov.in/website/know-your-standards,https://standardsbis.bsbedge.com/,electrical;wiring;installations;system;voltage;exceeding;volts,Know Your Standard - Bureau of Indian Standards,https://standards.bis.gov.in/website/know-your-standards,2026-09-07
IS 2509 : 1973,Rigid non-metallic conduits for electrical installations,,,,,,,,,,,https://standards.bis.gov.in/website/know-your-standards,https://standardsbis.bsbedge.com/,rigid;non;metallic;conduits;electrical;installations,Know Your Standard - Bureau of Indian Standards,https://standards.bis.gov.in/website/know-your-standards,2026-09-07
IS 5572 : 2009,Classification of hazardous areas (other than mines) having flammable gases and vapours for electrical installation,,,,,,,,,,,https://standards.bis.gov.in/website/know-your-standards,https://standardsbis.bsbedge.com/,classification;hazardous;areas;other;than;mines;having;flammable;gases;vapours;electrical;installation,Know Your Standard - Bureau of Indian Standards,https://standards.bis.gov.in/website/know-your-standards,2026-09-07
IS 5908 : 1970,Method of measurement of electrical installations in buildings,,,,,,,,,,,https://standards.bis.gov.in/website/know-your-standards,https://standardsbis.bsbedge.com/,measurement;electrical;installations;buildings,Know Your Standard - Bureau of Indian Standards,https://standards.bis.gov.in/website/know-your-standards,2026-09-07
IS 6946 : 1973,Flexible (Pliable) Non-metallic Conduits for Electrical Installations,,,,,,,,,,,https://standards.bis.gov.in/website/know-your-standards,https://standardsbis.bsbedge.com/,flexible;pliable;non;metallic;conduits;electrical;installations,Know Your Standard - Bureau of Indian Standards,https://standards.bis.gov.in/website/know-your-standards,2026-09-07
IS 7733 : 1975,Code of practice for electrical wiring installations in hospitals,,,,,,,,,,,https://standards.bis.gov.in/website/know-your-standards,https://standardsbis.bsbedge.com/,electrical;wiring;installations;hospitals,Know Your Standard - Bureau of Indian Standards,https://standards.bis.gov.in/website/know-your-standards,2026-09-07
IS 8828 : 1996,Electrical Accessories - Circuit Breakers for Over Current Protection for Household and Similar Installations,,,,,,,,,,,https://standards.bis.gov.in/website/know-your-standards,https://standardsbis.bsbedge.com/,electrical;accessories;circuit;breakers;over;current;protection;household;similar;installations,Know Your Standard - Bureau of Indian Standards,https://standards.bis.gov.in/website/know-your-standards,2026-09-07
IS 9537 : Part 1 : 1980,Conduits for electrical installations: Part 1 General requirements,,,,,,,,,,,https://standards.bis.gov.in/website/know-your-standards,https://standardsbis.bsbedge.com/,conduits;electrical;installations,Know Your Standard - Bureau of Indian Standards,https://standards.bis.gov.in/website/know-your-standards,2026-09-07
IS 9537 : Part 2 : 1981,Conduits for electrical installations:Part 2 Rigid steel conduits (superseding IS:1653),,,,,,,,,,,https://standards.bis.gov.in/website/know-your-standards,https://standardsbis.bsbedge.com/,conduits;electrical;installations;rigid;steel;superseding,Know Your Standard - Bureau of Indian Standards,https://standards.bis.gov.in/website/know-your-standards,2026-09-07
IS 9537 : Part 5 : 2000,Conduits for Electrical Installations - Part 5 : Pliable Conduits of Insulating Material (superseding IS:6946),,,,,,,,,,,https://standards.bis.gov.in/website/know-your-standards,https://standardsbis.bsbedge.com/,conduits;electrical;installations;pliable;insulating;material;superseding,Know Your Standard - Bureau of Indian Standards,https://standards.bis.gov.in/website/know-your-standards,2026-09-07
IS 9537 : Part 6 : 2000,Conduits for Electrical Installations - Part 6 : Pliable Conduits of Metal or Composite Materials,,,,,,,,,,,https://standards.bis.gov.in/website/know-your-standards,https://standardsbis.bsbedge.com/,conduits;electrical;installations;pliable;metal;composite;materials,Know Your Standard - Bureau of Indian Standards,https://standards.bis.gov.in/website/know-your-standards,2026-09-07
IS 9537 : Part 8 : 2003,Conduits for Electrical Installations - Part 8 : Rigid Non-Threadable Conduits of Aluminium Alloy,,,,,,,,,,,https://standards.bis.gov.in/website/know-your-standards,https://standardsbis.bsbedge.com/,conduits;electrical;installations;rigid;non;threadable;aluminium;alloy,Know Your Standard - Bureau of Indian Standards,https://standards.bis.gov.in/website/know-your-standards,2026-09-07
IS 10242 : Part 2 : Sec 2 : 1983,"Electrical installations in ships: Part 2 System design, Section 2 Protection",,,,,,,,,,,https://standards.bis.gov.in/website/know-your-standards,https://standardsbis.bsbedge.com/,electrical;installations;ships;system;design;section;protection,Know Your Standard - Bureau of Indian Standards,https://standards.bis.gov.in/website/know-your-standards,2026-09-07
IS 10242 : Part 2 : Sec 4 : 1993,Electrical Installations in Ships - Part 2 : System Design - Section 4 : Electric and Electrohydraulic Steering Gear,,,,,,,,,,,https://standards.bis.gov.in/website/know-your-standards,https://standardsbis.bsbedge.com/,electrical;installations;ships;system;design;section;electric;electrohydraulic;steering;gear,Know Your Standard - Bureau of Indian Standards,https://standards.bis.gov.in/website/know-your-standards,2026-09-07
IS 10242 : Part 3 : Sec 1 : 2023 ( IEC 60092-301 : 1980),Electrical Installation in Ships - Specification - Part 3 Equipment Section 1 Generators and Motors,,,,,,,,,,,https://standards.bis.gov.in/website/know-your-standards,https://standardsbis.bsbedge.com/,electrical;installation;ships;equipment;section;generators;motors,Know Your Standard - Bureau of Indian Standards,https://standards.bis.gov.in/website/know-your-standards,2026-09-07
IS 10242 : Part 3 : Sec 3 : 2023 ( IEC 60092-303 : 2023),Electrical Installation in Ships - Specification - Part 3 Equipment - Section 3 Transformers for Power and Lighting,,,,,,,,,,,https://standards.bis.gov.in/website/know-your-standards,https://standardsbis.bsbedge.com/,electrical;installation;ships;equipment;section;transformers;power;lighting,Know Your Standard - Bureau of Indian Standards,https://standards.bis.gov.in/website/know-your-standards,2026-09-07
IS 10242 : Part 3 : Sec 4 : 2023 ( IEC 60092-304 : 2022),Electrical Installation in Ships - Specification - Part 3 Equipment - Section 4 Semiconductor Convertors,,,,,,,,,,,https://standards.bis.gov.in/website/know-your-standards,https://standardsbis.bsbedge.com/,electrical;installation;ships;equipment;section;semiconductor;convertors,Know Your Standard - Bureau of Indian Standards,https://standards.bis.gov.in/website/know-your-standards,2026-09-07
IS 10242 : Part 3 : Sec 6 : 2023 ( IEC 60092-306 : 2022),Electrical Installation in Ships - Specification - Part 3 Equipment - Section 6 Luminaires and Accessories,,,,,,,,,,,https://standards.bis.gov.in/website/know-your-standards,https://standardsbis.bsbedge.com/,electrical;installation;ships;equipment;section;luminaires;accessories,Know Your Standard - Bureau of Indian Standards,https://standards.bis.gov.in/website/know-your-standards,2026-09-07
IS 2032 : Part 21 : 1977,Graphical symbols used in electrotechnology: Part 21 Electrical welding equipment,,,,,,,,,,,https://standards.bis.gov.in/website/know-your-standards,https://standardsbis.bsbedge.com/,graphical;symbols;used;electrotechnology;electrical;welding;equipment,Know Your Standard - Bureau of Indian Standards,https://standards.bis.gov.in/website/know-your-standards,2026-09-07
IS 18483 : Part 1 : 2024 ( IEC 62822-1 : 2016),Electric Welding Equipment-Assessment of Restrictions Related to Human Exposure to Electromagnetic Fields (0 Hz to 300 GHz) - Part 1 Product Family Standard,,,,,,,,,,,https://standards.bis.gov.in/website/know-your-standards,https://standardsbis.bsbedge.com/,electric;welding;equipment;assessment;restrictions;related;human;exposure;electromagnetic;fields;ghz;product,Know Your Standard - Bureau of Indian Standards,https://standards.bis.gov.in/website/know-your-standards,2026-09-07
IS 18483 : Part 2 : 2024 ( IEC 62822-2 : 2016),Electric Welding Equipment - Assessment of Restrictions Related to Human Exposure to Electromagnetic Fields (0 Hz to 300 GHz) - Part 2 Arc Welding Equipment,,,,,,,,,,,https://standards.bis.gov.in/website/know-your-standards,https://standardsbis.bsbedge.com/,electric;welding;equipment;assessment;restrictions;related;human;exposure;electromagnetic;fields;ghz;arc,Know Your Standard - Bureau of Indian Standards,https://standards.bis.gov.in/website/know-your-standards,2026-09-07
IS 18483 : Part 3 : 2025 ( IEC 62822-3 : 2023),Electric Welding Equipment - Assessment of Restrictions Related to Human Exposure to Electromagnetic Fields (0 Hz to 300 GHz) - Part 3 Resistance Welding Equipment,,,,,,,,,,,https://standards.bis.gov.in/website/know-your-standards,https://standardsbis.bsbedge.com/,electric;welding;equipment;assessment;restrictions;related;human;exposure;electromagnetic;fields;ghz;resistance,Know Your Standard - Bureau of Indian Standards,https://standards.bis.gov.in/website/know-your-standards,2026-09-07
IS 2148 : 2004,"Electrical Apparatus for Explosive Gas Atmospheres - Flameproof Enclosures ""d""",,,,,,,,,,,https://standards.bis.gov.in/website/know-your-standards,https://standardsbis.bsbedge.com/,electrical;apparatus;explosive;gas;atmospheres;flameproof;enclosures,Know Your Standard - Bureau of Indian Standards,https://standards.bis.gov.in/website/know-your-standards,2026-09-07
IS 5780 : 2002,"Electrical Apparatus for Explosive Gas Atmospheres - Intrinsic Safety ""i""",,,,,,,,,,,https://standards.bis.gov.in/website/know-your-standards,https://standardsbis.bsbedge.com/,electrical;apparatus;explosive;gas;atmospheres;intrinsic;safety,Know Your Standard - Bureau of Indian Standards,https://standards.bis.gov.in/website/know-your-standards,2026-09-07
IS 6381 : 2004,"Electrical Apparatus for Explosive Gas Atmospheres - Increased Safety ""e""",,,,,,,,,,,https://standards.bis.gov.in/website/know-your-standards,https://standardsbis.bsbedge.com/,electrical;apparatus;explosive;gas;atmospheres;increased;safety,Know Your Standard - Bureau of Indian Standards,https://standards.bis.gov.in/website/know-your-standards,2026-09-07
IS 7389 : 2004,"Electrical Apparatus for Explosive Gas Atmospheres - Pressurized Enclosures ""p""",,,,,,,,,,,https://standards.bis.gov.in/website/know-your-standards,https://standardsbis.bsbedge.com/,electrical;apparatus;explosive;gas;atmospheres;pressurized;enclosures,Know Your Standard - Bureau of Indian Standards,https://standards.bis.gov.in/website/know-your-standards,2026-09-07
IS 7389 : Part 1 : 1976,Pressurized enclosures of electrical apparatus for use in explosive atmospheres: Part 1 Pressurized enclosures with no internal source of flammable gas or vapour,,,,,,,,,,,https://standards.bis.gov.in/website/know-your-standards,https://standardsbis.bsbedge.com/,pressurized;enclosures;electrical;apparatus;use;explosive;atmospheres;internal;source;flammable;gas;vapour,Know Your Standard - Bureau of Indian Standards,https://standards.bis.gov.in/website/know-your-standards,2026-09-07
IS 7693 : 2004,"Electrical Apparatus for Explosive Gas Atmospheres - Oil-Immersion ""o""",,,,,,,,,,,https://standards.bis.gov.in/website/know-your-standards,https://standardsbis.bsbedge.com/,electrical;apparatus;explosive;gas;atmospheres;oil;immersion,Know Your Standard - Bureau of Indian Standards,https://standards.bis.gov.in/website/know-your-standards,2026-09-07
IS 7820 : 2004,Electrical Apparatus for Explosive Gas Atmospheres - Method of Test for Ignition Temperature,,,,,,,,,,,https://standards.bis.gov.in/website/know-your-standards,https://standardsbis.bsbedge.com/,electrical;apparatus;explosive;gas;atmospheres;ignition;temperature,Know Your Standard - Bureau of Indian Standards,https://standards.bis.gov.in/website/know-your-standards,2026-09-07
IS 9735 : 2003,"Electrical Apparatus for Explosive Gas Atmospheres - Flmaeproof Enclosoures ""d"" - Method of Test for Ascertainment of Maximum Experimental Safe Gap",,,,,,,,,,,https://standards.bis.gov.in/website/know-your-standards,https://standardsbis.bsbedge.com/,electrical;apparatus;explosive;gas;atmospheres;flmaeproof;enclosoures;ascertainment;maximum;experimental;safe;gap,Know Your Standard - Bureau of Indian Standards,https://standards.bis.gov.in/website/know-your-standards,2026-09-07
IS 11064 : 1984,Guide for construction and use of rooms or buildings protected by pressurization for installation of electrical apparatus for explosive gas atmospheres,,,,,,,,,,,https://standards.bis.gov.in/website/know-your-standards,https://standardsbis.bsbedge.com/,guide;construction;use;rooms;buildings;protected;pressurization;installation;electrical;apparatus;explosive;gas,Know Your Standard - Bureau of Indian Standards,https://standards.bis.gov.in/website/know-your-standards,2026-09-07
IS 13346 : 2004,Electrical Apparatus for Explosive Gas Atmospheres - General Requirements,,,,,,,,,,,https://standards.bis.gov.in/website/know-your-standards,https://standardsbis.bsbedge.com/,electrical;apparatus;explosive;gas;atmospheres,Know Your Standard - Bureau of Indian Standards,https://standards.bis.gov.in/website/know-your-standards,2026-09-07
IS 13408 : Part 1 : 1992,"Code of Practice for the Selection, Installation and Maintenance of Electrical Apparatus for Use in Potentially Explosive Atmospheres (Other than Mining Applications or Explosives Processing and Manufacture) - Part 1 : General",,,,,,,,,,,https://standards.bis.gov.in/website/know-your-standards,https://standardsbis.bsbedge.com/,selection;installation;maintenance;electrical;apparatus;use;potentially;explosive;atmospheres;other;than;mining,Know Your Standard - Bureau of Indian Standards,https://standards.bis.gov.in/website/know-your-standards,2026-09-07
IS 15142 : 2002,Guide to the use of Electrical Apparatus for Potentially Explosive Atmospheres in the Presence of Combustible Dust,,,,,,,,,,,https://standards.bis.gov.in/website/know-your-standards,https://standardsbis.bsbedge.com/,guide;use;electrical;apparatus;potentially;explosive;atmospheres;presence;combustible;dust,Know Your Standard - Bureau of Indian Standards,https://standards.bis.gov.in/website/know-your-standards,2026-09-07
IS 15451 : 2004,"Electrical Apparatus For Explosive Gas Atmospheres - Encapsulation ""m""",,,,,,,,,,,https://standards.bis.gov.in/website/know-your-standards,https://standardsbis.bsbedge.com/,electrical;apparatus;explosive;gas;atmospheres;encapsulation,Know Your Standard - Bureau of Indian Standards,https://standards.bis.gov.in/website/know-your-standards,2026-09-07
IS 17106 : Part 2 : 2022 ( ISO 8102-6:2019),Electrical requirements for lifts escalators and moving walks : Part 2 Programmable electronic systems in safety-related applications for escalators and moving walks PESSRAE,,,,,,,,,,,https://standards.bis.gov.in/website/know-your-standards,https://standardsbis.bsbedge.com/,electrical;lifts;escalators;moving;walks;programmable;electronic;systems;safety;related;applications;pessrae,Know Your Standard - Bureau of Indian Standards,https://standards.bis.gov.in/website/know-your-standards,2026-09-07
IS 17515 : Part 3 : 2021 ( ISO 25745-3: 2015),Energy performance of lifts escalators and moving walks Part 3: Energy calculation and classification of escalators and moving walks identical to ISO 25745-3,,,,,,,,,,,https://standards.bis.gov.in/website/know-your-standards,https://standardsbis.bsbedge.com/,energy;performance;lifts;escalators;moving;walks;calculation;classification;identical;iso,Know Your Standard - Bureau of Indian Standards,https://standards.bis.gov.in/website/know-your-standards,2026-09-07
IS 12834 : 2023 ( IEC/TS 61836 : 2016),Solar Photovoltaic Energy Systems Terms Definitions And Symbols,,,,,,,,,,,https://standards.bis.gov.in/website/know-your-standards,https://standardsbis.bsbedge.com/,solar;photovoltaic;energy;systems;terms;definitions;symbols,Know Your Standard - Bureau of Indian Standards,https://standards.bis.gov.in/website/know-your-standards,2026-09-07
IS/IEC 60269 : Part 6 : 2010 ( IEC 60269 : Part 6 : 2010),Low-Voltage Fuses Part 6 Supplementary Requirements for Fuse-Links for the Protection of Solar Photovoltaic Energy Systems,,,,,,,,,,,https://standards.bis.gov.in/website/know-your-standards,https://standardsbis.bsbedge.com/,low;voltage;fuses;supplementary;fuse;links;protection;solar;photovoltaic;energy;systems,Know Your Standard - Bureau of Indian Standards,https://standards.bis.gov.in/website/know-your-standards,2026-09-07
IS 1885 : Part 42 : 1993 ( IEC 50-436 : 1990),Electrotechnical Vocabulary: Part 42 Power capacitors,,,,,,,,,,,https://standards.bis.gov.in/website/know-your-standards,https://standardsbis.bsbedge.com/,electrotechnical;vocabulary;power;capacitors,Know Your Standard - Bureau of Indian Standards,https://standards.bis.gov.in/website/know-your-standards,2026-09-07
IS 9859 : Part 3 : 2023,Installation and Maintenance of Outdoor Power Line Carrier Equipment-Code of Practice - Part 3 Coupling Capacitors/Capacitor Voltage Transformers,,,,,,,,,,,https://standards.bis.gov.in/website/know-your-standards,https://standardsbis.bsbedge.com/,installation;maintenance;outdoor;power;line;carrier;equipment;coupling;capacitors;capacitor;voltage;transformers,Know Your Standard - Bureau of Indian Standards,https://standards.bis.gov.in/website/know-your-standards,2026-09-07
IS 13067 : 1991,Impregnants for power capacitors,,,,,,,,,,,https://standards.bis.gov.in/website/know-your-standards,https://standardsbis.bsbedge.com/,impregnants;power;capacitors,Know Your Standard - Bureau of Indian Standards,https://standards.bis.gov.in/website/know-your-standards,2026-09-07
IS 13340 : 1993,Power Capacitors of Self-healing Type for Ac Power Systems Having Rated Voltage Up to 650 V,,,,,,,,,,,https://standards.bis.gov.in/website/know-your-standards,https://standardsbis.bsbedge.com/,power;capacitors;self;healing;type;systems;having;rated;voltage,Know Your Standard - Bureau of Indian Standards,https://standards.bis.gov.in/website/know-your-standards,2026-09-07
IS 13340 : Part 1 : 2024 ( IEC 60831-1 : 2014),"Shunt Power Capacitors of the Self-Healing Type for a.c. Systems having a Rated Voltage up to and Including 1 000 V - Part 1 General-Performance, Testing and Rating-Safety Requirements-Guide for Installation and Operation",,,,,,,,,,,https://standards.bis.gov.in/website/know-your-standards,https://standardsbis.bsbedge.com/,shunt;power;capacitors;self;healing;type;systems;having;rated;voltage;including;performance,Know Your Standard - Bureau of Indian Standards,https://standards.bis.gov.in/website/know-your-standards,2026-09-07
IS 13340 : Part 2 : 2024 ( IEC 60831-2 : 2014),"Shunt Power Capacitors of the Self-Healing Type for a.c. Systems having a Rated Voltage up to and Including 1 000 V - Part 2 Ageing Test, Self-Healing Test and Destruction Test",,,,,,,,,,,https://standards.bis.gov.in/website/know-your-standards,https://standardsbis.bsbedge.com/,shunt;power;capacitors;self;healing;type;systems;having;rated;voltage;including;ageing,Know Your Standard - Bureau of Indian Standards,https://standards.bis.gov.in/website/know-your-standards,2026-09-07
IS 13580 : 1992,Internal Fuses and Internal Overpressure Disconnectors for Power Electronic Capacitors,,,,,,,,,,,https://standards.bis.gov.in/website/know-your-standards,https://standardsbis.bsbedge.com/,internal;fuses;overpressure;disconnectors;power;electronic;capacitors,Know Your Standard - Bureau of Indian Standards,https://standards.bis.gov.in/website/know-your-standards,2026-09-07
IS 13585 : Part 1 : 2012 ( IEC 60931-1 : 1996),"Shunt Power Capacitors Of The Non -Self - Healing Type For ac Systems Having A Rated Voltage up to and Including 1 000 V PART 1 GENERAL — PERFORMANCE, TESTING AND RATING — SAFETY REQUIREMENTS — GUIDE FOR INSTALLATION AND OPERATION (Including Amendment No. 1)",,,,,,,,,,,https://standards.bis.gov.in/website/know-your-standards,https://standardsbis.bsbedge.com/,shunt;power;capacitors;non;self;healing;type;systems;having;rated;voltage;including,Know Your Standard - Bureau of Indian Standards,https://standards.bis.gov.in/website/know-your-standards,2026-09-07
IS 13585 : Part 2 : 2013 ( IEC 60931-2 : 1995),Shunt Power Capacitors of the Non-Self-Healing Type for a.c. Systems Having a Rated Voltage up to and Including 1 000 V Part 2 Ageing Test and Destruction Test,,,,,,,,,,,https://standards.bis.gov.in/website/know-your-standards,https://standardsbis.bsbedge.com/,shunt;power;capacitors;non;self;healing;type;systems;having;rated;voltage;including,Know Your Standard - Bureau of Indian Standards,https://standards.bis.gov.in/website/know-your-standards,2026-09-07
IS 13585 : Part 3 : 2013 ( IEC 60931-3 : 1996),Shunt Power Capacitors of the Non-Self-Healing Type for a.c. Systems Having a Rated Voltage up to and Including 1 000 V Part 3 Internal Fuses,,,,,,,,,,,https://standards.bis.gov.in/website/know-your-standards,https://standardsbis.bsbedge.com/,shunt;power;capacitors;non;self;healing;type;systems;having;rated;voltage;including,Know Your Standard - Bureau of Indian Standards,https://standards.bis.gov.in/website/know-your-standards,2026-09-07
IS 13648 : 1993,Power Electronics Capacitors,,,,,,,,,,,https://standards.bis.gov.in/website/know-your-standards,https://standardsbis.bsbedge.com/,power;electronics;capacitors,Know Your Standard - Bureau of Indian Standards,https://standards.bis.gov.in/website/know-your-standards,2026-09-07
IS 13925 : Part 3 : 2025 ( IEC TS 60871-3 : 2015+AMD 1 : 2023 CSV),Shunt Capacitors for a.c. Power Systems Having a Rated Voltage Above 1 000 V - Part 3 Protection of Shunt Capacitors and Shunt Capacitor Banks,,,,,,,,,,,https://standards.bis.gov.in/website/know-your-standards,https://standardsbis.bsbedge.com/,shunt;capacitors;power;systems;having;rated;voltage;above;protection;capacitor;banks,Know Your Standard - Bureau of Indian Standards,https://standards.bis.gov.in/website/know-your-standards,2026-09-07
IS/IEC/TS 60110 : Part 2 : 2000 ( IEC/TS 60110-2 : 2000),POWER CAPACITORS FOR INDUCTION HEATING INSTALLATIONS PART 2 : AGEING TEST DESTRUCTION TEST AND REQUIREMENTS FOR DISCONNECTING INTERNAL FUSES,,,,,,,,,,,https://standards.bis.gov.in/website/know-your-standards,https://standardsbis.bsbedge.com/,power;capacitors;induction;heating;installations;ageing;destruction;disconnecting;internal;fuses,Know Your Standard - Bureau of Indian Standards,https://standards.bis.gov.in/website/know-your-standards,2026-09-07
IS 3070 : Part 1 : 1985,Surge Arresters for Alternating Current Systems - Part 1 : Non-linear Resistor Type Surge Arresters,,,,,,,,,,,https://standards.bis.gov.in/website/know-your-standards,https://standardsbis.bsbedge.com/,surge;arresters;alternating;current;systems;non;linear;resistor;type,Know Your Standard - Bureau of Indian Standards,https://standards.bis.gov.in/website/know-your-standards,2026-09-07
IS 4004 : 1985,Application Guide for Surge Arresters with Series Gap and Non-linear Resistors for Ac Systems,,,,,,,,,,,https://standards.bis.gov.in/website/know-your-standards,https://standardsbis.bsbedge.com/,application;guide;surge;arresters;series;gap;non;linear;resistors;systems,Know Your Standard - Bureau of Indian Standards,https://standards.bis.gov.in/website/know-your-standards,2026-09-07
IS 15086 : Part 1 : 2001,Surge Arresters - Part 1 : Non-Linear Resistor Type Gapped Surge Arresters for a.c. Systems,,,,,,,,,,,https://standards.bis.gov.in/website/know-your-standards,https://standardsbis.bsbedge.com/,surge;arresters;non;linear;resistor;type;gapped;systems,Know Your Standard - Bureau of Indian Standards,https://standards.bis.gov.in/website/know-your-standards,2026-09-07
IS 15086 : Part 3 : 2003,Surge Arresters - Part 3 : Artificial Pollution Testing of Surge Arresters,,,,,,,,,,,https://standards.bis.gov.in/website/know-your-standards,https://standardsbis.bsbedge.com/,surge;arresters;artificial;pollution;testing,Know Your Standard - Bureau of Indian Standards,https://standards.bis.gov.in/website/know-your-standards,2026-09-07
IS 15086 : Part 4 : 2017 ( IEC 60099-4 : 2014),Surge Arresters Part 4 Metal-Oxide Surge Arresters Without Gaps for a.c. Systems,,,,,,,,,,,https://standards.bis.gov.in/website/know-your-standards,https://standardsbis.bsbedge.com/,surge;arresters;metal;oxide;without;gaps;systems,Know Your Standard - Bureau of Indian Standards,https://standards.bis.gov.in/website/know-your-standards,2026-09-07
IS 15086 : Part 5 : 2020 ( IEC 60099-5 : 2018),Surge Arresters Part 5 Selection and Application Recommendations ( First Revision ),,,,,,,,,,,https://standards.bis.gov.in/website/know-your-standards,https://standardsbis.bsbedge.com/,surge;arresters;selection;application;recommendations;first;revision,Know Your Standard - Bureau of Indian Standards,https://standards.bis.gov.in/website/know-your-standards,2026-09-07
IS 15086 : Part 8 : 2025 ( IEC 60099-8 : 2017),Surge Arresters - Part 8 Metal Oxide Surge Arresters with External Series Gap (EGLA) for Overhead Transmission and Distribution Lines of a.c. Systems above 1 kV,,,,,,,,,,,https://standards.bis.gov.in/website/know-your-standards,https://standardsbis.bsbedge.com/,surge;arresters;metal;oxide;external;series;gap;egla;overhead;transmission;distribution;lines,Know Your Standard - Bureau of Indian Standards,https://standards.bis.gov.in/website/know-your-standards,2026-09-07
IS 15086 : Part 9 : 2019 ( IEC 60099-9 : 2014),Surge Arresters Part 9 Metal-oxide Surge Arresters without Gaps for HVDC Converter Stations,,,,,,,,,,,https://standards.bis.gov.in/website/know-your-standards,https://standardsbis.bsbedge.com/,surge;arresters;metal;oxide;without;gaps;hvdc;converter;stations,Know Your Standard - Bureau of Indian Standards,https://standards.bis.gov.in/website/know-your-standards,2026-09-07
IS 1885 : Part 27 : 2008 ( IEC 60050-551 : 1998),Electrotechnical vocabulary : Part 27 Power Electronics,,,,,,,,,,,https://standards.bis.gov.in/website/know-your-standards,https://standardsbis.bsbedge.com/,electrotechnical;vocabulary;power;electronics,Know Your Standard - Bureau of Indian Standards,https://standards.bis.gov.in/website/know-your-standards,2026-09-07
IS 17123 : Part 9 : Sec 1 : 2025 ( IEC 61800-9-1 : 2017),Adjustable Speed Electrical Power Drive Systems - Part 9 Ecodesign for Power Drive Systems Motor Starters Power Electronics and their Driven Applications - Section 1 General Requirements for Setting Energy Efficiency Standards for Power Driven Equipment U,,,,,,,,,,,https://standards.bis.gov.in/website/know-your-standards,https://standardsbis.bsbedge.com/,adjustable;speed;electrical;power;drive;systems;ecodesign;motor;starters;electronics;their;driven,Know Your Standard - Bureau of Indian Standards,https://standards.bis.gov.in/website/know-your-standards,2026-09-07
IS/IEC 61071 : 2017 ( IEC 61071:2017),CAPACITORS FOR POWER ELECTRONICS,,,,,,,,,,,https://standards.bis.gov.in/website/know-your-standards,https://standardsbis.bsbedge.com/,capacitors;power;electronics,Know Your Standard - Bureau of Indian Standards,https://standards.bis.gov.in/website/know-your-standards,2026-09-07
IS/IEC 63002 : 2025 ( IEC 63002 : 2025),Interoperability Specifications and Communication Method for External Power Supplies Used with Computing and Consumer Electronics Devices,,,,,,,,,,,https://standards.bis.gov.in/website/know-your-standards,https://standardsbis.bsbedge.com/,interoperability;communication;external;power;supplies;used;computing;consumer;electronics;devices,Know Your Standard - Bureau of Indian Standards,https://standards.bis.gov.in/website/know-your-standards,2026-09-07
IS/IEC/TR 63259 : 2022 ( IEC TR 63259 : 2022),Water Cooling Systems for Power Electronics Used in Electrical Transmission and Distribution Systems,,,,,,,,,,,https://standards.bis.gov.in/website/know-your-standards,https://standardsbis.bsbedge.com/,water;cooling;systems;power;electronics;used;electrical;transmission;distribution,Know Your Standard - Bureau of Indian Standards,https://standards.bis.gov.in/website/know-your-standards,2026-09-07
IS 302 : Part 1 : 2024 ( IEC 60335-1 : 2020),Household and Similar Electrical Appliances - Safety - Part 1 General Requirements,,,,,,,,,,,https://standards.bis.gov.in/website/know-your-standards,https://standardsbis.bsbedge.com/,household;similar;electrical;appliances;safety,Know Your Standard - Bureau of Indian Standards,https://standards.bis.gov.in/website/know-your-standards,2026-09-07
"IS 302 : Part 1 (Active,Concurrent Running) : 2008",Safety of household and similar electrical appliances : Part 1 General Requirements,,,,,,,,,,,https://standards.bis.gov.in/website/know-your-standards,https://standardsbis.bsbedge.com/,safety;household;similar;electrical;appliances,Know Your Standard - Bureau of Indian Standards,https://standards.bis.gov.in/website/know-your-standards,2026-09-07
IS 302 : Part 2 : Sec 2 : 1997,Safety of household and similar electrical appliances: Part 2 Particular requirements: Section 2 Vacuum cleaners and water suction cleaning appliances,,,,,,,,,,,https://standards.bis.gov.in/website/know-your-standards,https://standardsbis.bsbedge.com/,safety;household;similar;electrical;appliances;particular;section;vacuum;cleaners;water;suction;cleaning,Know Your Standard - Bureau of Indian Standards,https://standards.bis.gov.in/website/know-your-standards,2026-09-07
IS 302 : Part 2 : Sec 4 : 1993,"Safety of household and similar electrical appliances: Part 2 Particular requirements, Section 4 Spin extractors",,,,,,,,,,,https://standards.bis.gov.in/website/know-your-standards,https://standardsbis.bsbedge.com/,safety;household;similar;electrical;appliances;particular;section;spin;extractors,Know Your Standard - Bureau of Indian Standards,https://standards.bis.gov.in/website/know-your-standards,2026-09-07
IS 302 : Part 2 : Sec 6 : 2009,"Safety of household and similar electrical appliances: Part 2 Particuar requirements, Section 6 Cooking Ranges, Hobs, Ovens and Similar Appliances",,,,,,,,,,,https://standards.bis.gov.in/website/know-your-standards,https://standardsbis.bsbedge.com/,safety;household;similar;electrical;appliances;particuar;section;cooking;ranges;hobs;ovens,Know Your Standard - Bureau of Indian Standards,https://standards.bis.gov.in/website/know-your-standards,2026-09-07
IS 302 : Part 2 : Sec 9 : 2009,"Safety of household and similar electrical appliances: Part 2 Particular requirements: Section 9 Toasters, Grills, Roasters and similar appliances",,,,,,,,,,,https://standards.bis.gov.in/website/know-your-standards,https://standardsbis.bsbedge.com/,safety;household;similar;electrical;appliances;particular;section;toasters;grills;roasters,Know Your Standard - Bureau of Indian Standards,https://standards.bis.gov.in/website/know-your-standards,2026-09-07
IS 302 : Part 2 : Sec 11 : 1994,Safety of household and similar electrical appliances: Part 2 Particular requirements: Section 11 Tumbler dryers,,,,,,,,,,,https://standards.bis.gov.in/website/know-your-standards,https://standardsbis.bsbedge.com/,safety;household;similar;electrical;appliances;particular;section;tumbler;dryers,Know Your Standard - Bureau of Indian Standards,https://standards.bis.gov.in/website/know-your-standards,2026-09-07
IS 302 : Part 2 : Sec 12 : 1993,"Safety of household and similar electrical appliances: Part 2 Particular requirements, Section 12 Warming plates and similar appliances",,,,,,,,,,,https://standards.bis.gov.in/website/know-your-standards,https://standardsbis.bsbedge.com/,safety;household;similar;electrical;appliances;particular;section;warming;plates,Know Your Standard - Bureau of Indian Standards,https://standards.bis.gov.in/website/know-your-standards,2026-09-07
IS 302 : Part 2 : Sec 14 : 2009,Safety of household and similar electrical appliances: Part 2 Particular requirements. Section 14 Electric kitchen machines,,,,,,,,,,,https://standards.bis.gov.in/website/know-your-standards,https://standardsbis.bsbedge.com/,safety;household;similar;electrical;appliances;particular;section;electric;kitchen;machines,Know Your Standard - Bureau of Indian Standards,https://standards.bis.gov.in/website/know-your-standards,2026-09-07
IS 302 : Part 2 : Sec 15 : 2009,Safety of household and similar electrical appliances: Part 2 Particular requirements: Section 15 Appliances for heating liquids,,,,,,,,,,,https://standards.bis.gov.in/website/know-your-standards,https://standardsbis.bsbedge.com/,safety;household;similar;electrical;appliances;particular;section;heating;liquids,Know Your Standard - Bureau of Indian Standards,https://standards.bis.gov.in/website/know-your-standards,2026-09-07
IS 302 : Part 2 : Sec 24 : 1994,"Safety of household and similar electrical appliances:Part 2 Particular requirements Sec 24 Refrigerators, food freezers and ice makers",,,,,,,,,,,https://standards.bis.gov.in/website/know-your-standards,https://standardsbis.bsbedge.com/,safety;household;similar;electrical;appliances;particular;sec;refrigerators;food;freezers;ice;makers,Know Your Standard - Bureau of Indian Standards,https://standards.bis.gov.in/website/know-your-standards,2026-09-07
IS 302 : Part 2 : Sec 25 : 2014,Safety of household and similar electrical appliances: Part 2 Particular requirements: Section 25 Microwave ovens,,,,,,,,,,,https://standards.bis.gov.in/website/know-your-standards,https://standardsbis.bsbedge.com/,safety;household;similar;electrical;appliances;particular;section;microwave;ovens,Know Your Standard - Bureau of Indian Standards,https://standards.bis.gov.in/website/know-your-standards,2026-09-07
IS 302 : Part 2 : Sec 26 - (Active) : 2014,Safety of household and similar electrical appliances: Part 2 Particular requirements Section 26 Clocks - (Vaild upto 24 January 2027),,,,,,,,,,,https://standards.bis.gov.in/website/know-your-standards,https://standardsbis.bsbedge.com/,safety;household;similar;electrical;appliances;particular;section;clocks;vaild;upto;january,Know Your Standard - Bureau of Indian Standards,https://standards.bis.gov.in/website/know-your-standards,2026-09-07
IS 302 : Part 2 : Sec 30 : 2007,"Safety of household and similar electrical appliances: Part 2 Particular requirements, Section 30 Room Heaters",,,,,,,,,,,https://standards.bis.gov.in/website/know-your-standards,https://standardsbis.bsbedge.com/,safety;household;similar;electrical;appliances;particular;section;room;heaters,Know Your Standard - Bureau of Indian Standards,https://standards.bis.gov.in/website/know-your-standards,2026-09-07
IS 302 : Part 2 : Sec 32 : 1994,Safety of household and similar electrical appliances: Part 2 Particular requirements: Section 32 Massage appliances,,,,,,,,,,,https://standards.bis.gov.in/website/know-your-standards,https://standardsbis.bsbedge.com/,safety;household;similar;electrical;appliances;particular;section;massage,Know Your Standard - Bureau of Indian Standards,https://standards.bis.gov.in/website/know-your-standards,2026-09-07
IS 302 : Part 2 : Sec 35 : 2017,Safety of Household and Similar Electrical Appliances Part 2 Particular Requirements Section 35 Electric Instantaneous Water Heaters (Second Revision),,,,,,,,,,,https://standards.bis.gov.in/website/know-your-standards,https://standardsbis.bsbedge.com/,safety;household;similar;electrical;appliances;particular;section;electric;instantaneous;water;heaters;second,Know Your Standard - Bureau of Indian Standards,https://standards.bis.gov.in/website/know-your-standards,2026-09-07
IS 302 : Part 2 : Sec 45 : 1994,"Safety of household and similar electrical appliances: Part 2 Particular requirements, Sec 45 Electric heating tools",,,,,,,,,,,https://standards.bis.gov.in/website/know-your-standards,https://standardsbis.bsbedge.com/,safety;household;similar;electrical;appliances;particular;sec;electric;heating;tools,Know Your Standard - Bureau of Indian Standards,https://standards.bis.gov.in/website/know-your-standards,2026-09-07
IS 302 : Part 2 : Sec 46 : 1993,"Safety of household and similar electrical appliances: Part 2 Particular requirements, Section 46 Electric steam cookers",,,,,,,,,,,https://standards.bis.gov.in/website/know-your-standards,https://standardsbis.bsbedge.com/,safety;household;similar;electrical;appliances;particular;section;electric;steam;cookers,Know Your Standard - Bureau of Indian Standards,https://standards.bis.gov.in/website/know-your-standards,2026-09-07
IS 302 : Part 2 : Sec 75 : 2018,Safety of Household and Similar Electrical Appliances Part 2 Particular Requirements Section 75 Commercial Dispensing Appliances and Vending Machines,,,,,,,,,,,https://standards.bis.gov.in/website/know-your-standards,https://standardsbis.bsbedge.com/,safety;household;similar;electrical;appliances;particular;section;commercial;dispensing;vending;machines,Know Your Standard - Bureau of Indian Standards,https://standards.bis.gov.in/website/know-your-standards,2026-09-07
IS 302 : Part 2 : Sec 76 : 1999,Safety of Household and Similar Electrical Appliances - Part 2 : Particular Requirements - Section 76 : Electric Fence Energizers,,,,,,,,,,,https://standards.bis.gov.in/website/know-your-standards,https://standardsbis.bsbedge.com/,safety;household;similar;electrical;appliances;particular;section;electric;fence;energizers,Know Your Standard - Bureau of Indian Standards,https://standards.bis.gov.in/website/know-your-standards,2026-09-07
IS 302 : Part 2 : Sec 201 : 2008,"Safety of household and similar electrical appliances: Part 2 Particular requirements, Section 201 Electric immersion water heater",,,,,,,,,,,https://standards.bis.gov.in/website/know-your-standards,https://standardsbis.bsbedge.com/,safety;household;similar;electrical;appliances;particular;section;electric;immersion;water;heater,Know Your Standard - Bureau of Indian Standards,https://standards.bis.gov.in/website/know-your-standards,2026-09-07
IS 302 : Part 2 : Sec 202 : 1992,"Safety of household and similar electrical appliances: Part 2 Particular requirements, Section 202 Electric stoves",,,,,,,,,,,https://standards.bis.gov.in/website/know-your-standards,https://standardsbis.bsbedge.com/,safety;household;similar;electrical;appliances;particular;section;electric;stoves,Know Your Standard - Bureau of Indian Standards,https://standards.bis.gov.in/website/know-your-standards,2026-09-07
IS 302 : Part 2 : Sec 203 : 1994,Safety of Household and Similar Electrical Appliances - Part 2 : Particular Requirements - Section 203 : Electric Call Bells and Buzzers for Indoor Use,,,,,,,,,,,https://standards.bis.gov.in/website/know-your-standards,https://standardsbis.bsbedge.com/,safety;household;similar;electrical;appliances;particular;section;electric;call;bells;buzzers;indoor,Know Your Standard - Bureau of Indian Standards,https://standards.bis.gov.in/website/know-your-standards,2026-09-07
IS 302 : Part 2 : Sec 204 : 1994,Safety of household and similar electrical appliances: Part 2 Particular requirements: Section 204 Electric water boilers,,,,,,,,,,,https://standards.bis.gov.in/website/know-your-standards,https://standardsbis.bsbedge.com/,safety;household;similar;electrical;appliances;particular;section;electric;water;boilers,Know Your Standard - Bureau of Indian Standards,https://standards.bis.gov.in/website/know-your-standards,2026-09-07
IS 482 : 1981,Reels for Covered Round Electrical Winding Wires,,,,,,,,,,,https://standards.bis.gov.in/website/know-your-standards,https://standardsbis.bsbedge.com/,reels;covered;round;electrical;winding;wires,Know Your Standard - Bureau of Indian Standards,https://standards.bis.gov.in/website/know-your-standards,2026-09-07
IS 2069 : 2025,Drums for Covered Winding Wires and Strips for Electrical Purposes - Specification,,,,,,,,,,,https://standards.bis.gov.in/website/know-your-standards,https://standardsbis.bsbedge.com/,drums;covered;winding;wires;strips;electrical;purposes,Know Your Standard - Bureau of Indian Standards,https://standards.bis.gov.in/website/know-your-standards,2026-09-07
IS 4800 : Part 1 : 1968,Enamelled round winding wires: Part 1 Conductors data,,,,,,,,,,,https://standards.bis.gov.in/website/know-your-standards,https://standardsbis.bsbedge.com/,enamelled;round;winding;wires;conductors;data,Know Your Standard - Bureau of Indian Standards,https://standards.bis.gov.in/website/know-your-standards,2026-09-07
IS 4800 : Part 2 : 1968,Enamelled round winding wires: Part 2 Maximum overall diameters,,,,,,,,,,,https://standards.bis.gov.in/website/know-your-standards,https://standardsbis.bsbedge.com/,enamelled;round;winding;wires;maximum;overall;diameters,Know Your Standard - Bureau of Indian Standards,https://standards.bis.gov.in/website/know-your-standards,2026-09-07
IS 4800 : Part 3 : 1968,Enamelled round winding wires: Part 3 Methods of tests,,,,,,,,,,,https://standards.bis.gov.in/website/know-your-standards,https://standardsbis.bsbedge.com/,enamelled;round;winding;wires,Know Your Standard - Bureau of Indian Standards,https://standards.bis.gov.in/website/know-your-standards,2026-09-07
IS 4800 : Part 4 : 1968,Enamelled round winding wires: Part 4 Wires with high mechanical properties,,,,,,,,,,,https://standards.bis.gov.in/website/know-your-standards,https://standardsbis.bsbedge.com/,enamelled;round;winding;wires;high;mechanical;properties,Know Your Standard - Bureau of Indian Standards,https://standards.bis.gov.in/website/know-your-standards,2026-09-07
IS 4800 : Part 5 : 1968,Enamelled round winding wires: Part 5 Wires for elevated temperatures,,,,,,,,,,,https://standards.bis.gov.in/website/know-your-standards,https://standardsbis.bsbedge.com/,enamelled;round;winding;wires;elevated;temperatures,Know Your Standard - Bureau of Indian Standards,https://standards.bis.gov.in/website/know-your-standards,2026-09-07
IS 4800 : Part 6 : 1968,Enamelled round winding wires: Part 6 Wires with self-fluxing properties,,,,,,,,,,,https://standards.bis.gov.in/website/know-your-standards,https://standardsbis.bsbedge.com/,enamelled;round;winding;wires;self;fluxing;properties,Know Your Standard - Bureau of Indian Standards,https://standards.bis.gov.in/website/know-your-standards,2026-09-07
IS 4800 : Part 7 : 1970,Enamelled round winding wires: Part 7 Wires with good dielectric properties under humid conditions,,,,,,,,,,,https://standards.bis.gov.in/website/know-your-standards,https://standardsbis.bsbedge.com/,enamelled;round;winding;wires;good;dielectric;properties;under;humid;conditions,Know Your Standard - Bureau of Indian Standards,https://standards.bis.gov.in/website/know-your-standards,2026-09-07
IS 4800 : Part 8 : 1970,Enamelled round winding wires: Part 8 Wires for use in refrigeration systems,,,,,,,,,,,https://standards.bis.gov.in/website/know-your-standards,https://standardsbis.bsbedge.com/,enamelled;round;winding;wires;use;refrigeration;systems,Know Your Standard - Bureau of Indian Standards,https://standards.bis.gov.in/website/know-your-standards,2026-09-07
IS 4800 : Part 9 : 1971,Enamelled round winding wires: Part 9 Wires with temperature index 180,,,,,,,,,,,https://standards.bis.gov.in/website/know-your-standards,https://standardsbis.bsbedge.com/,enamelled;round;winding;wires;temperature;index,Know Your Standard - Bureau of Indian Standards,https://standards.bis.gov.in/website/know-your-standards,2026-09-07
IS 4800 : Part 10 : 1977,Enamelled round winding wires: Part 10 Self bonding wires,,,,,,,,,,,https://standards.bis.gov.in/website/know-your-standards,https://standardsbis.bsbedge.com/,enamelled;round;winding;wires;self;bonding,Know Your Standard - Bureau of Indian Standards,https://standards.bis.gov.in/website/know-your-standards,2026-09-07
IS 4800 : Part 11 : 1981,Enamelled round winding wires: Part 11 Wires with temperature index 220,,,,,,,,,,,https://standards.bis.gov.in/website/know-your-standards,https://standardsbis.bsbedge.com/,enamelled;round;winding;wires;temperature;index,Know Your Standard - Bureau of Indian Standards,https://standards.bis.gov.in/website/know-your-standards,2026-09-07
IS 4800 : Part 12 : 1986,Enamelled round winding wires: Part 12 Self bonding wires heat or solvent bonding enamelled round copper wires with temperature index 155,,,,,,,,,,,https://standards.bis.gov.in/website/know-your-standards,https://standardsbis.bsbedge.com/,enamelled;round;winding;wires;self;bonding;heat;solvent;copper;temperature;index,Know Your Standard - Bureau of Indian Standards,https://standards.bis.gov.in/website/know-your-standards,2026-09-07
IS 4800 : Part 13 : 1989,Enamelled round winding wires: Part 13 Dual coated wires with temperature index 200,,,,,,,,,,,https://standards.bis.gov.in/website/know-your-standards,https://standardsbis.bsbedge.com/,enamelled;round;winding;wires;dual;coated;temperature;index,Know Your Standard - Bureau of Indian Standards,https://standards.bis.gov.in/website/know-your-standards,2026-09-07
IS 4800 : Part 14 : 1991,Enamelled round winding wires: Part 14 Wires with self fluxing properties and temperature index 155,,,,,,,,,,,https://standards.bis.gov.in/website/know-your-standards,https://standardsbis.bsbedge.com/,enamelled;round;winding;wires;self;fluxing;properties;temperature;index,Know Your Standard - Bureau of Indian Standards,https://standards.bis.gov.in/website/know-your-standards,2026-09-07
IS 5825 : 2024 ( IEC 60172 : 2020),Test Procedure for the Determination of the Temperature Index of Enamelled and Tape Wrapped Winding Wires,,,,,,,,,,,https://standards.bis.gov.in/website/know-your-standards,https://standardsbis.bsbedge.com/,procedure;determination;temperature;index;enamelled;tape;wrapped;winding;wires,Know Your Standard - Bureau of Indian Standards,https://standards.bis.gov.in/website/know-your-standards,2026-09-07
IS 8783 : Part 1 : 1995,Winding wires for submersible motors Part 1: Conductor data,,,,,,,,,,,https://standards.bis.gov.in/website/know-your-standards,https://standardsbis.bsbedge.com/,winding;wires;submersible;motors;conductor;data,Know Your Standard - Bureau of Indian Standards,https://standards.bis.gov.in/website/know-your-standards,2026-09-07
IS 8783 : Part 2 : 2026,Winding Wires for Submersible Motors - Specification - Part 2 Materials for Dielectric and Jacket,,,,,,,,,,,https://standards.bis.gov.in/website/know-your-standards,https://standardsbis.bsbedge.com/,winding;wires;submersible;motors;materials;dielectric;jacket,Know Your Standard - Bureau of Indian Standards,https://standards.bis.gov.in/website/know-your-standards,2026-09-07
IS 8783 : Part 2 - (Active) : 1995,Winding wires for submersible motors Part 2: Materials for dielectric and jacket - (Vaild upto 09 December 2026),,,,,,,,,,,https://standards.bis.gov.in/website/know-your-standards,https://standardsbis.bsbedge.com/,winding;wires;submersible;motors;materials;dielectric;jacket;vaild;upto;december,Know Your Standard - Bureau of Indian Standards,https://standards.bis.gov.in/website/know-your-standards,2026-09-07
IS 8783 : Part 3 - (Active) : 1995,Winding wires for submersible motors Part 3: Methods of tests - (Vaild upto 09 December 2026),,,,,,,,,,,https://standards.bis.gov.in/website/know-your-standards,https://standardsbis.bsbedge.com/,winding;wires;submersible;motors;vaild;upto;december,Know Your Standard - Bureau of Indian Standards,https://standards.bis.gov.in/website/know-your-standards,2026-09-07
IS 8783 : Part 3 : 2026,Winding Wires for Submersible Motors - Specification - Part 3 Methods of Tests,,,,,,,,,,,https://standards.bis.gov.in/website/know-your-standards,https://standardsbis.bsbedge.com/,winding;wires;submersible;motors,Know Your Standard - Bureau of Indian Standards,https://standards.bis.gov.in/website/know-your-standards,2026-09-07
IS 8783 : Part 4 : Sec 1 - (Active) : 1995,Winding Wires for Submersible Motors - Part 4 : Individual Wires - Section 1 : HR PVC Insulated Wires - (Vaild upto 09 December 2026),,,,,,,,,,,https://standards.bis.gov.in/website/know-your-standards,https://standardsbis.bsbedge.com/,winding;wires;submersible;motors;individual;section;pvc;insulated;vaild;upto;december,Know Your Standard - Bureau of Indian Standards,https://standards.bis.gov.in/website/know-your-standards,2026-09-07
IS 8783 : Part 4 : Sec 2 - (Active) : 1995,Winding Wires for Submersible Motors - Part 4 : Individual Wires - Section 2 : Crosslinked Polyethylene Insulated and Polymide jacketed wires - (Vaild upto 09 December 2026),,,,,,,,,,,https://standards.bis.gov.in/website/know-your-standards,https://standardsbis.bsbedge.com/,winding;wires;submersible;motors;individual;section;crosslinked;polyethylene;insulated;polymide;jacketed;vaild,Know Your Standard - Bureau of Indian Standards,https://standards.bis.gov.in/website/know-your-standards,2026-09-07
IS 8783 : Part 4 : Sec 3 - (Active) : 1995,Winding Wires for Submersible Motors - Part 4 : Individual Wires - Section 3 : Polyester and Polypropylene Insulated Winding Wires - (Vaild upto 09 December 2026),,,,,,,,,,,https://standards.bis.gov.in/website/know-your-standards,https://standardsbis.bsbedge.com/,winding;wires;submersible;motors;individual;section;polyester;polypropylene;insulated;vaild;upto;december,Know Your Standard - Bureau of Indian Standards,https://standards.bis.gov.in/website/know-your-standards,2026-09-07
IS 2032 : Part 22 : 1978,Graphical symbols used in electrotechnology: Part 22 Instrument transformers,,,,,,,,,,,https://standards.bis.gov.in/website/know-your-standards,https://standardsbis.bsbedge.com/,graphical;symbols;used;electrotechnology;instrument;transformers,Know Your Standard - Bureau of Indian Standards,https://standards.bis.gov.in/website/know-your-standards,2026-09-07
IS 11322 : 1985,Method for partial discharge measurement in instrument transformers,,,,,,,,,,,https://standards.bis.gov.in/website/know-your-standards,https://standardsbis.bsbedge.com/,partial;discharge;measurement;instrument;transformers,Know Your Standard - Bureau of Indian Standards,https://standards.bis.gov.in/website/know-your-standards,2026-09-07
IS 16227 : Part 1 : 2016 ( IEC 61869-1 : 2007),Instrument Transformers Part 1 General Requirements,,,,,,,,,,,https://standards.bis.gov.in/website/know-your-standards,https://standardsbis.bsbedge.com/,instrument;transformers,Know Your Standard - Bureau of Indian Standards,https://standards.bis.gov.in/website/know-your-standards,2026-09-07
IS 16227 : Part 2 : 2016 ( IEC 61869-2 : 2012),Instrument Transformers Part 2 Additional Requirements for Current Transformers,,,,,,,,,,,https://standards.bis.gov.in/website/know-your-standards,https://standardsbis.bsbedge.com/,instrument;transformers;additional;current,Know Your Standard - Bureau of Indian Standards,https://standards.bis.gov.in/website/know-your-standards,2026-09-07
IS 16227 : Part 3 : 2015 ( IEC 61869-3 : 2011),Instrument Transformers Part 3 Additional Requirements for Inductive Voltage Transformers,,,,,,,,,,,https://standards.bis.gov.in/website/know-your-standards,https://standardsbis.bsbedge.com/,instrument;transformers;additional;inductive;voltage,Know Your Standard - Bureau of Indian Standards,https://standards.bis.gov.in/website/know-your-standards,2026-09-07
IS 16227 : Part 4 : 2015 ( IEC 61869-4 : 2013),Instrument Transformers Part 4 Additional Requirements for Combined Transformers,,,,,,,,,,,https://standards.bis.gov.in/website/know-your-standards,https://standardsbis.bsbedge.com/,instrument;transformers;additional;combined,Know Your Standard - Bureau of Indian Standards,https://standards.bis.gov.in/website/know-your-standards,2026-09-07
IS 16227 : Part 5 : 2015 ( IEC 61869-5 : 2011),Instrument Transformers Part 5 Additional Requirements for Capacitors Voltage Transformers,,,,,,,,,,,https://standards.bis.gov.in/website/know-your-standards,https://standardsbis.bsbedge.com/,instrument;transformers;additional;capacitors;voltage,Know Your Standard - Bureau of Indian Standards,https://standards.bis.gov.in/website/know-your-standards,2026-09-07
IS 16227 : Part 6 : 2018 ( IEC 61869-6 : 2016),Instrument Transformers Part 6 Additional General Requirements for Low-Power Instrument Transformers,,,,,,,,,,,https://standards.bis.gov.in/website/know-your-standards,https://standardsbis.bsbedge.com/,instrument;transformers;additional;low;power,Know Your Standard - Bureau of Indian Standards,https://standards.bis.gov.in/website/know-your-standards,2026-09-07
IS 16227 : Part 9 : 2018 ( IEC 61869-9 : 2016),Instrument Transformers Part 9 Digital Interface for Instrument Transformers,,,,,,,,,,,https://standards.bis.gov.in/website/know-your-standards,https://standardsbis.bsbedge.com/,instrument;transformers;digital;interface,Know Your Standard - Bureau of Indian Standards,https://standards.bis.gov.in/website/know-your-standards,2026-09-07
IS 16227 : Part 100 : 2018 ( IEC 61869-100 : 2017),Instrument Transformers Part 100 Guidance for Application of Current Transformers in Power System Protection,,,,,,,,,,,https://standards.bis.gov.in/website/know-your-standards,https://standardsbis.bsbedge.com/,instrument;transformers;guidance;application;current;power;system;protection,Know Your Standard - Bureau of Indian Standards,https://standards.bis.gov.in/website/know-your-standards,2026-09-07
IS 16227 : Part 102 : 2018 ( IEC/TR 61869-102 : 2014),Instrument Transformers Part 102 Ferroresonance Oscillations in Substations With Inductive Voltage Transformers,,,,,,,,,,,https://standards.bis.gov.in/website/know-your-standards,https://standardsbis.bsbedge.com/,instrument;transformers;ferroresonance;oscillations;substations;inductive;voltage,Know Your Standard - Bureau of Indian Standards,https://standards.bis.gov.in/website/know-your-standards,2026-09-07
IS 16227 : Part 103 : 2018 ( IEC/TR 61869-103 : 2012),Instrument Transformers part 103 The use of instrument Transformers for power quality Measurement,,,,,,,,,,,https://standards.bis.gov.in/website/know-your-standards,https://standardsbis.bsbedge.com/,instrument;transformers;use;power;quality;measurement,Know Your Standard - Bureau of Indian Standards,https://standards.bis.gov.in/website/know-your-standards,2026-09-07
IS/IEC 60044 : Part 1 : 2003 ( IEC 60044 : Part1),Instrument Transformers Part 1 Current Transformers,,,,,,,,,,,https://standards.bis.gov.in/website/know-your-standards,https://standardsbis.bsbedge.com/,instrument;transformers;current,Know Your Standard - Bureau of Indian Standards,https://standards.bis.gov.in/website/know-your-standards,2026-09-07
IS/IEC 60044 : Part 7 : 1999 ( IEC 60044 : Part 7 : 1999),Instrument Transformers Part 7 Electronic Voltage Transformers,,,,,,,,,,,https://standards.bis.gov.in/website/know-your-standards,https://standardsbis.bsbedge.com/,instrument;transformers;electronic;voltage,Know Your Standard - Bureau of Indian Standards,https://standards.bis.gov.in/website/know-your-standards,2026-09-07
IS/IEC 60044 : Part 8 : 2002 ( IEC 60044 : Part 8 : 2002),Instrument Transformers Part 8 Electronic Current Transformers,,,,,,,,,,,https://standards.bis.gov.in/website/know-your-standards,https://standardsbis.bsbedge.com/,instrument;transformers;electronic;current,Know Your Standard - Bureau of Indian Standards,https://standards.bis.gov.in/website/know-your-standards,2026-09-07
IS 2121 : Part 1 : 1981,"Conductors and earth wire accessories for overhead power lines: Part 1 Armour rods, binding wires and tapes for conductors",,,,,,,,,,,https://standards.bis.gov.in/website/know-your-standards,https://standardsbis.bsbedge.com/,conductors;earth;wire;accessories;overhead;power;lines;armour;rods;binding;wires;tapes,Know Your Standard - Bureau of Indian Standards,https://standards.bis.gov.in/website/know-your-standards,2026-09-07
IS 2121 : Part 2 : 1981,Conductors and earth wire accessories for overhead power lines: Part 2 Mid span joints and repair sleeves for conductors,,,,,,,,,,,https://standards.bis.gov.in/website/know-your-standards,https://standardsbis.bsbedge.com/,conductors;earth;wire;accessories;overhead;power;lines;mid;span;joints;repair;sleeves,Know Your Standard - Bureau of Indian Standards,https://standards.bis.gov.in/website/know-your-standards,2026-09-07
IS 12233 : Part 1 : Sec 2 : 1987,Electromagnetic Interference Characteristics of Overhead Power Lines and High-voltage Equipment: Part 1 Description Of Phenomena: Sec 2 Effects of Corona from Conductors,,,,,,,,,,,https://standards.bis.gov.in/website/know-your-standards,https://standardsbis.bsbedge.com/,electromagnetic;interference;characteristics;overhead;power;lines;high;voltage;equipment;description;phenomena;sec,Know Your Standard - Bureau of Indian Standards,https://standards.bis.gov.in/website/know-your-standards,2026-09-07
IS/IEC 127 : PART 1 : 1988,Miniature Fuses - Part 1 : Definition for Miniature Fuses and General Requirements for Miniature Fuse Links,,,,,,,,,,,https://standards.bis.gov.in/website/know-your-standards,https://standardsbis.bsbedge.com/,miniature;fuses;definition;fuse;links,Know Your Standard - Bureau of Indian Standards,https://standards.bis.gov.in/website/know-your-standards,2026-09-07
IS/IEC 127 : PART 2 : 1989,Miniature Fuses - Part 2 : Cartridge Fuse Links,,,,,,,,,,,https://standards.bis.gov.in/website/know-your-standards,https://standardsbis.bsbedge.com/,miniature;fuses;cartridge;fuse;links,Know Your Standard - Bureau of Indian Standards,https://standards.bis.gov.in/website/know-your-standards,2026-09-07
IS/IEC 127 : PART 5 : 1988 ( IEC 127 : Part 5 : 1988),Miniature fuses : Part 5 Guidelines for quality assessment of miniature fuse-links,,,,,,,,,,,https://standards.bis.gov.in/website/know-your-standards,https://standardsbis.bsbedge.com/,miniature;fuses;guidelines;quality;assessment;fuse;links,Know Your Standard - Bureau of Indian Standards,https://standards.bis.gov.in/website/know-your-standards,2026-09-07
IS/IEC 127 : PART 6 : 1994 ( IEC 127 : Part 6 : 1994),Miniature Fuses - Part 6 : Fuse Holders for Miniature Cartridge Fuse Links,,,,,,,,,,,https://standards.bis.gov.in/website/know-your-standards,https://standardsbis.bsbedge.com/,miniature;fuses;fuse;holders;cartridge;links,Know Your Standard - Bureau of Indian Standards,https://standards.bis.gov.in/website/know-your-standards,2026-09-07
IS 2086 : 1993,Carriers and bases used in rewirable type electric fuses for voltages upto 650V,,,,,,,,,,,https://standards.bis.gov.in/website/know-your-standards,https://standardsbis.bsbedge.com/,carriers;bases;used;rewirable;type;electric;fuses;voltages;upto,Know Your Standard - Bureau of Indian Standards,https://standards.bis.gov.in/website/know-your-standards,2026-09-07
IS 3106 : 1996,"Code of practice for selection, installation, maintenance of fuses (voltage not exceeding 650 volts)",,,,,,,,,,,https://standards.bis.gov.in/website/know-your-standards,https://standardsbis.bsbedge.com/,selection;installation;maintenance;fuses;voltage;not;exceeding;volts,Know Your Standard - Bureau of Indian Standards,https://standards.bis.gov.in/website/know-your-standards,2026-09-07
IS 4047 : 1967,Heavy duty air-break switches and composite units of air-break switches and fuses for voltages not exceeding 1000 volts,,,,,,,,,,,https://standards.bis.gov.in/website/know-your-standards,https://standardsbis.bsbedge.com/,heavy;duty;air;break;switches;composite;units;fuses;voltages;not;exceeding;volts,Know Your Standard - Bureau of Indian Standards,https://standards.bis.gov.in/website/know-your-standards,2026-09-07
IS 5792 : 1970,High Voltage Expulsion And Similar Fuses,,,,,,,,,,,https://standards.bis.gov.in/website/know-your-standards,https://standardsbis.bsbedge.com/,high;voltage;expulsion;similar;fuses,Know Your Standard - Bureau of Indian Standards,https://standards.bis.gov.in/website/know-your-standards,2026-09-07
IS 6609 : Part 4 : 2020,Methods of test for commercial blasting explosives and accessories: Part IV Detonating fuses,,,,,,,,,,,https://standards.bis.gov.in/website/know-your-standards,https://standardsbis.bsbedge.com/,commercial;blasting;explosives;accessories;detonating;fuses,Know Your Standard - Bureau of Indian Standards,https://standards.bis.gov.in/website/know-your-standards,2026-09-07
IS 6609 : Part 5 : 1972,Methods of test for commercial blasting explosives and accessories: Part V Safety fuses,,,,,,,,,,,https://standards.bis.gov.in/website/know-your-standards,https://standardsbis.bsbedge.com/,commercial;blasting;explosives;accessories;safety;fuses,Know Your Standard - Bureau of Indian Standards,https://standards.bis.gov.in/website/know-your-standards,2026-09-07
IS 7526 : 1996,Detonating Fuses,,,,,,,,,,,https://standards.bis.gov.in/website/know-your-standards,https://standardsbis.bsbedge.com/,detonating;fuses,Know Your Standard - Bureau of Indian Standards,https://standards.bis.gov.in/website/know-your-standards,2026-09-07
IS 8187 : 1976,D-type fuses,,,,,,,,,,,https://standards.bis.gov.in/website/know-your-standards,https://standardsbis.bsbedge.com/,type;fuses,Know Your Standard - Bureau of Indian Standards,https://standards.bis.gov.in/website/know-your-standards,2026-09-07
IS 8724 : 1978,Dimensions of carrier and bases used in rewirable fuses,,,,,,,,,,,https://standards.bis.gov.in/website/know-your-standards,https://standardsbis.bsbedge.com/,dimensions;carrier;bases;used;rewirable;fuses,Know Your Standard - Bureau of Indian Standards,https://standards.bis.gov.in/website/know-your-standards,2026-09-07
IS 9224 : Part 1 : 1979,Low Voltage Fuses: Part 1 General Requirements,,,,,,,,,,,https://standards.bis.gov.in/website/know-your-standards,https://standardsbis.bsbedge.com/,low;voltage;fuses,Know Your Standard - Bureau of Indian Standards,https://standards.bis.gov.in/website/know-your-standards,2026-09-07
IS 9224 : Part 2 : 1979,Low voltage fuses: Part 2 Supplementary requirements for fuses for industrial applications,,,,,,,,,,,https://standards.bis.gov.in/website/know-your-standards,https://standardsbis.bsbedge.com/,low;voltage;fuses;supplementary;industrial;applications,Know Your Standard - Bureau of Indian Standards,https://standards.bis.gov.in/website/know-your-standards,2026-09-07
IS 9224 : Part 4 : 1980,Low voltage fuses: Part 4 Supplementary requirements for fuse-links for the protection of semiconductor devices,,,,,,,,,,,https://standards.bis.gov.in/website/know-your-standards,https://standardsbis.bsbedge.com/,low;voltage;fuses;supplementary;fuse;links;protection;semiconductor;devices,Know Your Standard - Bureau of Indian Standards,https://standards.bis.gov.in/website/know-your-standards,2026-09-07
IS 9385 : Part 1 : 2024 ( IEC 60282-1 : 2020),High-Voltage Fuses - Part 1 Current-Limiting Fuses,,,,,,,,,,,https://standards.bis.gov.in/website/know-your-standards,https://standardsbis.bsbedge.com/,high;voltage;fuses;current;limiting,Know Your Standard - Bureau of Indian Standards,https://standards.bis.gov.in/website/know-your-standards,2026-09-07
IS 9385 : Part 2 : 2018 ( IEC 60282-2 : 2008),High - Voltage fuses Part 2 Expulsion fuses (First Revision),,,,,,,,,,,https://standards.bis.gov.in/website/know-your-standards,https://standardsbis.bsbedge.com/,high;voltage;fuses;expulsion;first;revision,Know Your Standard - Bureau of Indian Standards,https://standards.bis.gov.in/website/know-your-standards,2026-09-07
IS 9385 : Part 3 : 1980,High voltage fuses: Part 3 Application guide for high voltage fuses,,,,,,,,,,,https://standards.bis.gov.in/website/know-your-standards,https://standardsbis.bsbedge.com/,high;voltage;fuses;application;guide,Know Your Standard - Bureau of Indian Standards,https://standards.bis.gov.in/website/know-your-standards,2026-09-07
IS 9385 : Part 4 : 1983,High voltage fuses: Part 4 Determination of short-circuit power factor for testing of high voltage fuses,,,,,,,,,,,https://standards.bis.gov.in/website/know-your-standards,https://standardsbis.bsbedge.com/,high;voltage;fuses;determination;short;circuit;power;factor;testing,Know Your Standard - Bureau of Indian Standards,https://standards.bis.gov.in/website/know-your-standards,2026-09-07
IS 9385 : Part 5 : 1983,High voltage fuses: Part 5 Types and dimensions of fuse-links for current limiting fuses,,,,,,,,,,,https://standards.bis.gov.in/website/know-your-standards,https://standardsbis.bsbedge.com/,high;voltage;fuses;types;dimensions;fuse;links;current;limiting,Know Your Standard - Bureau of Indian Standards,https://standards.bis.gov.in/website/know-your-standards,2026-09-07
IS 9385 : Part 6 : 2025 ( IEC 60282-4 : 2020),High-Voltage Fuses - Part 6 Additional Testing Requirements for High-Voltage Expulsion Fuses Utilizing Polymeric Insulators,,,,,,,,,,,https://standards.bis.gov.in/website/know-your-standards,https://standardsbis.bsbedge.com/,high;voltage;fuses;additional;testing;expulsion;utilizing;polymeric;insulators,Know Your Standard - Bureau of Indian Standards,https://standards.bis.gov.in/website/know-your-standards,2026-09-07
IS 9402 : 2024 ( IEC 60549 : 2013),High-Voltage Fuses for the External Protection of Shunt Capacitors,,,,,,,,,,,https://standards.bis.gov.in/website/know-your-standards,https://standardsbis.bsbedge.com/,high;voltage;fuses;external;protection;shunt;capacitors,Know Your Standard - Bureau of Indian Standards,https://standards.bis.gov.in/website/know-your-standards,2026-09-07
IS 9835 : PART 3 : 2012 ( IEC 60143-3 : 1998),Series Capacitors for Power Systems Part 3 Internal Fuses,,,,,,,,,,,https://standards.bis.gov.in/website/know-your-standards,https://standardsbis.bsbedge.com/,series;capacitors;power;systems;internal;fuses,Know Your Standard - Bureau of Indian Standards,https://standards.bis.gov.in/website/know-your-standards,2026-09-07
IS 9926 : 1981,Fuse wires used in rewirable type electric fuses upto 650 volts,,,,,,,,,,,https://standards.bis.gov.in/website/know-your-standards,https://standardsbis.bsbedge.com/,fuse;wires;used;rewirable;type;electric;fuses;upto;volts,Know Your Standard - Bureau of Indian Standards,https://standards.bis.gov.in/website/know-your-standards,2026-09-07
IS 16589 : Part 4 : 2017 ( IEC 61400-4 : 2012),Wind Turbines Part 4 Design Requirements for Wind Turbine Gearboxes,,,,,,,,,,,https://standards.bis.gov.in/website/know-your-standards,https://standardsbis.bsbedge.com/,wind;turbines;design;turbine;gearboxes,Know Your Standard - Bureau of Indian Standards,https://standards.bis.gov.in/website/know-your-standards,2026-09-07
IS 16589 : Part 11 : 2018 ( IEC 61400-11 : 2012),Wind Turbines Part 11 Acoustic Noise Measurement Techniques,,,,,,,,,,,https://standards.bis.gov.in/website/know-your-standards,https://standardsbis.bsbedge.com/,wind;turbines;acoustic;noise;measurement;techniques,Know Your Standard - Bureau of Indian Standards,https://standards.bis.gov.in/website/know-your-standards,2026-09-07
IS 18596 : Part 7 : Sec 2 : 2024 ( IEC TS 62257-7-2 : 2022),Recommendations for Renewable Energy and Hybrid Systems for Rural Electrification - Part 7 Generators - Section 2 Off-grid Wind Turbines,,,,,,,,,,,https://standards.bis.gov.in/website/know-your-standards,https://standardsbis.bsbedge.com/,recommendations;renewable;energy;hybrid;systems;rural;electrification;generators;section;off;grid;wind,Know Your Standard - Bureau of Indian Standards,https://standards.bis.gov.in/website/know-your-standards,2026-09-07
IS/IEC 61400 : Part 13 : 2015 ( IEC 61400-13 : 2015),Wind Turbines - Part 13 Measurement of Mechanical Loads,,,,,,,,,,,https://standards.bis.gov.in/website/know-your-standards,https://standardsbis.bsbedge.com/,wind;turbines;measurement;mechanical;loads,Know Your Standard - Bureau of Indian Standards,https://standards.bis.gov.in/website/know-your-standards,2026-09-07
IS/IEC 61400 : Part 12 : 2022 ( IEC 61400-12 : 2022),Wind Energy Generation Systems - Part 12 Power Performance Measurements of Electricity Producing Wind Turbines - Overview,,,,,,,,,,,https://standards.bis.gov.in/website/know-your-standards,https://standardsbis.bsbedge.com/,wind;energy;generation;systems;power;performance;measurements;electricity;producing;turbines;overview,Know Your Standard - Bureau of Indian Standards,https://standards.bis.gov.in/website/know-your-standards,2026-09-07
IS/IEC 61400 : Part 12 : Sec 4 : 2020 ( IEC TR 61400-12-4 : 2020),Wind Energy Generation Systems - Part 12 Power Performance - Section 4 Numerical Site Calibration for Power Performance Testing of Wind Turbines,,,,,,,,,,,https://standards.bis.gov.in/website/know-your-standards,https://standardsbis.bsbedge.com/,wind;energy;generation;systems;power;performance;section;numerical;site;calibration;testing;turbines,Know Your Standard - Bureau of Indian Standards,https://standards.bis.gov.in/website/know-your-standards,2026-09-07
IS/IEC 61400 : Part 12 : Sec 6 : 2022 ( IEC 61400-12-6:2022),Wind Energy Generation Systems - Part 12-6: Measurement Based Nacelle Transfer Function Of Electricity Producing Wind Turbines,,,,,,,,,,,https://standards.bis.gov.in/website/know-your-standards,https://standardsbis.bsbedge.com/,wind;energy;generation;systems;measurement;based;nacelle;transfer;function;electricity;producing;turbines,Know Your Standard - Bureau of Indian Standards,https://standards.bis.gov.in/website/know-your-standards,2026-09-07
IS/IEC/TS 61400 : Part 14 : 2005 ( IEC 61400-14:2005),Wind Turbines Part 14: Declaration of Apparent Sound Power Level and Tonality values,,,,,,,,,,,https://standards.bis.gov.in/website/know-your-standards,https://standardsbis.bsbedge.com/,wind;turbines;declaration;apparent;sound;power;level;tonality;values,Know Your Standard - Bureau of Indian Standards,https://standards.bis.gov.in/website/know-your-standards,2026-09-07
IS/IEC 61400 : Part 2 : 2013 ( IEC 61400-2 : 2013),Wind Turbines - Part 2 Small Wind Turbines,,,,,,,,,,,https://standards.bis.gov.in/website/know-your-standards,https://standardsbis.bsbedge.com/,wind;turbines;small,Know Your Standard - Bureau of Indian Standards,https://standards.bis.gov.in/website/know-your-standards,2026-09-07
IS/IEC 61400 : Part 21 : Sec 1 : 2019 ( IEC 61400-21-1 : 2019),Wind Energy Generation Systems - Part 21 Measurement and Assessment of Electrical Characteristics - Section 1 Wind Turbines,,,,,,,,,,,https://standards.bis.gov.in/website/know-your-standards,https://standardsbis.bsbedge.com/,wind;energy;generation;systems;measurement;assessment;electrical;characteristics;section;turbines,Know Your Standard - Bureau of Indian Standards,https://standards.bis.gov.in/website/know-your-standards,2026-09-07
IS/IEC 61400 : Part 21 : 2008 ( IEC 61400 : Part 21 : 2008),Wind Turbines Part 21 Measurement and Assessment of Power Quality Characteristics of Grid Connected Wind Turbines,,,,,,,,,,,https://standards.bis.gov.in/website/know-your-standards,https://standardsbis.bsbedge.com/,wind;turbines;measurement;assessment;power;quality;characteristics;grid;connected,Know Your Standard - Bureau of Indian Standards,https://standards.bis.gov.in/website/know-your-standards,2026-09-07
IS/IEC 61400 : Part 22 : 2010 ( IEC 61400 : Part 22 : 2010),Wind Turbines Part 22 Conformity Testing and Certification,,,,,,,,,,,https://standards.bis.gov.in/website/know-your-standards,https://standardsbis.bsbedge.com/,wind;turbines;conformity;testing;certification,Know Your Standard - Bureau of Indian Standards,https://standards.bis.gov.in/website/know-your-standards,2026-09-07
IS/IEC 61400 : Part 23 : 2014 ( IEC 61400-23 : 2014),Wind Turbines Part 23 Full-Scale Structural Testing of Rotor Blades,,,,,,,,,,,https://standards.bis.gov.in/website/know-your-standards,https://standardsbis.bsbedge.com/,wind;turbines;full;scale;structural;testing;rotor;blades,Know Your Standard - Bureau of Indian Standards,https://standards.bis.gov.in/website/know-your-standards,2026-09-07
IS/IEC 61400 : Part 25 : Sec 1 : 2017 ( IEC 61400-25-1 : 2017),Wind Turbines Part 25 Communications for Monitoring and Control of Wind Power Plants Section 1 Overall description of principles and models,,,,,,,,,,,https://standards.bis.gov.in/website/know-your-standards,https://standardsbis.bsbedge.com/,wind;turbines;communications;monitoring;control;power;plants;section;overall;description;principles;models,Know Your Standard - Bureau of Indian Standards,https://standards.bis.gov.in/website/know-your-standards,2026-09-07
IS/IEC 61400 : Part 25 : Sec 2 : 2015 ( IEC 61400-25-2 : 2015),Wind Turbines Part 25 Communications for Monitoring and Control of Wind Power Plants Section 2 Information model,,,,,,,,,,,https://standards.bis.gov.in/website/know-your-standards,https://standardsbis.bsbedge.com/,wind;turbines;communications;monitoring;control;power;plants;section;information;model,Know Your Standard - Bureau of Indian Standards,https://standards.bis.gov.in/website/know-your-standards,2026-09-07
IS/IEC 61400 : Part 25 : Sec 3 : 2015 ( IEC 61400-25-3 : 2015),Wind Turbines Part 25 Communications for Monitoring and Control of Wind Power Plants Section 3 Information exchange models,,,,,,,,,,,https://standards.bis.gov.in/website/know-your-standards,https://standardsbis.bsbedge.com/,wind;turbines;communications;monitoring;control;power;plants;section;information;exchange;models,Know Your Standard - Bureau of Indian Standards,https://standards.bis.gov.in/website/know-your-standards,2026-09-07
IS/IEC 61400 : Part 25 : Sec 4 : 2016 ( IEC 61400 : Part 25 : Sec 4 : 2016),Wind Turbines Part 25 Communications for Monitoring and Control of Wind Power Plants Section 4 Mapping to communication profile,,,,,,,,,,,https://standards.bis.gov.in/website/know-your-standards,https://standardsbis.bsbedge.com/,wind;turbines;communications;monitoring;control;power;plants;section;mapping;communication;profile,Know Your Standard - Bureau of Indian Standards,https://standards.bis.gov.in/website/know-your-standards,2026-09-07
IS/IEC 61400 : Part 25 : Sec 5 : 2017 ( IEC61400-25-5 : 2017),Wind Turbines Part 25 Communications for Monitoring and Control of Wind Power Plants Section 5 Compliance testing,,,,,,,,,,,https://standards.bis.gov.in/website/know-your-standards,https://standardsbis.bsbedge.com/,wind;turbines;communications;monitoring;control;power;plants;section;compliance;testing,Know Your Standard - Bureau of Indian Standards,https://standards.bis.gov.in/website/know-your-standards,2026-09-07
IS/IEC 61400 : Part 25 : Sec 6 : 2016 ( IEC 61400 : Part 25 : Sec 6 : 2016),Wind Turbines Part 25 Communications for Monitoring and Control of Wind Power Plants Section 6 Logical node classes and data classes for condition monitoring,,,,,,,,,,,https://standards.bis.gov.in/website/know-your-standards,https://standardsbis.bsbedge.com/,wind;turbines;communications;monitoring;control;power;plants;section;logical;node;classes;data,Know Your Standard - Bureau of Indian Standards,https://standards.bis.gov.in/website/know-your-standards,2026-09-07
IS/IEC/TS 61400 : Part 29 : 2023 ( IEC TS 61400-29 : 2023),Wind Energy Generation Systems - Part 29 Marking and Lighting of Wind Turbines,,,,,,,,,,,https://standards.bis.gov.in/website/know-your-standards,https://standardsbis.bsbedge.com/,wind;energy;generation;systems;marking;lighting;turbines,Know Your Standard - Bureau of Indian Standards,https://standards.bis.gov.in/website/know-your-standards,2026-09-07
IS/IEC 61400 : Part 3 : Sec 1 : 2019 ( IEC 61400-3-1 : 2019),Wind Energy Generation Systems - Part 3 Design Requirements - Section 1 Fixed Offshore Wind Turbines,,,,,,,,,,,https://standards.bis.gov.in/website/know-your-standards,https://standardsbis.bsbedge.com/,wind;energy;generation;systems;design;section;fixed;offshore;turbines,Know Your Standard - Bureau of Indian Standards,https://standards.bis.gov.in/website/know-your-standards,2026-09-07
IS/IEC 61400 : Part 12 : Sec 1 : 2022 ( IEC 61400-12-1 : 2022),Wind Energy Generation Systems - Part 12 Electricity Producing Wind Turbines - Section 1 Power Performance Measurements,,,,,,,,,,,https://standards.bis.gov.in/website/know-your-standards,https://standardsbis.bsbedge.com/,wind;energy;generation;systems;electricity;producing;turbines;section;power;performance;measurements,Know Your Standard - Bureau of Indian Standards,https://standards.bis.gov.in/website/know-your-standards,2026-09-07
IS/IEC 61400 : Part 12 : Sec 2 : 2022 ( IEC 61400-12-2 : 2022),Wind Energy Generation Systems - Part 12 Power Performance - Section 2 Electricity Producing Wind Turbines Based on Nacelle Anemometry,,,,,,,,,,,https://standards.bis.gov.in/website/know-your-standards,https://standardsbis.bsbedge.com/,wind;energy;generation;systems;power;performance;section;electricity;producing;turbines;based;nacelle,Know Your Standard - Bureau of Indian Standards,https://standards.bis.gov.in/website/know-your-standards,2026-09-07
IS 10386 : Part 3 : 2014,"Safety Code for Construction, Operation and Maintenance of River Valley Projects Part 3 Plant and Machinery ( First Revision )",,,,,,,,,,,https://standards.bis.gov.in/website/know-your-standards,https://standardsbis.bsbedge.com/,safety;construction;operation;maintenance;river;valley;projects;plant;machinery;first;revision,Know Your Standard - Bureau of Indian Standards,https://standards.bis.gov.in/website/know-your-standards,2026-09-07
IS/ISO/TR 14121 : Part 2 : 2012 ( ISO/TR 14121-2 : 2012),Safety of Machinery - Risk Assessment - Part 2 Practical Guidance and Examples of Methods,,,,,,,,,,,https://standards.bis.gov.in/website/know-your-standards,https://standardsbis.bsbedge.com/,safety;machinery;risk;assessment;practical;guidance;examples,Know Your Standard - Bureau of Indian Standards,https://standards.bis.gov.in/website/know-your-standards,2026-09-07
IS 15836 : Part 1 : 2008 ( ISO 15534-1 : 2000),Ergonomic design for the safety of machinery : Part 1 Principles for determining the dimensions required for openings for whole-body access into machinery,,,,,,,,,,,https://standards.bis.gov.in/website/know-your-standards,https://standardsbis.bsbedge.com/,ergonomic;design;safety;machinery;principles;determining;dimensions;required;openings;whole;body;access,Know Your Standard - Bureau of Indian Standards,https://standards.bis.gov.in/website/know-your-standards,2026-09-07
IS 15836 : Part 2 : 2008 ( ISO 15534-2 : 2000),Ergonomic design for the safety of machinery : Part 2 Principles for determining the dimensions required for access openings,,,,,,,,,,,https://standards.bis.gov.in/website/know-your-standards,https://standardsbis.bsbedge.com/,ergonomic;design;safety;machinery;principles;determining;dimensions;required;access;openings,Know Your Standard - Bureau of Indian Standards,https://standards.bis.gov.in/website/know-your-standards,2026-09-07
IS 15836 : Part 3 : 2025,Ergonomic Design for the Safety of Machinery - Part 3 Anthropometric Data,,,,,,,,,,,https://standards.bis.gov.in/website/know-your-standards,https://standardsbis.bsbedge.com/,ergonomic;design;safety;machinery;anthropometric;data,Know Your Standard - Bureau of Indian Standards,https://standards.bis.gov.in/website/know-your-standards,2026-09-07
IS 16501 : 2023 ( IEC 62061 : 2021),Safety Of Machinery Functional Safety Of Safety-Related Control Systems,,,,,,,,,,,https://standards.bis.gov.in/website/know-your-standards,https://standardsbis.bsbedge.com/,safety;machinery;functional;related;control;systems,Know Your Standard - Bureau of Indian Standards,https://standards.bis.gov.in/website/know-your-standards,2026-09-07
IS 16502 : Part 1 : 2023 ( IEC 61496-1 : 2020),Safety of Machinery-Electro- Sensitive Protective Equipment - Part 1 General Requirements and Tests,,,,,,,,,,,https://standards.bis.gov.in/website/know-your-standards,https://standardsbis.bsbedge.com/,safety;machinery;electro;sensitive;protective;equipment,Know Your Standard - Bureau of Indian Standards,https://standards.bis.gov.in/website/know-your-standards,2026-09-07
IS 16502 : Part 2 : 2023 ( IEC 61496-2:2020),Safety Of Machinery Electro-Sensitive Protective Equipment Part 2 Particular Requirements For Equipment Using Active Opto-Electronic Protective Devices Aopds,,,,,,,,,,,https://standards.bis.gov.in/website/know-your-standards,https://standardsbis.bsbedge.com/,safety;machinery;electro;sensitive;protective;equipment;particular;using;active;opto;electronic;devices,Know Your Standard - Bureau of Indian Standards,https://standards.bis.gov.in/website/know-your-standards,2026-09-07
IS 16502 : Part 3 : 2020 ( IEC 61496-3 : 2018),Safety of Machinery — Electro- Sensitive Protective Equipment Part 3 Particular Requirements for Active Opto-electronic Protective Devices Responsive to Diffuse Reflection ( AOPDDR ),,,,,,,,,,,https://standards.bis.gov.in/website/know-your-standards,https://standardsbis.bsbedge.com/,safety;machinery;electro;sensitive;protective;equipment;particular;active;opto;electronic;devices;responsive,Know Your Standard - Bureau of Indian Standards,https://standards.bis.gov.in/website/know-your-standards,2026-09-07
IS 16502 : Part 5 : 2026 ( IEC TS 61496-5 : 2023),Safety of Machinery - Electro-Sensitive Protective Equipment - Part 5 Particular Requirements for Radar-Based Protective Devices,,,,,,,,,,,https://standards.bis.gov.in/website/know-your-standards,https://standardsbis.bsbedge.com/,safety;machinery;electro;sensitive;protective;equipment;particular;radar;based;devices,Know Your Standard - Bureau of Indian Standards,https://standards.bis.gov.in/website/know-your-standards,2026-09-07
IS 16502 : Part 4 : Sec 2 : 2024 ( IEC TS 61496-4-2 : 2022),Safety of Machinery-Electro-Sensitive Protective Equipment - Part 4 Particular Requirements for Equipment Using Vision Based Protective Devices (VBPD) - Section 2 Additional Requirements When Using Reference Pattern Techniques (VBPDPP),,,,,,,,,,,https://standards.bis.gov.in/website/know-your-standards,https://standardsbis.bsbedge.com/,safety;machinery;electro;sensitive;protective;equipment;particular;using;vision;based;devices;vbpd,Know Your Standard - Bureau of Indian Standards,https://standards.bis.gov.in/website/know-your-standards,2026-09-07
IS 16502 : Part 4 : Sec 3 : 2024 ( IEC TS 61496-4-3 : 2022),Safety of Machinery - Electro-Sensitive Protective Equipment - Part 4 Particular Requirements for Equipment Using Vision Based Protective Devices (VBPD) - Section 3 Additional Requirements When Using Stereo Vision Techniques (VBPDST),,,,,,,,,,,https://standards.bis.gov.in/website/know-your-standards,https://standardsbis.bsbedge.com/,safety;machinery;electro;sensitive;protective;equipment;particular;using;vision;based;devices;vbpd,Know Your Standard - Bureau of Indian Standards,https://standards.bis.gov.in/website/know-your-standards,2026-09-07
IS 16503 : Part 1 : 2017 ( IEC 61310-1 : 2007),"Safety of Machinery- Indication, Marking and Actuation Part 1 Requirements for Visual, Acoustic and Tactile Signals",,,,,,,,,,,https://standards.bis.gov.in/website/know-your-standards,https://standardsbis.bsbedge.com/,safety;machinery;indication;marking;actuation;visual;acoustic;tactile;signals,Know Your Standard - Bureau of Indian Standards,https://standards.bis.gov.in/website/know-your-standards,2026-09-07
IS 16503 : Part 2 : 2017 ( IEC 61310-2 : 2007),"Safety of Machinery - Indication, Marking and Actuation Part 2 Requirements for Marking",,,,,,,,,,,https://standards.bis.gov.in/website/know-your-standards,https://standardsbis.bsbedge.com/,safety;machinery;indication;marking;actuation,Know Your Standard - Bureau of Indian Standards,https://standards.bis.gov.in/website/know-your-standards,2026-09-07
IS 16503 : Part 3 : 2017 ( IEC 61310-3 : 2007),"Safety of Machinery- Indication, Marking and Actuation Part 3 Requirements for the Location and Operation of Actuators",,,,,,,,,,,https://standards.bis.gov.in/website/know-your-standards,https://standardsbis.bsbedge.com/,safety;machinery;indication;marking;actuation;location;operation;actuators,Know Your Standard - Bureau of Indian Standards,https://standards.bis.gov.in/website/know-your-standards,2026-09-07
IS 16504 : Part 1 : 2019 ( IEC 60204-1 : 2016),Safety of Machinery — Electrical Equipment of Machines Part 1 General Requirements ( First Revision ),,,,,,,,,,,https://standards.bis.gov.in/website/know-your-standards,https://standardsbis.bsbedge.com/,safety;machinery;electrical;equipment;machines;first;revision,Know Your Standard - Bureau of Indian Standards,https://standards.bis.gov.in/website/know-your-standards,2026-09-07
IS 16504 : Part 32 : 2026 ( IEC 60204-32 : 2023),Safety of Machinery - Electrical Equipment of Machines - Part 32 Requirements for Hoisting Machines,,,,,,,,,,,https://standards.bis.gov.in/website/know-your-standards,https://standardsbis.bsbedge.com/,safety;machinery;electrical;equipment;machines;hoisting,Know Your Standard - Bureau of Indian Standards,https://standards.bis.gov.in/website/know-your-standards,2026-09-07
IS 16504 : Part 11 : 2020 ( IEC 60204-11 : 2018),Safety of Machinery - Electrical Equipment of Machines Part 11 Requirements for Equipment for Voltages above 1 000 V AC or 1 500 V DC and not Exceeding 36 kV,,,,,,,,,,,https://standards.bis.gov.in/website/know-your-standards,https://standardsbis.bsbedge.com/,safety;machinery;electrical;equipment;machines;voltages;above;not;exceeding,Know Your Standard - Bureau of Indian Standards,https://standards.bis.gov.in/website/know-your-standards,2026-09-07
IS 16504 : Part 31 : 2019 ( IEC 60204-31 : 2013),"Safety of Machinery — Electrical Equipment of Machines Part 31 Particular Safety and EMC Requirements for Sewing Machines, Units and Systems",,,,,,,,,,,https://standards.bis.gov.in/website/know-your-standards,https://standardsbis.bsbedge.com/,safety;machinery;electrical;equipment;machines;particular;emc;sewing;units;systems,Know Your Standard - Bureau of Indian Standards,https://standards.bis.gov.in/website/know-your-standards,2026-09-07
IS 16504 : Part 32 - (Active) : 2017 ( IEC 60204-32 : 2008),Safety of Machinery - Electrical Equipment of Machines - Part 32 Requirements for Hoisting Machines - (Vaild upto 18 August 2026),,,,,,,,,,,https://standards.bis.gov.in/website/know-your-standards,https://standardsbis.bsbedge.com/,safety;machinery;electrical;equipment;machines;hoisting;vaild;upto;august,Know Your Standard - Bureau of Indian Standards,https://standards.bis.gov.in/website/know-your-standards,2026-09-07
IS 16504 : Part 33 : 2019 ( IEC 60204-33 : 2009),Safety of Machinery — Electrical Equipment of Machines Part 33 Requirements for Semiconductor Fabrication Equipment,,,,,,,,,,,https://standards.bis.gov.in/website/know-your-standards,https://standardsbis.bsbedge.com/,safety;machinery;electrical;equipment;machines;semiconductor;fabrication,Know Your Standard - Bureau of Indian Standards,https://standards.bis.gov.in/website/know-your-standards,2026-09-07
IS 16504 : Part 34 : 2019 ( IEC TS 60204-34 : 2016),Safety of Machinery — Electrical Equipment of Machines Part 34 Requirements for Machine Tools,,,,,,,,,,,https://standards.bis.gov.in/website/know-your-standards,https://standardsbis.bsbedge.com/,safety;machinery;electrical;equipment;machines;machine;tools,Know Your Standard - Bureau of Indian Standards,https://standards.bis.gov.in/website/know-your-standards,2026-09-07
IS 16594 : Part 1 : 2017 ( IEC 61496-1 : 2012),Safety of Machinery - Electro-Sensitive Protective Equipment Part 1 General Requirements and Tests,,,,,,,,,,,https://standards.bis.gov.in/website/know-your-standards,https://standardsbis.bsbedge.com/,safety;machinery;electro;sensitive;protective;equipment,Know Your Standard - Bureau of Indian Standards,https://standards.bis.gov.in/website/know-your-standards,2026-09-07
IS 16806 : Part 1 : 2018 ( ISO 29042-1 : 2008),Safety of Machinery — Evaluation of the Emission of Airborne Hazardous Substances Part 1 Selection of Test Methods,,,,,,,,,,,https://standards.bis.gov.in/website/know-your-standards,https://standardsbis.bsbedge.com/,safety;machinery;evaluation;emission;airborne;hazardous;substances;selection,Know Your Standard - Bureau of Indian Standards,https://standards.bis.gov.in/website/know-your-standards,2026-09-07
IS 16806 : Part 2 : 2018 ( ISO 29042-2 : 2009),Safety of Machinery — Evaluation of the Emission of Airborne Hazardous Substances Part 2 Tracer Gas Method for the Measurement of the Emission Rate of a Given Pollutant,,,,,,,,,,,https://standards.bis.gov.in/website/know-your-standards,https://standardsbis.bsbedge.com/,safety;machinery;evaluation;emission;airborne;hazardous;substances;tracer;gas;measurement;rate;given,Know Your Standard - Bureau of Indian Standards,https://standards.bis.gov.in/website/know-your-standards,2026-09-07
IS/IEC/TR 63042 : Part 303 : 2021 ( IEC TR 63042-303 : 2021),UHV a.c. Transmission Systems - Part 303 Measurement of UHV a.c. Transmission Line Power Frequency Parameter —— Guidelines,,,,,,,,,,,https://standards.bis.gov.in/website/know-your-standards,https://standardsbis.bsbedge.com/,uhv;transmission;systems;measurement;line;power;frequency;parameter;guidelines,Know Your Standard - Bureau of Indian Standards,https://standards.bis.gov.in/website/know-your-standards,2026-09-07
IS/IEC/TR 63042 : Part 100 : 2016 ( IEC/TR 63042-100 : 2016),UHV AC TRANSMISSION SYSTEMS Part 100: General information,,,,,,,,,,,https://standards.bis.gov.in/website/know-your-standards,https://standardsbis.bsbedge.com/,uhv;transmission;systems;information,Know Your Standard - Bureau of Indian Standards,https://standards.bis.gov.in/website/know-your-standards,2026-09-07
IS/IEC/TS 63042 : part 101 : 2019 ( IEC TS 63042-101 : 2019),UHV AC Transmission Systems - Part 101 Voltage Regulation and Insulation Design,,,,,,,,,,,https://standards.bis.gov.in/website/know-your-standards,https://standardsbis.bsbedge.com/,uhv;transmission;systems;voltage;regulation;insulation;design,Know Your Standard - Bureau of Indian Standards,https://standards.bis.gov.in/website/know-your-standards,2026-09-07
IS/IEC TS 63042 : Part 102 : 2021 ( IEC TS 63042-102 : 2021),UHV a.c. Transmission Systems - Part 102 General System Design,,,,,,,,,,,https://standards.bis.gov.in/website/know-your-standards,https://standardsbis.bsbedge.com/,uhv;transmission;systems;system;design,Know Your Standard - Bureau of Indian Standards,https://standards.bis.gov.in/website/know-your-standards,2026-09-07
IS/IEC/TS 63042 : Part 201 : 2018 ( IEC TS 63042-201 : 2018),UHV AC TRANSMISSION SYSTEMS Part 201: UHV AC substation design,,,,,,,,,,,https://standards.bis.gov.in/website/know-your-standards,https://standardsbis.bsbedge.com/,uhv;transmission;systems;substation;design,Know Your Standard - Bureau of Indian Standards,https://standards.bis.gov.in/website/know-your-standards,2026-09-07
IS/IEC TS 63042 : Part 202 : 2021 ( IEC TS 63042-202 : 2021),UHV a.c. Transmission Systems - Part 202 UHV a.c. Transmission Line Design,,,,,,,,,,,https://standards.bis.gov.in/website/know-your-standards,https://standardsbis.bsbedge.com/,uhv;transmission;systems;line;design,Know Your Standard - Bureau of Indian Standards,https://standards.bis.gov.in/website/know-your-standards,2026-09-07
IS/IEC/TS 63042 : Part 301 : 2018 ( IEC/TS 63042-301 : 2018),UHV AC TRANSMISSION SYSTEMS Part 301: On-site acceptance tests,,,,,,,,,,,https://standards.bis.gov.in/website/know-your-standards,https://standardsbis.bsbedge.com/,uhv;transmission;systems;site;acceptance,Know Your Standard - Bureau of Indian Standards,https://standards.bis.gov.in/website/know-your-standards,2026-09-07
IS/IEC/TS 63042 : Part 302 : 2021 ( IEC TS 63042-302 : 2021),UHV a.c. Transmission Systems - Part 302 Commissioning,,,,,,,,,,,https://standards.bis.gov.in/website/know-your-standards,https://standardsbis.bsbedge.com/,uhv;transmission;systems;commissioning,Know Your Standard - Bureau of Indian Standards,https://standards.bis.gov.in/website/know-your-standards,2026-09-07
IS 17067 : Part 1 : 2018 ( IEC 62933-1 : 2018),Electrical Energy Storage Systems Part 1 Vocabulary,,,,,,,,,,,https://standards.bis.gov.in/website/know-your-standards,https://standardsbis.bsbedge.com/,electrical;energy;storage;systems;vocabulary,Know Your Standard - Bureau of Indian Standards,https://standards.bis.gov.in/website/know-your-standards,2026-09-07
IS 17067 : Part 2 : Sec 1 : 2019 ( IEC 62933-2-1 : 2017),Electrical Energy Storage ( EES ) Systems Part 2 Unit Parameters and Testing Methods Section 1 General specification,,,,,,,,,,,https://standards.bis.gov.in/website/know-your-standards,https://standardsbis.bsbedge.com/,electrical;energy;storage;ees;systems;unit;parameters;testing;section,Know Your Standard - Bureau of Indian Standards,https://standards.bis.gov.in/website/know-your-standards,2026-09-07
IS 17067 : Part 4 : Sec 1 : 2019 ( IEC 62933-4-1 : 2017),Electrical Energy Storage ( EES ) Systems Part 4 Guidance on Environmental Issues Section 1 General specification,,,,,,,,,,,https://standards.bis.gov.in/website/know-your-standards,https://standardsbis.bsbedge.com/,electrical;energy;storage;ees;systems;guidance;environmental;issues;section,Know Your Standard - Bureau of Indian Standards,https://standards.bis.gov.in/website/know-your-standards,2026-09-07
IS 17067 : Part 5 : Sec 2 : 2021 ( IEC 62933-5-2:2020),Electrical energy storage EES systems Part 5 Safety requirements for grid integrated EES systems Section 2 electrochemical based systems,,,,,,,,,,,https://standards.bis.gov.in/website/know-your-standards,https://standardsbis.bsbedge.com/,electrical;energy;storage;ees;systems;safety;grid;integrated;section;electrochemical;based,Know Your Standard - Bureau of Indian Standards,https://standards.bis.gov.in/website/know-your-standards,2026-09-07
IS 17067 : Part 2 : Sec 2 : 2025 ( IEC TS 62933-2-2 : 2022),Electrical Energy Storage (EES) Systems - Part 2 Unit Parameters and Testing Methods - Section 2 Application and Performance Testing,,,,,,,,,,,https://standards.bis.gov.in/website/know-your-standards,https://standardsbis.bsbedge.com/,electrical;energy;storage;ees;systems;unit;parameters;testing;section;application;performance,Know Your Standard - Bureau of Indian Standards,https://standards.bis.gov.in/website/know-your-standards,2026-09-07
IS 17092 : 2019,Electrical Energy Storage Systems: Safety Requirements,,,,,,,,,,,https://standards.bis.gov.in/website/know-your-standards,https://standardsbis.bsbedge.com/,electrical;energy;storage;systems;safety,Know Your Standard - Bureau of Indian Standards,https://standards.bis.gov.in/website/know-your-standards,2026-09-07
IS 19143 : Part 4 : Sec 4 : 2025 ( IEC 62933-4-4 : 2023),Electrical Energy Storage (EES) Systems - Part 4 Environmental Requirements - Section 4 Battery Based Energy Storage Systems BESS with Reused Batteries,,,,,,,,,,,https://standards.bis.gov.in/website/know-your-standards,https://standardsbis.bsbedge.com/,electrical;energy;storage;ees;systems;environmental;section;battery;based;bess;reused;batteries,Know Your Standard - Bureau of Indian Standards,https://standards.bis.gov.in/website/know-your-standards,2026-09-07
IS 5253 : 1969,Guidelines for cleaning and sterilizing dairy equipment,,,,,,,,,,,https://standards.bis.gov.in/website/know-your-standards,https://standardsbis.bsbedge.com/,guidelines;cleaning;sterilizing;dairy;equipment,Know Your Standard - Bureau of Indian Standards,https://standards.bis.gov.in/website/know-your-standards,2026-09-07
SP 18 : Part 8 TO 10 : 1984,ISI Handbook of Food Analysis - Part VIII : Fruits and Vegetables - Part IX : Stimulant Foods - Part X : Alcoholic Drinks and Carbonated Beverages,,,,,,,,,,,https://standards.bis.gov.in/website/know-your-standards,https://standardsbis.bsbedge.com/,isi;handbook;food;analysis;viii;fruits;vegetables;stimulant;foods;alcoholic;drinks;carbonated,Know Your Standard - Bureau of Indian Standards,https://standards.bis.gov.in/website/know-your-standards,2026-09-07
IS 3752 : 2005,Alcoholic drinks - Methods of test,,,,,,,,,,,https://standards.bis.gov.in/website/know-your-standards,https://standardsbis.bsbedge.com/,alcoholic;drinks,Know Your Standard - Bureau of Indian Standards,https://standards.bis.gov.in/website/know-your-standards,2026-09-07
IS 3753 : 2024,Alcoholic Drinks- Methods of Sampling,,,,,,,,,,,https://standards.bis.gov.in/website/know-your-standards,https://standardsbis.bsbedge.com/,alcoholic;drinks;sampling,Know Your Standard - Bureau of Indian Standards,https://standards.bis.gov.in/website/know-your-standards,2026-09-07
IS 3811 : 2024,Alcoholic Drinks - Rum - Specification,,,,,,,,,,,https://standards.bis.gov.in/website/know-your-standards,https://standardsbis.bsbedge.com/,alcoholic;drinks;rum,Know Your Standard - Bureau of Indian Standards,https://standards.bis.gov.in/website/know-your-standards,2026-09-07
"IS 3811 (Active,Concurrent Running) : 2005",Alcoholic Drinks - Rum,,,,,,,,,,,https://standards.bis.gov.in/website/know-your-standards,https://standardsbis.bsbedge.com/,alcoholic;drinks;rum,Know Your Standard - Bureau of Indian Standards,https://standards.bis.gov.in/website/know-your-standards,2026-09-07
IS 4100 : 2024,Alcoholic Drinks - Gin - Specification,,,,,,,,,,,https://standards.bis.gov.in/website/know-your-standards,https://standardsbis.bsbedge.com/,alcoholic;drinks;gin,Know Your Standard - Bureau of Indian Standards,https://standards.bis.gov.in/website/know-your-standards,2026-09-07
"IS 4100 (Active,Concurrent Running) : 2005",Alcoholic Drinks - Gin,,,,,,,,,,,https://standards.bis.gov.in/website/know-your-standards,https://standardsbis.bsbedge.com/,alcoholic;drinks;gin,Know Your Standard - Bureau of Indian Standards,https://standards.bis.gov.in/website/know-your-standards,2026-09-07
IS 4449 : 2024,Alcoholic Drinks - Whisky - Specification,,,,,,,,,,,https://standards.bis.gov.in/website/know-your-standards,https://standardsbis.bsbedge.com/,alcoholic;drinks;whisky,Know Your Standard - Bureau of Indian Standards,https://standards.bis.gov.in/website/know-your-standards,2026-09-07
"IS 4449 (Active,Concurrent Running) : 2005",Alcoholic Drinks - Whiskies,,,,,,,,,,,https://standards.bis.gov.in/website/know-your-standards,https://standardsbis.bsbedge.com/,alcoholic;drinks;whiskies,Know Your Standard - Bureau of Indian Standards,https://standards.bis.gov.in/website/know-your-standards,2026-09-07
IS 4450 : 2005,Alcoholic Drinks - Brandies,,,,,,,,,,,https://standards.bis.gov.in/website/know-your-standards,https://standardsbis.bsbedge.com/,alcoholic;drinks;brandies,Know Your Standard - Bureau of Indian Standards,https://standards.bis.gov.in/website/know-your-standards,2026-09-07
IS 5286 : 2024,Alcoholic Drinks - Vodka - Specification,,,,,,,,,,,https://standards.bis.gov.in/website/know-your-standards,https://standardsbis.bsbedge.com/,alcoholic;drinks;vodka,Know Your Standard - Bureau of Indian Standards,https://standards.bis.gov.in/website/know-your-standards,2026-09-07
"IS 5286 (Active,Concurrent Running) : 2005",Alcoholic Drinks - Vodka,,,,,,,,,,,https://standards.bis.gov.in/website/know-your-standards,https://standardsbis.bsbedge.com/,alcoholic;drinks;vodka,Know Your Standard - Bureau of Indian Standards,https://standards.bis.gov.in/website/know-your-standards,2026-09-07
IS 5287 : 2024,Alcoholic Drinks - Country Spirit (Distilled) - Specification,,,,,,,,,,,https://standards.bis.gov.in/website/know-your-standards,https://standardsbis.bsbedge.com/,alcoholic;drinks;country;spirit;distilled,Know Your Standard - Bureau of Indian Standards,https://standards.bis.gov.in/website/know-your-standards,2026-09-07
"IS 5287 (Active,Concurrent Running) : 2005",Alcoholic Drinks - Country Spirit (Distilled),,,,,,,,,,,https://standards.bis.gov.in/website/know-your-standards,https://standardsbis.bsbedge.com/,alcoholic;drinks;country;spirit;distilled,Know Your Standard - Bureau of Indian Standards,https://standards.bis.gov.in/website/know-your-standards,2026-09-07
IS 6613 : 2002,Neutral Spirit for Alcoholic Drinks,,,,,,,,,,,https://standards.bis.gov.in/website/know-your-standards,https://standardsbis.bsbedge.com/,neutral;spirit;alcoholic;drinks,Know Your Standard - Bureau of Indian Standards,https://standards.bis.gov.in/website/know-your-standards,2026-09-07
IS 8538 : 2024,Alcoholic Drinks-Toddy-Specification,,,,,,,,,,,https://standards.bis.gov.in/website/know-your-standards,https://standardsbis.bsbedge.com/,alcoholic;drinks;toddy,Know Your Standard - Bureau of Indian Standards,https://standards.bis.gov.in/website/know-your-standards,2026-09-07
"IS 8538 (Active,Concurrent Running) : 2004",Alcoholic Drinks - Toddy,,,,,,,,,,,https://standards.bis.gov.in/website/know-your-standards,https://standardsbis.bsbedge.com/,alcoholic;drinks;toddy,Know Your Standard - Bureau of Indian Standards,https://standards.bis.gov.in/website/know-your-standards,2026-09-07
IS 15588 : 2005,Alcoholic Drinks - Low Alcoholic Beverages,,,,,,,,,,,https://standards.bis.gov.in/website/know-your-standards,https://standardsbis.bsbedge.com/,alcoholic;drinks;low;beverages,Know Your Standard - Bureau of Indian Standards,https://standards.bis.gov.in/website/know-your-standards,2026-09-07
IS 18464 : 2024,Alcoholic Drinks - Liqueurs - Specification,,,,,,,,,,,https://standards.bis.gov.in/website/know-your-standards,https://standardsbis.bsbedge.com/,alcoholic;drinks;liqueurs,Know Your Standard - Bureau of Indian Standards,https://standards.bis.gov.in/website/know-your-standards,2026-09-07
IS 1679 : 1960,Sugar Used in Food Preservation Industry,,,,,,,,,,,https://standards.bis.gov.in/website/know-your-standards,https://standardsbis.bsbedge.com/,sugar;used;food;preservation;industry,Know Your Standard - Bureau of Indian Standards,https://standards.bis.gov.in/website/know-your-standards,2026-09-07
IS 4903 : 1979,Guide for treatment and disposal of effluents of cane sugar industry,,,,,,,,,,,https://standards.bis.gov.in/website/know-your-standards,https://standardsbis.bsbedge.com/,guide;treatment;disposal;effluents;cane;sugar;industry,Know Your Standard - Bureau of Indian Standards,https://standards.bis.gov.in/website/know-your-standards,2026-09-07
IS 9952 : 1981,Batch Type Centrifugal Liner for Final Massecuite of Sugar Industry,,,,,,,,,,,https://standards.bis.gov.in/website/know-your-standards,https://standardsbis.bsbedge.com/,batch;type;centrifugal;liner;final;massecuite;sugar;industry,Know Your Standard - Bureau of Indian Standards,https://standards.bis.gov.in/website/know-your-standards,2026-09-07
IS 11090 : 1984,Self-discharging Type Centrifugal Liners for A and B Massecuites of Sugar Industry,,,,,,,,,,,https://standards.bis.gov.in/website/know-your-standards,https://standardsbis.bsbedge.com/,self;discharging;type;centrifugal;liners;massecuites;sugar;industry,Know Your Standard - Bureau of Indian Standards,https://standards.bis.gov.in/website/know-your-standards,2026-09-07
IS 11190 : 1985,Continuous Centrifugal Liners for B and C Massecuites of Sugar Industry,,,,,,,,,,,https://standards.bis.gov.in/website/know-your-standards,https://standardsbis.bsbedge.com/,continuous;centrifugal;liners;massecuites;sugar;industry,Know Your Standard - Bureau of Indian Standards,https://standards.bis.gov.in/website/know-your-standards,2026-09-07
IS 11201 : 2018,Cane Crushing Rollers for Sugar Industry - Specification (First Revision),,,,,,,,,,,https://standards.bis.gov.in/website/know-your-standards,https://standardsbis.bsbedge.com/,cane;crushing;rollers;sugar;industry;first;revision,Know Your Standard - Bureau of Indian Standards,https://standards.bis.gov.in/website/know-your-standards,2026-09-07
IS 11481 : 1985,Supporting Liners for Batch Type Centrifugal Machines for Sugar Industry,,,,,,,,,,,https://standards.bis.gov.in/website/know-your-standards,https://standardsbis.bsbedge.com/,supporting;liners;batch;type;centrifugal;machines;sugar;industry,Know Your Standard - Bureau of Indian Standards,https://standards.bis.gov.in/website/know-your-standards,2026-09-07
IS 11482 : 1985,Supporting Screens for Continuous Centrifugal Machines for Sugar Industry,,,,,,,,,,,https://standards.bis.gov.in/website/know-your-standards,https://standardsbis.bsbedge.com/,supporting;screens;continuous;centrifugal;machines;sugar;industry,Know Your Standard - Bureau of Indian Standards,https://standards.bis.gov.in/website/know-your-standards,2026-09-07
IS 11492 : 2023,ROTARY VACUUM FILTER SCREENS FOR SUGAR INDUSTRY SPECIFICATION First Revision,,,,,,,,,,,https://standards.bis.gov.in/website/know-your-standards,https://standardsbis.bsbedge.com/,rotary;vacuum;filter;screens;sugar;industry;first;revision,Know Your Standard - Bureau of Indian Standards,https://standards.bis.gov.in/website/know-your-standards,2026-09-07
IS 11604 : 2026,Woven (Mesh) Type Supporting Screens for Continuous Centrifugal Machines Used in Sugar Industry - Specification,,,,,,,,,,,https://standards.bis.gov.in/website/know-your-standards,https://standardsbis.bsbedge.com/,woven;mesh;type;supporting;screens;continuous;centrifugal;machines;used;sugar;industry,Know Your Standard - Bureau of Indian Standards,https://standards.bis.gov.in/website/know-your-standards,2026-09-07
IS 11605 : 2018,Specification for Woven ( Mesh ) Type Supporting Liners for Batch Type Centrifugal Machines Used in Sugar Industry ( First Revision ),,,,,,,,,,,https://standards.bis.gov.in/website/know-your-standards,https://standardsbis.bsbedge.com/,woven;mesh;type;supporting;liners;batch;centrifugal;machines;used;sugar;industry;first,Know Your Standard - Bureau of Indian Standards,https://standards.bis.gov.in/website/know-your-standards,2026-09-07
IS 12198 : 2023,Sprockets for Sugar Industry-Specification,,,,,,,,,,,https://standards.bis.gov.in/website/know-your-standards,https://standardsbis.bsbedge.com/,sprockets;sugar;industry,Know Your Standard - Bureau of Indian Standards,https://standards.bis.gov.in/website/know-your-standards,2026-09-07
IS 12919 : 1990,Conveyor chains for cane sugar industry,,,,,,,,,,,https://standards.bis.gov.in/website/know-your-standards,https://standardsbis.bsbedge.com/,conveyor;chains;cane;sugar;industry,Know Your Standard - Bureau of Indian Standards,https://standards.bis.gov.in/website/know-your-standards,2026-09-07
IS 13316 : 2023,WELDED AUSTENITIC STAINLESS-STEEL TUBES FOR HEAT EXCHANGERS FOR THE SUGAR INDUSTRY SPECIFICATION First Revision,,,,,,,,,,,https://standards.bis.gov.in/website/know-your-standards,https://standardsbis.bsbedge.com/,welded;austenitic;stainless;steel;tubes;heat;exchangers;sugar;industry;first;revision,Know Your Standard - Bureau of Indian Standards,https://standards.bis.gov.in/website/know-your-standards,2026-09-07
IS 14667 : 2018,Conveyor Chains and Slats Used in Sugar Industry — Specification ( First Revision ),,,,,,,,,,,https://standards.bis.gov.in/website/know-your-standards,https://standardsbis.bsbedge.com/,conveyor;chains;slats;used;sugar;industry;first;revision,Know Your Standard - Bureau of Indian Standards,https://standards.bis.gov.in/website/know-your-standards,2026-09-07
IS 1577 : 2019,Tobacco and Tobacco Products — Cigarettes — Specification ( Fourth Revision ),,,,,,,,,,,https://standards.bis.gov.in/website/know-your-standards,https://standardsbis.bsbedge.com/,tobacco;products;cigarettes;fourth;revision,Know Your Standard - Bureau of Indian Standards,https://standards.bis.gov.in/website/know-your-standards,2026-09-07
IS 1578 : 2018,Tobacco and Tobacco Products - Smoking Mixtures- Pipe Tobacco- Specification (Third Revision),,,,,,,,,,,https://standards.bis.gov.in/website/know-your-standards,https://standardsbis.bsbedge.com/,tobacco;products;smoking;mixtures;pipe;third;revision,Know Your Standard - Bureau of Indian Standards,https://standards.bis.gov.in/website/know-your-standards,2026-09-07
IS 5643 : 2026,Tobacco and Tobacco Products - Methods of Test,,,,,,,,,,,https://standards.bis.gov.in/website/know-your-standards,https://standardsbis.bsbedge.com/,tobacco;products,Know Your Standard - Bureau of Indian Standards,https://standards.bis.gov.in/website/know-your-standards,2026-09-07
IS 7753 : 1989,Tobacco and Tobacco Products - Method for Expression of Analytical Test Results,,,,,,,,,,,https://standards.bis.gov.in/website/know-your-standards,https://standardsbis.bsbedge.com/,tobacco;products;expression;analytical;results,Know Your Standard - Bureau of Indian Standards,https://standards.bis.gov.in/website/know-your-standards,2026-09-07
IS 8846 : 1989,Method for determination of reducing sugars and sucrose in tobacco and tobacco products,,,,,,,,,,,https://standards.bis.gov.in/website/know-your-standards,https://standardsbis.bsbedge.com/,determination;reducing;sugars;sucrose;tobacco;products,Know Your Standard - Bureau of Indian Standards,https://standards.bis.gov.in/website/know-your-standards,2026-09-07
IS 9379 : 2023 ( ISO 6488:2021),Tobacco and tobacco products - Determination of water content - Karl fischer method,,,,,,,,,,,https://standards.bis.gov.in/website/know-your-standards,https://standardsbis.bsbedge.com/,tobacco;products;determination;water;content;karl;fischer,Know Your Standard - Bureau of Indian Standards,https://standards.bis.gov.in/website/know-your-standards,2026-09-07
IS 10106 : Part 1 : Sec 2 : 1986,"Packaging code: Part 1 Product packaging,Section 2 Tobacco and tobacco products",,,,,,,,,,,https://standards.bis.gov.in/website/know-your-standards,https://standardsbis.bsbedge.com/,packaging;product;section;tobacco;products,Know Your Standard - Bureau of Indian Standards,https://standards.bis.gov.in/website/know-your-standards,2026-09-07
IS 10335 : 2024,Tobacco and Tobacco Products-Glossary of Terms,,,,,,,,,,,https://standards.bis.gov.in/website/know-your-standards,https://standardsbis.bsbedge.com/,tobacco;products;glossary;terms,Know Your Standard - Bureau of Indian Standards,https://standards.bis.gov.in/website/know-your-standards,2026-09-07
IS 10666 : 2018,Tobacco and Tobacco Products - Cigarette Filters - Specification,,,,,,,,,,,https://standards.bis.gov.in/website/know-your-standards,https://standardsbis.bsbedge.com/,tobacco;products;cigarette;filters,Know Your Standard - Bureau of Indian Standards,https://standards.bis.gov.in/website/know-your-standards,2026-09-07
IS 11820 : 2004 ( ISO 4389 : 2000),Tobacco and Tobacco Products - Determination of Organochlorine Pesticide Residues - Gas Chromatographic Method,,,,,,,,,,,https://standards.bis.gov.in/website/know-your-standards,https://standardsbis.bsbedge.com/,tobacco;products;determination;organochlorine;pesticide;residues;gas;chromatographic,Know Your Standard - Bureau of Indian Standards,https://standards.bis.gov.in/website/know-your-standards,2026-09-07
IS 14332 : 2018,Tobacco and Tobacco Products — Hookah Tobacco Paste — Specification ( First Revision ),,,,,,,,,,,https://standards.bis.gov.in/website/know-your-standards,https://standardsbis.bsbedge.com/,tobacco;products;hookah;paste;first;revision,Know Your Standard - Bureau of Indian Standards,https://standards.bis.gov.in/website/know-your-standards,2026-09-07
IS 14647 : 2022,TOBACCO AND TOBACCO PRODUCTS - QUIWAM - SPECIFICATION,,,,,,,,,,,https://standards.bis.gov.in/website/know-your-standards,https://standardsbis.bsbedge.com/,tobacco;products;quiwam,Know Your Standard - Bureau of Indian Standards,https://standards.bis.gov.in/website/know-your-standards,2026-09-07
IS 16121 : 2023 ( ISO 3402:2023),Tobacco and Tobacco Products - Atmosphere for Conditioning and Testing,,,,,,,,,,,https://standards.bis.gov.in/website/know-your-standards,https://standardsbis.bsbedge.com/,tobacco;products;atmosphere;conditioning;testing,Know Your Standard - Bureau of Indian Standards,https://standards.bis.gov.in/website/know-your-standards,2026-09-07
IS 16132 : 2014 ( ISO 2881 : 1992),Tobacco and Tobacco Products — Determination of Alkaloid Content — Spectrometric Method,,,,,,,,,,,https://standards.bis.gov.in/website/know-your-standards,https://standardsbis.bsbedge.com/,tobacco;products;determination;alkaloid;content;spectrometric,Know Your Standard - Bureau of Indian Standards,https://standards.bis.gov.in/website/know-your-standards,2026-09-07
IS 16236 : 2015 ( ISO 2817 : 1999),Tobacco and Tobacco Products - Determination of Silicated Residues Insoluble in Hydrochloric Acid,,,,,,,,,,,https://standards.bis.gov.in/website/know-your-standards,https://standardsbis.bsbedge.com/,tobacco;products;determination;silicated;residues;insoluble;hydrochloric;acid,Know Your Standard - Bureau of Indian Standards,https://standards.bis.gov.in/website/know-your-standards,2026-09-07
IS 16261 : 2021 ( ISO 13276:2020),Tobacco and tobacco products - Determination of nicotine purity - Gravimetric method using tungstosilicic acid,,,,,,,,,,,https://standards.bis.gov.in/website/know-your-standards,https://standardsbis.bsbedge.com/,tobacco;products;determination;nicotine;purity;gravimetric;using;tungstosilicic;acid,Know Your Standard - Bureau of Indian Standards,https://standards.bis.gov.in/website/know-your-standards,2026-09-07
IS 16307 : 2021,Tobacco and tobacco products Cigarettes Monitor test piece Requirements and use,,,,,,,,,,,https://standards.bis.gov.in/website/know-your-standards,https://standardsbis.bsbedge.com/,tobacco;products;cigarettes;monitor;piece;use,Know Your Standard - Bureau of Indian Standards,https://standards.bis.gov.in/website/know-your-standards,2026-09-07
IS 16308 : 2022 ( ISO 16632:2021),Tobacco and Tobacco Products Determination of Water Content Gas-Chromatographic Method,,,,,,,,,,,https://standards.bis.gov.in/website/know-your-standards,https://standardsbis.bsbedge.com/,tobacco;products;determination;water;content;gas;chromatographic,Know Your Standard - Bureau of Indian Standards,https://standards.bis.gov.in/website/know-your-standards,2026-09-07
IS 16658 : 2018,Tobacco and Tobacco Products — Cigarette Filters — Determination of Nicotine Alkaloid Retention Index and Water Retention Index by Gas Chromatography — Direct Method,,,,,,,,,,,https://standards.bis.gov.in/website/know-your-standards,https://standardsbis.bsbedge.com/,tobacco;products;cigarette;filters;determination;nicotine;alkaloid;retention;index;water;gas;chromatography,Know Your Standard - Bureau of Indian Standards,https://standards.bis.gov.in/website/know-your-standards,2026-09-07
IS 16779 : 2021 ( ISO 20193:2019),Tobacco and tobacco products - Determination of the width of the strands of cut tobacco,,,,,,,,,,,https://standards.bis.gov.in/website/know-your-standards,https://standardsbis.bsbedge.com/,tobacco;products;determination;width;strands;cut,Know Your Standard - Bureau of Indian Standards,https://standards.bis.gov.in/website/know-your-standards,2026-09-07
IS 16802 : 2018 ( ISO/TS 7821 : 2005),Tobacco and Tobacco Products- Preparation and Constitution of Identical Samples from the Same Lot for Collaborative Studies for the Evaluation of Test Methods,,,,,,,,,,,https://standards.bis.gov.in/website/know-your-standards,https://standardsbis.bsbedge.com/,tobacco;products;preparation;constitution;identical;samples;from;same;lot;collaborative;studies;evaluation,Know Your Standard - Bureau of Indian Standards,https://standards.bis.gov.in/website/know-your-standards,2026-09-07
IS 16832 : 2018,Tobacco and Tobacco Products — Determination of Total Alkaloids as Nicotine by Continuous-Flow Analysis — An Alternate Method Eliminating Use of Potassium Cyanide,,,,,,,,,,,https://standards.bis.gov.in/website/know-your-standards,https://standardsbis.bsbedge.com/,tobacco;products;determination;total;alkaloids;nicotine;continuous;flow;analysis;alternate;eliminating;use,Know Your Standard - Bureau of Indian Standards,https://standards.bis.gov.in/website/know-your-standards,2026-09-07
IS 16847 : 2018 ( ISO 6565 : 2015),Tobacco and Tobacco Products — Draw Resistance of Cigarettes and Pressure Drop of Filter Rods — Standard Conditions and Measurement,,,,,,,,,,,https://standards.bis.gov.in/website/know-your-standards,https://standardsbis.bsbedge.com/,tobacco;products;draw;resistance;cigarettes;pressure;drop;filter;rods;standard;conditions;measurement,Know Your Standard - Bureau of Indian Standards,https://standards.bis.gov.in/website/know-your-standards,2026-09-07
IS 16897 : 2018,Tobacco and Tobacco Products — Portion Packed Snus — Specification,,,,,,,,,,,https://standards.bis.gov.in/website/know-your-standards,https://standardsbis.bsbedge.com/,tobacco;products;portion;packed;snus,Know Your Standard - Bureau of Indian Standards,https://standards.bis.gov.in/website/know-your-standards,2026-09-07
IS 17010 : 2018,Tobacco and Tobacco Products — Determination of Reducing and Total Sugars,,,,,,,,,,,https://standards.bis.gov.in/website/know-your-standards,https://standardsbis.bsbedge.com/,tobacco;products;determination;reducing;total;sugars,Know Your Standard - Bureau of Indian Standards,https://standards.bis.gov.in/website/know-your-standards,2026-09-07
SP 18 : Part 5 TO 7 : 1982,ISI Handbook of Food Analysis - Part V : Bakery and Confectionery Products - Part VI : Protein-rich Foods - Part VII : Spices and Condiments,,,,,,,,,,,https://standards.bis.gov.in/website/know-your-standards,https://standardsbis.bsbedge.com/,isi;handbook;food;analysis;bakery;confectionery;products;protein;rich;foods;vii;spices,Know Your Standard - Bureau of Indian Standards,https://standards.bis.gov.in/website/know-your-standards,2026-09-07
IS 1797 : 2017,Spices and Condiments - Methods of Test (Third Revision),,,,,,,,,,,https://standards.bis.gov.in/website/know-your-standards,https://standardsbis.bsbedge.com/,spices;condiments;third;revision,Know Your Standard - Bureau of Indian Standards,https://standards.bis.gov.in/website/know-your-standards,2026-09-07
IS 1798 : 2022,SPICES AND CONDIMENTS BLACK PEPPER WHOLE AND GROUND SPECIFICATION,,,,,,,,,,,https://standards.bis.gov.in/website/know-your-standards,https://standardsbis.bsbedge.com/,spices;condiments;black;pepper;whole;ground,Know Your Standard - Bureau of Indian Standards,https://standards.bis.gov.in/website/know-your-standards,2026-09-07
IS 1877 : 2023,Spices and Condiments - Botanical Nomenclature,,,,,,,,,,,https://standards.bis.gov.in/website/know-your-standards,https://standardsbis.bsbedge.com/,spices;condiments;botanical;nomenclature,Know Your Standard - Bureau of Indian Standards,https://standards.bis.gov.in/website/know-your-standards,2026-09-07
IS 1908 : 2020,"Spices and Condiments - Ginger, Whole and Ground - Specification",,,,,,,,,,,https://standards.bis.gov.in/website/know-your-standards,https://standardsbis.bsbedge.com/,spices;condiments;ginger;whole;ground,Know Your Standard - Bureau of Indian Standards,https://standards.bis.gov.in/website/know-your-standards,2026-09-07
IS 2322 : 2023,Spices And Condiments Chillies Whole And Ground Powdered Specification,,,,,,,,,,,https://standards.bis.gov.in/website/know-your-standards,https://standardsbis.bsbedge.com/,spices;condiments;chillies;whole;ground;powdered,Know Your Standard - Bureau of Indian Standards,https://standards.bis.gov.in/website/know-your-standards,2026-09-07
IS 2323 : 2011,"Spices And Condiments — Mustard, Whole And Ground - Specification",,,,,,,,,,,https://standards.bis.gov.in/website/know-your-standards,https://standardsbis.bsbedge.com/,spices;condiments;mustard;whole;ground,Know Your Standard - Bureau of Indian Standards,https://standards.bis.gov.in/website/know-your-standards,2026-09-07
IS 2443 : 2008,"Spices and Condiments - Coriander, Whole and Ground",,,,,,,,,,,https://standards.bis.gov.in/website/know-your-standards,https://standardsbis.bsbedge.com/,spices;condiments;coriander;whole;ground,Know Your Standard - Bureau of Indian Standards,https://standards.bis.gov.in/website/know-your-standards,2026-09-07
IS 2447 (Hindi Language) : 2023,"Spices and Condiments - Cumin (Safed Jeera), Whole and Ground - Specification - (Hindi Language)",,,,,,,,,,,https://standards.bis.gov.in/website/know-your-standards,https://standardsbis.bsbedge.com/,spices;condiments;cumin;safed;jeera;whole;ground;hindi;language,Know Your Standard - Bureau of Indian Standards,https://standards.bis.gov.in/website/know-your-standards,2026-09-07
IS 2447 : 2023,Spices And Condiments Cumin Safed Jeerawhole And Ground Specification,,,,,,,,,,,https://standards.bis.gov.in/website/know-your-standards,https://standardsbis.bsbedge.com/,spices;condiments;cumin;safed;jeerawhole;ground,Know Your Standard - Bureau of Indian Standards,https://standards.bis.gov.in/website/know-your-standards,2026-09-07
IS 3576 : 2022,SPICES AND CONDIMENTS TURMERIC WHOLE AND GROUND SPECIFICATION,,,,,,,,,,,https://standards.bis.gov.in/website/know-your-standards,https://standardsbis.bsbedge.com/,spices;condiments;turmeric;whole;ground,Know Your Standard - Bureau of Indian Standards,https://standards.bis.gov.in/website/know-your-standards,2026-09-07
IS 3795 : 2022,SPICES AND CONDIMENTS FENUGREEK WHOLE AND GROUND SPECIFICATION,,,,,,,,,,,https://standards.bis.gov.in/website/know-your-standards,https://standardsbis.bsbedge.com/,spices;condiments;fenugreek;whole;ground,Know Your Standard - Bureau of Indian Standards,https://standards.bis.gov.in/website/know-your-standards,2026-09-07
IS 3796 : 2011,"Spices And Condiments — Fennel Seeds,whole - Specification",,,,,,,,,,,https://standards.bis.gov.in/website/know-your-standards,https://standardsbis.bsbedge.com/,spices;condiments;fennel;seeds;whole,Know Your Standard - Bureau of Indian Standards,https://standards.bis.gov.in/website/know-your-standards,2026-09-07
IS 3797 : 2011,Spices And Condiments — Celery Seeds - Specification,,,,,,,,,,,https://standards.bis.gov.in/website/know-your-standards,https://standardsbis.bsbedge.com/,spices;condiments;celery;seeds,Know Your Standard - Bureau of Indian Standards,https://standards.bis.gov.in/website/know-your-standards,2026-09-07
IS 4403 : 2022,SPICES AND CONDIMENTS AJOWAN BISHOPS SEED SPECIFICATION,,,,,,,,,,,https://standards.bis.gov.in/website/know-your-standards,https://standardsbis.bsbedge.com/,spices;condiments;ajowan;bishops;seed,Know Your Standard - Bureau of Indian Standards,https://standards.bis.gov.in/website/know-your-standards,2026-09-07
IS 4404 : 2022,SPICES AND CONDIMENTS CLOVES WHOLE AND GROUND SPECIFICATION,,,,,,,,,,,https://standards.bis.gov.in/website/know-your-standards,https://standardsbis.bsbedge.com/,spices;condiments;cloves;whole;ground,Know Your Standard - Bureau of Indian Standards,https://standards.bis.gov.in/website/know-your-standards,2026-09-07
IS 5955 : 1993,Spices and Condiments - Tamarind Concentrate,,,,,,,,,,,https://standards.bis.gov.in/website/know-your-standards,https://standardsbis.bsbedge.com/,spices;condiments;tamarind;concentrate,Know Your Standard - Bureau of Indian Standards,https://standards.bis.gov.in/website/know-your-standards,2026-09-07
IS 6364 : 1993,Spices and Condiments - Tamarind Pulp,,,,,,,,,,,https://standards.bis.gov.in/website/know-your-standards,https://standardsbis.bsbedge.com/,spices;condiments;tamarind;pulp,Know Your Standard - Bureau of Indian Standards,https://standards.bis.gov.in/website/know-your-standards,2026-09-07
IS 9486 : 2011,Spices And Condiments — Dehydrated Green Pepper - Specification,,,,,,,,,,,https://standards.bis.gov.in/website/know-your-standards,https://standardsbis.bsbedge.com/,spices;condiments;dehydrated;green;pepper,Know Your Standard - Bureau of Indian Standards,https://standards.bis.gov.in/website/know-your-standards,2026-09-07
IS 11300 : 2011,Spices and Condiments - Caraway Seeds,,,,,,,,,,,https://standards.bis.gov.in/website/know-your-standards,https://standardsbis.bsbedge.com/,spices;condiments;caraway;seeds,Know Your Standard - Bureau of Indian Standards,https://standards.bis.gov.in/website/know-your-standards,2026-09-07
IS 13145 : 2014,Spices and Condiments - Methods of Sampling,,,,,,,,,,,https://standards.bis.gov.in/website/know-your-standards,https://standardsbis.bsbedge.com/,spices;condiments;sampling,Know Your Standard - Bureau of Indian Standards,https://standards.bis.gov.in/website/know-your-standards,2026-09-07
IS 13446 : 2009,Spices and Condiments - Large Cardamom - Capsules and Seeds,,,,,,,,,,,https://standards.bis.gov.in/website/know-your-standards,https://standardsbis.bsbedge.com/,spices;condiments;large;cardamom;capsules;seeds,Know Your Standard - Bureau of Indian Standards,https://standards.bis.gov.in/website/know-your-standards,2026-09-07
IS 13895 : 1994,Spices and Condiments - Tamarind Powder,,,,,,,,,,,https://standards.bis.gov.in/website/know-your-standards,https://standardsbis.bsbedge.com/,spices;condiments;tamarind;powder,Know Your Standard - Bureau of Indian Standards,https://standards.bis.gov.in/website/know-your-standards,2026-09-07
IS 14216 : 2023,Spices and Condiments Processing Units-Code of Hygiene Practices,,,,,,,,,,,https://standards.bis.gov.in/website/know-your-standards,https://standardsbis.bsbedge.com/,spices;condiments;processing;units;hygiene;practices,Know Your Standard - Bureau of Indian Standards,https://standards.bis.gov.in/website/know-your-standards,2026-09-07
IS 16521 : 2017,"Spices and Condiments - White Pepper, Whole and Ground - Specification",,,,,,,,,,,https://standards.bis.gov.in/website/know-your-standards,https://standardsbis.bsbedge.com/,spices;condiments;white;pepper;whole;ground,Know Your Standard - Bureau of Indian Standards,https://standards.bis.gov.in/website/know-your-standards,2026-09-07
IS 2860 : 1964,Methods of sampling and test for processed fruits and vegetables,,,,,,,,,,,https://standards.bis.gov.in/website/know-your-standards,https://standardsbis.bsbedge.com/,sampling;processed;fruits;vegetables,Know Your Standard - Bureau of Indian Standards,https://standards.bis.gov.in/website/know-your-standards,2026-09-07
IS 9939 : 1981,Glossary of terms relating to agricultural tractors and power tillers,,,,,,,,,,,https://standards.bis.gov.in/website/know-your-standards,https://standardsbis.bsbedge.com/,glossary;terms;relating;agricultural;tractors;power;tillers,Know Your Standard - Bureau of Indian Standards,https://standards.bis.gov.in/website/know-your-standards,2026-09-07
IS 11822 : 2024,Spark Arrester for Agricultural Tractors and Power Tillers - Methods of Test,,,,,,,,,,,https://standards.bis.gov.in/website/know-your-standards,https://standardsbis.bsbedge.com/,spark;arrester;agricultural;tractors;power;tillers,Know Your Standard - Bureau of Indian Standards,https://standards.bis.gov.in/website/know-your-standards,2026-09-07
IS 12239 : Part 1 : 2018 ( ISO 4254-1 : 2013),Guide for Safety and Comfort of Operator of Agricultural Tractors and Power Tillers Part 1 General Requirements ( Second Revision ),,,,,,,,,,,https://standards.bis.gov.in/website/know-your-standards,https://standardsbis.bsbedge.com/,guide;safety;comfort;operator;agricultural;tractors;power;tillers;second;revision,Know Your Standard - Bureau of Indian Standards,https://standards.bis.gov.in/website/know-your-standards,2026-09-07
IS 11427 : 2001,Fish and Fisheries Products - Sampling,,,,,,,,,,,https://standards.bis.gov.in/website/know-your-standards,https://standardsbis.bsbedge.com/,fish;fisheries;products;sampling,Know Your Standard - Bureau of Indian Standards,https://standards.bis.gov.in/website/know-your-standards,2026-09-07
IS 14516 : 1998,Cured fish and fisheries products - Processing and storage - Code of Practice,,,,,,,,,,,https://standards.bis.gov.in/website/know-your-standards,https://standardsbis.bsbedge.com/,cured;fish;fisheries;products;processing;storage,Know Your Standard - Bureau of Indian Standards,https://standards.bis.gov.in/website/know-your-standards,2026-09-07
IS 7015 : 1972,Glossary of terms relating to farm implements and machinery,,,,,,,,,,,https://standards.bis.gov.in/website/know-your-standards,https://standardsbis.bsbedge.com/,glossary;terms;relating;farm;implements;machinery,Know Your Standard - Bureau of Indian Standards,https://standards.bis.gov.in/website/know-your-standards,2026-09-07
SP 57 (QAWSM) : 1993,Handbook on Pipes and Fittings for Drinking Water Supply,,,,,,,,,,,https://standards.bis.gov.in/website/know-your-standards,https://standardsbis.bsbedge.com/,handbook;pipes;fittings;drinking;water;supply,Know Your Standard - Bureau of Indian Standards,https://standards.bis.gov.in/website/know-your-standards,2026-09-07
SP 58 : 1995,Handbook on Pumps for Drinking Water Supply,,,,,,,,,,,https://standards.bis.gov.in/website/know-your-standards,https://standardsbis.bsbedge.com/,handbook;pumps;drinking;water;supply,Know Your Standard - Bureau of Indian Standards,https://standards.bis.gov.in/website/know-your-standards,2026-09-07
IS 1475 : 2024,Drinking Water Coolers - Specification,,,,,,,,,,,https://standards.bis.gov.in/website/know-your-standards,https://standardsbis.bsbedge.com/,drinking;water;coolers,Know Your Standard - Bureau of Indian Standards,https://standards.bis.gov.in/website/know-your-standards,2026-09-07
IS 1475 : Part 1 : 2001,Self-contained Drinking Water Coolers - Part 1 : Energy Consumption And Performance,,,,,,,,,,,https://standards.bis.gov.in/website/know-your-standards,https://standardsbis.bsbedge.com/,self;contained;drinking;water;coolers;energy;consumption;performance,Know Your Standard - Bureau of Indian Standards,https://standards.bis.gov.in/website/know-your-standards,2026-09-07
IS 6969 : 2024,"Hygienic Conditions for Manufacture, Handling and Sale of Refrigerated Drinking Water and Ice for Human Consumption - Code of Practice",,,,,,,,,,,https://standards.bis.gov.in/website/know-your-standards,https://standardsbis.bsbedge.com/,hygienic;conditions;manufacture;handling;sale;refrigerated;drinking;water;ice;human;consumption,Know Your Standard - Bureau of Indian Standards,https://standards.bis.gov.in/website/know-your-standards,2026-09-07
IS 7277 : 1974,"Code of practice for safe use of polyethylene in contact with foodstuffs, pharmaceutical and drinking water",,,,,,,,,,,https://standards.bis.gov.in/website/know-your-standards,https://standardsbis.bsbedge.com/,safe;use;polyethylene;contact;foodstuffs;pharmaceutical;drinking;water,Know Your Standard - Bureau of Indian Standards,https://standards.bis.gov.in/website/know-your-standards,2026-09-07
IS 7288 : 1974,"Code of practice for safe use of polyvinyl chloride (PVC) and its copolymers in contact with foodstuffs, pharmaceuticals and drinking water",,,,,,,,,,,https://standards.bis.gov.in/website/know-your-standards,https://standardsbis.bsbedge.com/,safe;use;polyvinyl;chloride;pvc;its;copolymers;contact;foodstuffs;pharmaceuticals;drinking;water,Know Your Standard - Bureau of Indian Standards,https://standards.bis.gov.in/website/know-your-standards,2026-09-07
IS 7961 : 1976,"Code of practice for safe use of styrene polymers in contact with foodstuffs, pharmaceuticals and drinking water",,,,,,,,,,,https://standards.bis.gov.in/website/know-your-standards,https://standardsbis.bsbedge.com/,safe;use;styrene;polymers;contact;foodstuffs;pharmaceuticals;drinking;water,Know Your Standard - Bureau of Indian Standards,https://standards.bis.gov.in/website/know-your-standards,2026-09-07
IS 10141 : 2001,"Positive List of Constituents of Polyethylene in Contact with Foodstuffs, Pharmaceuticals and Drinking Water",,,,,,,,,,,https://standards.bis.gov.in/website/know-your-standards,https://standardsbis.bsbedge.com/,positive;list;constituents;polyethylene;contact;foodstuffs;pharmaceuticals;drinking;water,Know Your Standard - Bureau of Indian Standards,https://standards.bis.gov.in/website/know-your-standards,2026-09-07
IS 10142 : 2025,Polystyrene (Crystal and High Impact) for its Safe Use in Contact with Foodstuffs Pharmaceuticals and Drinking Water - Specification,,,,,,,,,,,https://standards.bis.gov.in/website/know-your-standards,https://standardsbis.bsbedge.com/,polystyrene;crystal;high;impact;its;safe;use;contact;foodstuffs;pharmaceuticals;drinking;water,Know Your Standard - Bureau of Indian Standards,https://standards.bis.gov.in/website/know-your-standards,2026-09-07
IS 10146 - (Active) : 1982,"Polyethylene for its Safe Use in Contact with Foodstuffs, Pharmaceuticals and Drinking Water - (Vaild upto 21 January 2027)",,,,,,,,,,,https://standards.bis.gov.in/website/know-your-standards,https://standardsbis.bsbedge.com/,polyethylene;its;safe;use;contact;foodstuffs;pharmaceuticals;drinking;water;vaild;upto;january,Know Your Standard - Bureau of Indian Standards,https://standards.bis.gov.in/website/know-your-standards,2026-09-07
IS 10148 : 2023,"Positive List of Constituents of Polyvinyl Chloride (PVC) and Its Copolymers in Contact with Foodstuffs, Pharmaceuticals and Drinking Water",,,,,,,,,,,https://standards.bis.gov.in/website/know-your-standards,https://standardsbis.bsbedge.com/,positive;list;constituents;polyvinyl;chloride;pvc;its;copolymers;contact;foodstuffs;pharmaceuticals;drinking,Know Your Standard - Bureau of Indian Standards,https://standards.bis.gov.in/website/know-your-standards,2026-09-07
IS 10149 : 1982,"Positive list of constituent of styrene polymers in contact with foodstuffs, pharmaceuticals and drinking water",,,,,,,,,,,https://standards.bis.gov.in/website/know-your-standards,https://standardsbis.bsbedge.com/,positive;list;constituent;styrene;polymers;contact;foodstuffs;pharmaceuticals;drinking;water,Know Your Standard - Bureau of Indian Standards,https://standards.bis.gov.in/website/know-your-standards,2026-09-07
IS 10151 : 2019,"Polyvinyl Chloride (PVC) and its Copolymers for its Safe Use in Contact with Foodstuffs, Pharmaceuticals and Drinking Water — Specification ( First Revision )",,,,,,,,,,,https://standards.bis.gov.in/website/know-your-standards,https://standardsbis.bsbedge.com/,polyvinyl;chloride;pvc;its;copolymers;safe;use;contact;foodstuffs;pharmaceuticals;drinking;water,Know Your Standard - Bureau of Indian Standards,https://standards.bis.gov.in/website/know-your-standards,2026-09-07
IS 10500 : 2012,Drinking water,,,,,,,,,,,https://standards.bis.gov.in/website/know-your-standards,https://standardsbis.bsbedge.com/,drinking;water,Know Your Standard - Bureau of Indian Standards,https://standards.bis.gov.in/website/know-your-standards,2026-09-07
IS 10525 : 2022,Specification for General Purpose Drinking Water Trolley,,,,,,,,,,,https://standards.bis.gov.in/website/know-your-standards,https://standardsbis.bsbedge.com/,purpose;drinking;water;trolley,Know Your Standard - Bureau of Indian Standards,https://standards.bis.gov.in/website/know-your-standards,2026-09-07
IS 10909 : 2001,"Positive List of Constituents of Polypropylene and its Copolymers in Contact with Foodstuffs, Pharaceuticals and Drinking Water",,,,,,,,,,,https://standards.bis.gov.in/website/know-your-standards,https://standardsbis.bsbedge.com/,positive;list;constituents;polypropylene;its;copolymers;contact;foodstuffs;pharaceuticals;drinking;water,Know Your Standard - Bureau of Indian Standards,https://standards.bis.gov.in/website/know-your-standards,2026-09-07
IS 10910 : 1984,"Polypropylene and its copolymers for its safe use in contact with foodstuffs,pharmaceuticals and drinking water",,,,,,,,,,,https://standards.bis.gov.in/website/know-your-standards,https://standardsbis.bsbedge.com/,polypropylene;its;copolymers;safe;use;contact;foodstuffs;pharmaceuticals;drinking;water,Know Your Standard - Bureau of Indian Standards,https://standards.bis.gov.in/website/know-your-standards,2026-09-07
IS 11434 : 2023,Ionomer Resins For Its Safe Use In Contact With Foodstuffs Pharmaceuticals And Drinking Water Specification,,,,,,,,,,,https://standards.bis.gov.in/website/know-your-standards,https://standardsbis.bsbedge.com/,ionomer;resins;its;safe;use;contact;foodstuffs;pharmaceuticals;drinking;water,Know Your Standard - Bureau of Indian Standards,https://standards.bis.gov.in/website/know-your-standards,2026-09-07
IS 11435 : 2024,"Positive List of Constituents of Ionomer Resins for its Safe Use in Contact with Foodstuffs, Pharmaceuticals and Drinking Water",,,,,,,,,,,https://standards.bis.gov.in/website/know-your-standards,https://standardsbis.bsbedge.com/,positive;list;constituents;ionomer;resins;its;safe;use;contact;foodstuffs;pharmaceuticals;drinking,Know Your Standard - Bureau of Indian Standards,https://standards.bis.gov.in/website/know-your-standards,2026-09-07
IS 11704 : 2023,Ethylene Acrylic Acid Eaa Copolymers For Their Safe Use In Contact With Food-Stuffs Pharmaceuticals And Drinking Water - Specification,,,,,,,,,,,https://standards.bis.gov.in/website/know-your-standards,https://standardsbis.bsbedge.com/,ethylene;acrylic;acid;eaa;copolymers;their;safe;use;contact;food;stuffs;pharmaceuticals,Know Your Standard - Bureau of Indian Standards,https://standards.bis.gov.in/website/know-your-standards,2026-09-07
IS 11705 : 2024,"Positive List of Constituents of Ethylene/Acrylic Acid (EAA) Copolymers for Their Safe Use in Contact with Foodstuffs, Pharmaceuticals and Drinking Water",,,,,,,,,,,https://standards.bis.gov.in/website/know-your-standards,https://standardsbis.bsbedge.com/,positive;list;constituents;ethylene;acrylic;acid;eaa;copolymers;their;safe;use;contact,Know Your Standard - Bureau of Indian Standards,https://standards.bis.gov.in/website/know-your-standards,2026-09-07
IS 12229 : 1987,"Positive list of constituents of polyalkylene terephthalates (PET & PBT) for their safe use in contact with foodstuffs, pharmaceuticals and drinking water",,,,,,,,,,,https://standards.bis.gov.in/website/know-your-standards,https://standardsbis.bsbedge.com/,positive;list;constituents;polyalkylene;terephthalates;pet;pbt;their;safe;use;contact;foodstuffs,Know Your Standard - Bureau of Indian Standards,https://standards.bis.gov.in/website/know-your-standards,2026-09-07
IS 12247 : 2024,"Nylon-6 Polymer for its Safe Use in Contact With Foodstuffs, Pharmaceuticals and Drinking Water - Specification",,,,,,,,,,,https://standards.bis.gov.in/website/know-your-standards,https://standardsbis.bsbedge.com/,nylon;polymer;its;safe;use;contact;foodstuffs;pharmaceuticals;drinking;water,Know Your Standard - Bureau of Indian Standards,https://standards.bis.gov.in/website/know-your-standards,2026-09-07
IS 12248 : 1988,"Positive list of constituents of nylon-6 polymer for its safe use in contact with foodstuffs, pharmaceuticals and drinking water",,,,,,,,,,,https://standards.bis.gov.in/website/know-your-standards,https://standardsbis.bsbedge.com/,positive;list;constituents;nylon;polymer;its;safe;use;contact;foodstuffs;pharmaceuticals;drinking,Know Your Standard - Bureau of Indian Standards,https://standards.bis.gov.in/website/know-your-standards,2026-09-07
IS 11380 : 2026,Pesticide Residues Analysis in Agricultural and Food Commodities - Method of Sampling,,,,,,,,,,,https://standards.bis.gov.in/website/know-your-standards,https://standardsbis.bsbedge.com/,pesticide;residues;analysis;agricultural;food;commodities;sampling,Know Your Standard - Bureau of Indian Standards,https://standards.bis.gov.in/website/know-your-standards,2026-09-07
IS/ISO 16528 : Part 1 : 2007 ( ISO 16528 : Part 1 : 2007 ),Boilers and Pressure Vessels Part 1 Performance Requirements,,,,,,,,,,,https://standards.bis.gov.in/website/know-your-standards,https://standardsbis.bsbedge.com/,boilers;pressure;vessels;performance,Know Your Standard - Bureau of Indian Standards,https://standards.bis.gov.in/website/know-your-standards,2026-09-07
IS/ISO 16528 : Part 2 : 2007 ( ISO 16528 : Part 2 : 2007 ),Boilers and Pressure Vessels Part 2 Procedures for Fulfilling the Requirements of ISO 16528-1,,,,,,,,,,,https://standards.bis.gov.in/website/know-your-standards,https://standardsbis.bsbedge.com/,boilers;pressure;vessels;procedures;fulfilling;iso,Know Your Standard - Bureau of Indian Standards,https://standards.bis.gov.in/website/know-your-standards,2026-09-07
IS 3615 : 2024,Refrigeration and Air Conditioning - Glossary of Terms,,,,,,,,,,,https://standards.bis.gov.in/website/know-your-standards,https://standardsbis.bsbedge.com/,refrigeration;air;conditioning;glossary;terms,Know Your Standard - Bureau of Indian Standards,https://standards.bis.gov.in/website/know-your-standards,2026-09-07
IS 10773 : 2025,Wrought Copper Tubes for Refrigeration and Air-Conditioning Purposes - Specification,,,,,,,,,,,https://standards.bis.gov.in/website/know-your-standards,https://standardsbis.bsbedge.com/,wrought;copper;tubes;refrigeration;air;conditioning;purposes,Know Your Standard - Bureau of Indian Standards,https://standards.bis.gov.in/website/know-your-standards,2026-09-07
SP 9 : 1973,Technical Data Sheet For Gases Conveyed In Cylinders,,,,,,,,,,,https://standards.bis.gov.in/website/know-your-standards,https://standardsbis.bsbedge.com/,technical;data;sheet;gases;conveyed;cylinders,Know Your Standard - Bureau of Indian Standards,https://standards.bis.gov.in/website/know-your-standards,2026-09-07
IS 3196 : Part 1 (Hindi Language) : 2013,"Welded Low Carbon Steel Cylinders Exceeding 5 Litres Water Capacity for Low Pressure Liquefiable Gases - Part 1 : Cylinders for liquefied Petroleum Gases (LPG) - specification (Including Amendment No. 1, 2, 3 & 4) - (Hindi Language)",,,,,,,,,,,https://standards.bis.gov.in/website/know-your-standards,https://standardsbis.bsbedge.com/,welded;low;carbon;steel;cylinders;exceeding;litres;water;capacity;pressure;liquefiable;gases,Know Your Standard - Bureau of Indian Standards,https://standards.bis.gov.in/website/know-your-standards,2026-09-07
IS 3196 : Part 1 : 2013,Welded Low Carbon Steel Cylinders Exceeding 5 Litre Water Capacity for Low Pressure Liquefiable Gases - Part 1 : Cylinders for liquefied Petroleum Gases (LPG),,,,,,,,,,,https://standards.bis.gov.in/website/know-your-standards,https://standardsbis.bsbedge.com/,welded;low;carbon;steel;cylinders;exceeding;litre;water;capacity;pressure;liquefiable;gases,Know Your Standard - Bureau of Indian Standards,https://standards.bis.gov.in/website/know-your-standards,2026-09-07
IS 3196 : Part 2 : 2006,Welded Low Carbon Steel Cylinders Exceeding 5 Litre Water Capacity for Low Pressure Liquefiable Gases - Part 2 : Cylinders for Liquefiable Non-Toxic Gases Other Than LPG,,,,,,,,,,,https://standards.bis.gov.in/website/know-your-standards,https://standardsbis.bsbedge.com/,welded;low;carbon;steel;cylinders;exceeding;litre;water;capacity;pressure;liquefiable;gases,Know Your Standard - Bureau of Indian Standards,https://standards.bis.gov.in/website/know-your-standards,2026-09-07
IS 3196 : Part 2 (Hindi Language) : 2006,Welded Low Carbon Steel Cylinders Exceeding 5 Litre Water Capacity for Low Pressure Liquefiable Gases - Part 2 : Cylinders for Liquefiable Non-Toxic Gases Other than LPG - Specification - (Hindi Language),,,,,,,,,,,https://standards.bis.gov.in/website/know-your-standards,https://standardsbis.bsbedge.com/,welded;low;carbon;steel;cylinders;exceeding;litre;water;capacity;pressure;liquefiable;gases,Know Your Standard - Bureau of Indian Standards,https://standards.bis.gov.in/website/know-your-standards,2026-09-07
IS 3196 : Part 4 : 2001,"Welded Low Carbon Steel Cylinders Exceeding 5 Litre Water Capacity for Low Pressure Liquefiable Gases - Part 4 : Cylinders for Toxic and Corrosive Gases (Amalgamation of IS 7680,7681 and 7682)",,,,,,,,,,,https://standards.bis.gov.in/website/know-your-standards,https://standardsbis.bsbedge.com/,welded;low;carbon;steel;cylinders;exceeding;litre;water;capacity;pressure;liquefiable;gases,Know Your Standard - Bureau of Indian Standards,https://standards.bis.gov.in/website/know-your-standards,2026-09-07
IS 3196 : Part 4 (Hindi Language) : 2001,Welded Low Carbon Steel Cylinders Exceeding 5 Litre Water Capacity for Low Pressure Liquefiable Gases - Specification - Part 4 : Cylinders for Toxic and Corrosive Gases - (Including Amendment No.1) - (Hindi Language),,,,,,,,,,,https://standards.bis.gov.in/website/know-your-standards,https://standardsbis.bsbedge.com/,welded;low;carbon;steel;cylinders;exceeding;litre;water;capacity;pressure;liquefiable;gases,Know Your Standard - Bureau of Indian Standards,https://standards.bis.gov.in/website/know-your-standards,2026-09-07
IS 3224 (Hindi Language) : 2021,Valve for Compressed Gas Cylinders Excluding Liquefied Petroleum Gas ( LPG ) Cylinders - Specification - (Hindi Language),,,,,,,,,,,https://standards.bis.gov.in/website/know-your-standards,https://standardsbis.bsbedge.com/,valve;compressed;gas;cylinders;excluding;liquefied;petroleum;lpg;hindi;language,Know Your Standard - Bureau of Indian Standards,https://standards.bis.gov.in/website/know-your-standards,2026-09-07
IS 3224 : 2021,VALVE FITTINGS FOR COMPRESSED GAS CYLINDERS EXCLUDING LIQUEFIED PETROLEUM GAS LPG CYLINDERS SPECIFICATION Fourth Revision of IS 3224,,,,,,,,,,,https://standards.bis.gov.in/website/know-your-standards,https://standardsbis.bsbedge.com/,valve;fittings;compressed;gas;cylinders;excluding;liquefied;petroleum;lpg;fourth;revision,Know Your Standard - Bureau of Indian Standards,https://standards.bis.gov.in/website/know-your-standards,2026-09-07
IS 3710 : 1978,Filling Ratios for Low Pressure Liquefiable Gases Contained in Cylinders (Incorporated Amendement No.1),,,,,,,,,,,https://standards.bis.gov.in/website/know-your-standards,https://standardsbis.bsbedge.com/,filling;ratios;low;pressure;liquefiable;gases;contained;cylinders;incorporated;amendement,Know Your Standard - Bureau of Indian Standards,https://standards.bis.gov.in/website/know-your-standards,2026-09-07
IS 3870 : 1966,Code of practice for handling gas cylinders and related equipment intended for medical use,,,,,,,,,,,https://standards.bis.gov.in/website/know-your-standards,https://standardsbis.bsbedge.com/,handling;gas;cylinders;related;equipment;intended;medical;use,Know Your Standard - Bureau of Indian Standards,https://standards.bis.gov.in/website/know-your-standards,2026-09-07
IS 3933 : 2021,Colour Identification of Gas Cylinders and Related Equipment Intended for Medical Use,,,,,,,,,,,https://standards.bis.gov.in/website/know-your-standards,https://standardsbis.bsbedge.com/,colour;identification;gas;cylinders;related;equipment;intended;medical;use,Know Your Standard - Bureau of Indian Standards,https://standards.bis.gov.in/website/know-your-standards,2026-09-07
IS 5844 : 2014,Hydrostatic Stretch Testing of Compressed Gas Cylinders — Recommendations,,,,,,,,,,,https://standards.bis.gov.in/website/know-your-standards,https://standardsbis.bsbedge.com/,hydrostatic;stretch;testing;compressed;gas;cylinders;recommendations,Know Your Standard - Bureau of Indian Standards,https://standards.bis.gov.in/website/know-your-standards,2026-09-07
IS 5845 : 2024,Inspection of Low Pressure Welded Steel Gas Cylinders Other than LPG Cylinders in Use- Code of Practice,,,,,,,,,,,https://standards.bis.gov.in/website/know-your-standards,https://standardsbis.bsbedge.com/,inspection;low;pressure;welded;steel;gas;cylinders;other;than;lpg;use,Know Your Standard - Bureau of Indian Standards,https://standards.bis.gov.in/website/know-your-standards,2026-09-07
IS 5903 : 2025,Types of Safety Device for Gas Cylinders and Gas Cylinder Valves,,,,,,,,,,,https://standards.bis.gov.in/website/know-your-standards,https://standardsbis.bsbedge.com/,types;safety;device;gas;cylinders;cylinder;valves,Know Your Standard - Bureau of Indian Standards,https://standards.bis.gov.in/website/know-your-standards,2026-09-07
IS 6240 : 2008,Hot Rolled Steel Plate (up to 6 mm) Sheet and Strip for the Manufacture of Low Pressure Liquefiable Gas Cylinders,,,,,,,,,,,https://standards.bis.gov.in/website/know-your-standards,https://standardsbis.bsbedge.com/,hot;rolled;steel;plate;sheet;strip;manufacture;low;pressure;liquefiable;gas;cylinders,Know Your Standard - Bureau of Indian Standards,https://standards.bis.gov.in/website/know-your-standards,2026-09-07
IS 6901 : 2018 ( ISO 2503 : 2009),"Gas Welding Equipment — Pressure Regulators and Pressure Regulators with Flow-Metering Devices for Gas Cylinders Used in Welding, Cutting and Allied Processes up to 300 bar (30 MPA) ( Third Revision )",,,,,,,,,,,https://standards.bis.gov.in/website/know-your-standards,https://standardsbis.bsbedge.com/,gas;welding;equipment;pressure;regulators;flow;metering;devices;cylinders;used;cutting;allied,Know Your Standard - Bureau of Indian Standards,https://standards.bis.gov.in/website/know-your-standards,2026-09-07
IS 7285 : Part 1 : 2018,Refillable Seamless Steel Gas Cylinders- Specification Part 1 Normalized Steel Cylinders (Fourth Revision),,,,,,,,,,,https://standards.bis.gov.in/website/know-your-standards,https://standardsbis.bsbedge.com/,refillable;seamless;steel;gas;cylinders;normalized;fourth;revision,Know Your Standard - Bureau of Indian Standards,https://standards.bis.gov.in/website/know-your-standards,2026-09-07
IS 7285 : Part 2 : 2017,Refillable Seamless Steel Gas Cylinders - Specification Part 2 Quenched and Tempered Steel Cylinders With Tensile Strength Less Than 1 100 MPa (112 kgf/mm),,,,,,,,,,,https://standards.bis.gov.in/website/know-your-standards,https://standardsbis.bsbedge.com/,refillable;seamless;steel;gas;cylinders;quenched;tempered;tensile;strength;less;than;mpa,Know Your Standard - Bureau of Indian Standards,https://standards.bis.gov.in/website/know-your-standards,2026-09-07
IS 7312 (Hindi Language) : 2018,Welded and Seamless Steel Dissolved Acetylene Gas Cylinders-Specification - (Hindi Language),,,,,,,,,,,https://standards.bis.gov.in/website/know-your-standards,https://standardsbis.bsbedge.com/,welded;seamless;steel;dissolved;acetylene;gas;cylinders;hindi;language,Know Your Standard - Bureau of Indian Standards,https://standards.bis.gov.in/website/know-your-standards,2026-09-07
IS 7312 : 2018,Welded and Seamless Steel Dissolved Acetylene Gas Cylinders — Specification ( Third Revision ),,,,,,,,,,,https://standards.bis.gov.in/website/know-your-standards,https://standardsbis.bsbedge.com/,welded;seamless;steel;dissolved;acetylene;gas;cylinders;third;revision,Know Your Standard - Bureau of Indian Standards,https://standards.bis.gov.in/website/know-your-standards,2026-09-07
IS 7680 : 1985,Welded Low Carbon Steel Gas Cylinders for Ammonia (Anhydrous) Gas,,,,,,,,,,,https://standards.bis.gov.in/website/know-your-standards,https://standardsbis.bsbedge.com/,welded;low;carbon;steel;gas;cylinders;ammonia;anhydrous,Know Your Standard - Bureau of Indian Standards,https://standards.bis.gov.in/website/know-your-standards,2026-09-07
IS 7681 : 1985,Welded Low Carbon Steel Gas Cylinders for Chlorine Gas,,,,,,,,,,,https://standards.bis.gov.in/website/know-your-standards,https://standardsbis.bsbedge.com/,welded;low;carbon;steel;gas;cylinders;chlorine,Know Your Standard - Bureau of Indian Standards,https://standards.bis.gov.in/website/know-your-standards,2026-09-07
IS 7682 : 1985,Welded Low Carbon Steel Gas Cylinders for Methyl Bromide Gas,,,,,,,,,,,https://standards.bis.gov.in/website/know-your-standards,https://standardsbis.bsbedge.com/,welded;low;carbon;steel;gas;cylinders;methyl;bromide,Know Your Standard - Bureau of Indian Standards,https://standards.bis.gov.in/website/know-your-standards,2026-09-07
IS 7829 : 1975,Marking of aircraft gas cylinders,,,,,,,,,,,https://standards.bis.gov.in/website/know-your-standards,https://standardsbis.bsbedge.com/,marking;aircraft;gas;cylinders,Know Your Standard - Bureau of Indian Standards,https://standards.bis.gov.in/website/know-your-standards,2026-09-07
IS/IEC 41 : 1991 ( IEC 41 : 1991),"Field Acceptance Tests to Determine the Hydraulic Performance of Hydraulic Turbines, Storage Pumps and Pump Turbines",,,,,,,,,,,https://standards.bis.gov.in/website/know-your-standards,https://standardsbis.bsbedge.com/,field;acceptance;determine;hydraulic;performance;turbines;storage;pumps;pump,Know Your Standard - Bureau of Indian Standards,https://standards.bis.gov.in/website/know-your-standards,2026-09-07
"IS 302 : Part 2 : Sec 40 : 2025 ( (IEC 60335-2-40 : 2022, MOD))","Safety of Household and Similar Electrical Appliances - Part 2 Particular Requirements - Section 40 Electrical Heat Pumps, Air-Conditioners and Dehumidifiers (IEC 60335-2-40 : 2022, MOD)",,,,,,,,,,,https://standards.bis.gov.in/website/know-your-standards,https://standardsbis.bsbedge.com/,safety;household;similar;electrical;appliances;particular;section;heat;pumps;air;conditioners;dehumidifiers,Know Your Standard - Bureau of Indian Standards,https://standards.bis.gov.in/website/know-your-standards,2026-09-07
IS 1520 : 1980,"Horizontal centrifugal pumps for clear, cold, fresh water",,,,,,,,,,,https://standards.bis.gov.in/website/know-your-standards,https://standardsbis.bsbedge.com/,horizontal;centrifugal;pumps;clear;cold;fresh;water,Know Your Standard - Bureau of Indian Standards,https://standards.bis.gov.in/website/know-your-standards,2026-09-07
IS 1543 : 1964,Single Cylinder Fuel Injection Pumps,,,,,,,,,,,https://standards.bis.gov.in/website/know-your-standards,https://standardsbis.bsbedge.com/,single;cylinder;fuel;injection;pumps,Know Your Standard - Bureau of Indian Standards,https://standards.bis.gov.in/website/know-your-standards,2026-09-07
IS 1710 : 2021,Vertical Turbine Pumps - Specification ( Third Revision ),,,,,,,,,,,https://standards.bis.gov.in/website/know-your-standards,https://standardsbis.bsbedge.com/,vertical;turbine;pumps;third;revision,Know Your Standard - Bureau of Indian Standards,https://standards.bis.gov.in/website/know-your-standards,2026-09-07
IS/ISO 2151 : 2004,Acoustics - Noise Test Code for Compressors And Vacuum Pumps - Engineering Method (Grade 2),,,,,,,,,,,https://standards.bis.gov.in/website/know-your-standards,https://standardsbis.bsbedge.com/,acoustics;noise;compressors;vacuum;pumps;engineering;grade,Know Your Standard - Bureau of Indian Standards,https://standards.bis.gov.in/website/know-your-standards,2026-09-07
IS 2254 - (Active) : 1985,Dimensions of vertical shaft motors for pumps - (Vaild upto 18 August 2026),,,,,,,,,,,https://standards.bis.gov.in/website/know-your-standards,https://standardsbis.bsbedge.com/,dimensions;vertical;shaft;motors;pumps;vaild;upto;august,Know Your Standard - Bureau of Indian Standards,https://standards.bis.gov.in/website/know-your-standards,2026-09-07
IS 2254 : 2026,Dimensions of Vertical Shaft Motors for Pumps,,,,,,,,,,,https://standards.bis.gov.in/website/know-your-standards,https://standardsbis.bsbedge.com/,dimensions;vertical;shaft;motors;pumps,Know Your Standard - Bureau of Indian Standards,https://standards.bis.gov.in/website/know-your-standards,2026-09-07
IS 4110 : Part 2 : 2023 ( ISO 3529-2:2020),Vacuum Technology Vocabulary - Part 2 Vacuum Pumps And Related Terms,,,,,,,,,,,https://standards.bis.gov.in/website/know-your-standards,https://standardsbis.bsbedge.com/,vacuum;technology;vocabulary;pumps;related;terms,Know Your Standard - Bureau of Indian Standards,https://standards.bis.gov.in/website/know-your-standards,2026-09-07
IS 5120 : 1977,Technical requirements for rotodynamic special purpose pumps,,,,,,,,,,,https://standards.bis.gov.in/website/know-your-standards,https://standardsbis.bsbedge.com/,technical;rotodynamic;special;purpose;pumps,Know Your Standard - Bureau of Indian Standards,https://standards.bis.gov.in/website/know-your-standards,2026-09-07
IS/ISO 5199 : 2002 ( ISO 5199 : 2002),Technical Specifications for Centrifugal Pumps - Class II,,,,,,,,,,,https://standards.bis.gov.in/website/know-your-standards,https://standardsbis.bsbedge.com/,technical;centrifugal;pumps;class,Know Your Standard - Bureau of Indian Standards,https://standards.bis.gov.in/website/know-your-standards,2026-09-07
IS 5600 : 2002,Pumps - Sewage and Drainage,,,,,,,,,,,https://standards.bis.gov.in/website/know-your-standards,https://standardsbis.bsbedge.com/,pumps;sewage;drainage,Know Your Standard - Bureau of Indian Standards,https://standards.bis.gov.in/website/know-your-standards,2026-09-07
IS 5639 : 1970,Pumps Handling Chemicals and Corrosive Liquids,,,,,,,,,,,https://standards.bis.gov.in/website/know-your-standards,https://standardsbis.bsbedge.com/,pumps;handling;chemicals;corrosive;liquids,Know Your Standard - Bureau of Indian Standards,https://standards.bis.gov.in/website/know-your-standards,2026-09-07
IS 5659 : 1970,Pumps for Process Water (Incorporated Amendement No.1),,,,,,,,,,,https://standards.bis.gov.in/website/know-your-standards,https://standardsbis.bsbedge.com/,pumps;process;water;incorporated;amendement,Know Your Standard - Bureau of Indian Standards,https://standards.bis.gov.in/website/know-your-standards,2026-09-07
IS 6070 : 1983,"Code of practice for selection, operation and maintenance of trailer fire pumps, portable pumps, water tenders and motor fire engines",,,,,,,,,,,https://standards.bis.gov.in/website/know-your-standards,https://standardsbis.bsbedge.com/,selection;operation;maintenance;trailer;fire;pumps;portable;water;tenders;motor;engines,Know Your Standard - Bureau of Indian Standards,https://standards.bis.gov.in/website/know-your-standards,2026-09-07
IS 6536 : 1972,Pumps For Handling Volatile Liquids,,,,,,,,,,,https://standards.bis.gov.in/website/know-your-standards,https://standardsbis.bsbedge.com/,pumps;handling;volatile;liquids,Know Your Standard - Bureau of Indian Standards,https://standards.bis.gov.in/website/know-your-standards,2026-09-07
IS 6595 : Part 1 : 2018,"Horizontal Centrifugal Pumps for Clear, Cold Water — Specification Part 1 Agricultural and Rural Water Supply Purposes ( Fourth Revision )",,,,,,,,,,,https://standards.bis.gov.in/website/know-your-standards,https://standardsbis.bsbedge.com/,horizontal;centrifugal;pumps;clear;cold;water;agricultural;rural;supply;purposes;fourth;revision,Know Your Standard - Bureau of Indian Standards,https://standards.bis.gov.in/website/know-your-standards,2026-09-07
IS 6596 : 1972,Pumps for Handling Paper Stock,,,,,,,,,,,https://standards.bis.gov.in/website/know-your-standards,https://standardsbis.bsbedge.com/,pumps;handling;paper;stock,Know Your Standard - Bureau of Indian Standards,https://standards.bis.gov.in/website/know-your-standards,2026-09-07
IS 6849 : Part 1 : 1999 ( ISO 1607-1 : 1993),Positive Displacement Vacuum Pumps - Measurement of Performance Characteristics - Part 1 : Measurement of Volume Rate of Flow (Pumping Speed),,,,,,,,,,,https://standards.bis.gov.in/website/know-your-standards,https://standardsbis.bsbedge.com/,positive;displacement;vacuum;pumps;measurement;performance;characteristics;volume;rate;flow;pumping;speed,Know Your Standard - Bureau of Indian Standards,https://standards.bis.gov.in/website/know-your-standards,2026-09-07
IS 6849 : Part 2 : 1993 ( ISO 1607-2 : 1989),Positive displacement vacuum pumps - Measurement of performance characterstics Part 2 Measurement of ultimate pressure,,,,,,,,,,,https://standards.bis.gov.in/website/know-your-standards,https://standardsbis.bsbedge.com/,positive;displacement;vacuum;pumps;measurement;performance;characterstics;ultimate;pressure,Know Your Standard - Bureau of Indian Standards,https://standards.bis.gov.in/website/know-your-standards,2026-09-07
IS 6849 : Part 3 : 1976,Methods of measurement of the performance characteristics of positive-displacement vacuum pumps Part 3 Water vapour pumping capacity,,,,,,,,,,,https://standards.bis.gov.in/website/know-your-standards,https://standardsbis.bsbedge.com/,measurement;performance;characteristics;positive;displacement;vacuum;pumps;water;vapour;pumping;capacity,Know Your Standard - Bureau of Indian Standards,https://standards.bis.gov.in/website/know-your-standards,2026-09-07
IS 7538 : 1996,Three-phase squirrel cage induction motors for centrifugal pumps for agricultural applications,,,,,,,,,,,https://standards.bis.gov.in/website/know-your-standards,https://standardsbis.bsbedge.com/,three;phase;squirrel;cage;induction;motors;centrifugal;pumps;agricultural;applications,Know Your Standard - Bureau of Indian Standards,https://standards.bis.gov.in/website/know-your-standards,2026-09-07
IS 6926 : 1996,Diamond Core Drilling - Site Investigation for River Valley Projects - Code of Practice,,,,,,,,,,,https://standards.bis.gov.in/website/know-your-standards,https://standardsbis.bsbedge.com/,diamond;core;drilling;site;investigation;river;valley;projects,Know Your Standard - Bureau of Indian Standards,https://standards.bis.gov.in/website/know-your-standards,2026-09-07
IS 10208 : 2025,Diamond Core Drilling Equipment - Specification,,,,,,,,,,,https://standards.bis.gov.in/website/know-your-standards,https://standardsbis.bsbedge.com/,diamond;core;drilling;equipment,Know Your Standard - Bureau of Indian Standards,https://standards.bis.gov.in/website/know-your-standards,2026-09-07
IS 15028 : 2024,Hoisting Swivel for Use with Diamond Core Drilling - Specification,,,,,,,,,,,https://standards.bis.gov.in/website/know-your-standards,https://standardsbis.bsbedge.com/,hoisting;swivel;use;diamond;core;drilling,Know Your Standard - Bureau of Indian Standards,https://standards.bis.gov.in/website/know-your-standards,2026-09-07
IS 15029 : 2024,Recovery Taps for Use with Diamond Core Drilling-Specification,,,,,,,,,,,https://standards.bis.gov.in/website/know-your-standards,https://standardsbis.bsbedge.com/,recovery;taps;use;diamond;core;drilling,Know Your Standard - Bureau of Indian Standards,https://standards.bis.gov.in/website/know-your-standards,2026-09-07
IS 15083 : 2001,Water Swivel for Use with Diamond Core Drilling - Requirements,,,,,,,,,,,https://standards.bis.gov.in/website/know-your-standards,https://standardsbis.bsbedge.com/,water;swivel;use;diamond;core;drilling,Know Your Standard - Bureau of Indian Standards,https://standards.bis.gov.in/website/know-your-standards,2026-09-07
IS 15481 : Part 1 : 2024,Wireline Diamond Core Drilling Equipment - System A - Part 1 Metric Units,,,,,,,,,,,https://standards.bis.gov.in/website/know-your-standards,https://standardsbis.bsbedge.com/,wireline;diamond;core;drilling;equipment;system;metric;units,Know Your Standard - Bureau of Indian Standards,https://standards.bis.gov.in/website/know-your-standards,2026-09-07
IS 6480 : 2023,Terms Relating To Domestic And Commercial Gas Burning Appliances - Glossary,,,,,,,,,,,https://standards.bis.gov.in/website/know-your-standards,https://standardsbis.bsbedge.com/,terms;relating;domestic;commercial;gas;burning;appliances;glossary,Know Your Standard - Bureau of Indian Standards,https://standards.bis.gov.in/website/know-your-standards,2026-09-07
IS 12012 : 1992,Gas Taps with or Without Flame Failure Devise for Domestic and Commercial Gas Burning Appliances,,,,,,,,,,,https://standards.bis.gov.in/website/know-your-standards,https://standardsbis.bsbedge.com/,gas;taps;without;flame;failure;devise;domestic;commercial;burning;appliances,Know Your Standard - Bureau of Indian Standards,https://standards.bis.gov.in/website/know-your-standards,2026-09-07
IS 13432 : 2023,Mechanical Type Gas Leak Detector for use with Low Pressure Liquefied Petroleum Gas Burning Appliances - Specification,,,,,,,,,,,https://standards.bis.gov.in/website/know-your-standards,https://standardsbis.bsbedge.com/,mechanical;type;gas;leak;detector;use;low;pressure;liquefied;petroleum;burning;appliances,Know Your Standard - Bureau of Indian Standards,https://standards.bis.gov.in/website/know-your-standards,2026-09-07
IS 13432 : Part 1 : 1992,Gas Leak Detector for Use with Low Pressure Liquefied Petroleum Gas Burning Appliances Part 1 Mechanical Type,,,,,,,,,,,https://standards.bis.gov.in/website/know-your-standards,https://standardsbis.bsbedge.com/,gas;leak;detector;use;low;pressure;liquefied;petroleum;burning;appliances;mechanical;type,Know Your Standard - Bureau of Indian Standards,https://standards.bis.gov.in/website/know-your-standards,2026-09-07
IS 13432 : Part 2 : 1998,Gas Leak Indicator for Use with Low Pressure Liquefied Petroleum Gas Burning Appliances - Part 2 : Electronic type,,,,,,,,,,,https://standards.bis.gov.in/website/know-your-standards,https://standardsbis.bsbedge.com/,gas;leak;indicator;use;low;pressure;liquefied;petroleum;burning;appliances;electronic;type,Know Your Standard - Bureau of Indian Standards,https://standards.bis.gov.in/website/know-your-standards,2026-09-07
IS 18616 : 2024,Piezoelectric Spark Lighters for Gas Burning Appliances ― Specification,,,,,,,,,,,https://standards.bis.gov.in/website/know-your-standards,https://standardsbis.bsbedge.com/,piezoelectric;spark;lighters;gas;burning;appliances,Know Your Standard - Bureau of Indian Standards,https://standards.bis.gov.in/website/know-your-standards,2026-09-07
IS 17566 : 2021,Draft Standard on Key locks for security Equipment-Specification,,,,,,,,,,,https://standards.bis.gov.in/website/know-your-standards,https://standardsbis.bsbedge.com/,draft;standard;key;locks;security;equipment,Know Your Standard - Bureau of Indian Standards,https://standards.bis.gov.in/website/know-your-standards,2026-09-07
IS 19461 : 2025,Electronic Locks for Security Equipment - Specifications,,,,,,,,,,,https://standards.bis.gov.in/website/know-your-standards,https://standardsbis.bsbedge.com/,electronic;locks;security;equipment,Know Your Standard - Bureau of Indian Standards,https://standards.bis.gov.in/website/know-your-standards,2026-09-07
IS 11097 : Part 1 : 1984,Glossary of terms for printing machinery: Part 1 Fundamental terms,,,,,,,,,,,https://standards.bis.gov.in/website/know-your-standards,https://standardsbis.bsbedge.com/,glossary;terms;printing;machinery;fundamental,Know Your Standard - Bureau of Indian Standards,https://standards.bis.gov.in/website/know-your-standards,2026-09-07
IS 14637 : 1999,Printing Machinery - Recommendations to be given on Indication Plates,,,,,,,,,,,https://standards.bis.gov.in/website/know-your-standards,https://standardsbis.bsbedge.com/,printing;machinery;recommendations;given;indication;plates,Know Your Standard - Bureau of Indian Standards,https://standards.bis.gov.in/website/know-your-standards,2026-09-07
IS 12202 : 1987,Glossary of Terms Relating to Oil Burning Appliances (pressure Type and Non Pressure Type,,,,,,,,,,,https://standards.bis.gov.in/website/know-your-standards,https://standardsbis.bsbedge.com/,glossary;terms;relating;oil;burning;appliances;pressure;type;non,Know Your Standard - Bureau of Indian Standards,https://standards.bis.gov.in/website/know-your-standards,2026-09-07
IS 9301 : 1990,Deepwell Handpumps,,,,,,,,,,,https://standards.bis.gov.in/website/know-your-standards,https://standardsbis.bsbedge.com/,deepwell;handpumps,Know Your Standard - Bureau of Indian Standards,https://standards.bis.gov.in/website/know-your-standards,2026-09-07
IS 11004 : Part 2 : 1991,Code of Practice for Installation and Maintenance of Deepwell Handpumps Part 2 Maintenance,,,,,,,,,,,https://standards.bis.gov.in/website/know-your-standards,https://standardsbis.bsbedge.com/,installation;maintenance;deepwell;handpumps,Know Your Standard - Bureau of Indian Standards,https://standards.bis.gov.in/website/know-your-standards,2026-09-07
IS 13056 : 1991,Deepwell handpumps (VLOM),,,,,,,,,,,https://standards.bis.gov.in/website/know-your-standards,https://standardsbis.bsbedge.com/,deepwell;handpumps;vlom,Know Your Standard - Bureau of Indian Standards,https://standards.bis.gov.in/website/know-your-standards,2026-09-07
IS 13287 : 1992,Extra Deepwell Handpumps,,,,,,,,,,,https://standards.bis.gov.in/website/know-your-standards,https://standardsbis.bsbedge.com/,extra;deepwell;handpumps,Know Your Standard - Bureau of Indian Standards,https://standards.bis.gov.in/website/know-your-standards,2026-09-07
IS 14101 : 1994,Deepwell Handpumps - Components - Cast Iron,,,,,,,,,,,https://standards.bis.gov.in/website/know-your-standards,https://standardsbis.bsbedge.com/,deepwell;handpumps;components;cast;iron,Know Your Standard - Bureau of Indian Standards,https://standards.bis.gov.in/website/know-your-standards,2026-09-07
IS 14102 : 1994,Deepwell Handpumps - Components - Leaded Tin Bronze,,,,,,,,,,,https://standards.bis.gov.in/website/know-your-standards,https://standardsbis.bsbedge.com/,deepwell;handpumps;components;leaded;tin;bronze,Know Your Standard - Bureau of Indian Standards,https://standards.bis.gov.in/website/know-your-standards,2026-09-07
IS 14103 : 1994,Deepwell handpumps - Components - Mild steel,,,,,,,,,,,https://standards.bis.gov.in/website/know-your-standards,https://standardsbis.bsbedge.com/,deepwell;handpumps;components;mild;steel,Know Your Standard - Bureau of Indian Standards,https://standards.bis.gov.in/website/know-your-standards,2026-09-07
IS 14104 : 1994,Deepwell Handpumps - Components - Nitrile Rubber,,,,,,,,,,,https://standards.bis.gov.in/website/know-your-standards,https://standardsbis.bsbedge.com/,deepwell;handpumps;components;nitrile;rubber,Know Your Standard - Bureau of Indian Standards,https://standards.bis.gov.in/website/know-your-standards,2026-09-07
IS 14105 : 1994,Deepwell Handpumps - Components - Stainless Steel,,,,,,,,,,,https://standards.bis.gov.in/website/know-your-standards,https://standardsbis.bsbedge.com/,deepwell;handpumps;components;stainless;steel,Know Your Standard - Bureau of Indian Standards,https://standards.bis.gov.in/website/know-your-standards,2026-09-07
IS 14106 : 2024,Direct Action Handpumps-Specification,,,,,,,,,,,https://standards.bis.gov.in/website/know-your-standards,https://standardsbis.bsbedge.com/,direct;action;handpumps,Know Your Standard - Bureau of Indian Standards,https://standards.bis.gov.in/website/know-your-standards,2026-09-07
IS 14107 : 1999,Special Tools for Deepwell Handpumps,,,,,,,,,,,https://standards.bis.gov.in/website/know-your-standards,https://standardsbis.bsbedge.com/,special;tools;deepwell;handpumps,Know Your Standard - Bureau of Indian Standards,https://standards.bis.gov.in/website/know-your-standards,2026-09-07
IS 15500 : Part 1 to 8 : 2021,Deepwell Handpumps Components and Special Tools Specification,,,,,,,,,,,https://standards.bis.gov.in/website/know-your-standards,https://standardsbis.bsbedge.com/,deepwell;handpumps;components;special;tools,Know Your Standard - Bureau of Indian Standards,https://standards.bis.gov.in/website/know-your-standards,2026-09-07
IS/ISO 2017 : Part 2 : 2007,Mechanical Vibration and Shock - Resilient Mounting Systems Part 2 Technical Information to be Exchanged for the Application of Vibration Isolation Associated with Railway Systems,,,,,,,,,,,https://standards.bis.gov.in/website/know-your-standards,https://standardsbis.bsbedge.com/,mechanical;vibration;shock;resilient;mounting;systems;technical;information;exchanged;application;isolation;associated,Know Your Standard - Bureau of Indian Standards,https://standards.bis.gov.in/website/know-your-standards,2026-09-07
IS/ISO 2631 : PART 2 : 2003 ( ISO 2631 : Part 2 : 2003),Mechanical vibration and shock - Evaluation of human exposure to whole body vibration : Part 2 Vibration in buildings (1 Hz to 80 Hz),,,,,,,,,,,https://standards.bis.gov.in/website/know-your-standards,https://standardsbis.bsbedge.com/,mechanical;vibration;shock;evaluation;human;exposure;whole;body;buildings,Know Your Standard - Bureau of Indian Standards,https://standards.bis.gov.in/website/know-your-standards,2026-09-07
IS/ISO 4866 : 2010 ( ISO 4866 : 2010),Mechanical Vibration and Shock - Vibration of Fixed Structures - Guidelines for the Measurement of Vibrations and Evaluation of their Effects on Structures,,,,,,,,,,,https://standards.bis.gov.in/website/know-your-standards,https://standardsbis.bsbedge.com/,mechanical;vibration;shock;fixed;structures;guidelines;measurement;vibrations;evaluation;their;effects,Know Your Standard - Bureau of Indian Standards,https://standards.bis.gov.in/website/know-your-standards,2026-09-07
IS/ISO 5982 : 2019 ( ISO 5982 : 2019),Mechanical Vibration and Shock-Range of Idealized Values to Characterize Human Biodynamic Response Under Whole-Body Vibration,,,,,,,,,,,https://standards.bis.gov.in/website/know-your-standards,https://standardsbis.bsbedge.com/,mechanical;vibration;shock;range;idealized;values;characterize;human;biodynamic;response;under;whole,Know Your Standard - Bureau of Indian Standards,https://standards.bis.gov.in/website/know-your-standards,2026-09-07
IS/ISO 7626 : Part 5 : 2019 ( ISO 7626-5 : 2019),Mechanical Vibration and Shock — Experimental Determination of Mechanical Mobility Part 5 Measurements Using Impact Excitation with an Exciter Which is Not Attached to The Structure ( First Revision ),,,,,,,,,,,https://standards.bis.gov.in/website/know-your-standards,https://standardsbis.bsbedge.com/,mechanical;vibration;shock;experimental;determination;mobility;measurements;using;impact;excitation;exciter;which,Know Your Standard - Bureau of Indian Standards,https://standards.bis.gov.in/website/know-your-standards,2026-09-07
IS 13276 : Part 1 : 2000 ( ISO 2631-1 : 1997),Mechanical Vibration and Shock - Evaluation of Human Exposure to Whole Body Vibration - Part 1 : General Requirements,,,,,,,,,,,https://standards.bis.gov.in/website/know-your-standards,https://standardsbis.bsbedge.com/,mechanical;vibration;shock;evaluation;human;exposure;whole;body,Know Your Standard - Bureau of Indian Standards,https://standards.bis.gov.in/website/know-your-standards,2026-09-07
IS 13281 : 1999 ( ISO 5805 : 1997),Mechanical Vibration and Shock Affecting Man - Vocabulary,,,,,,,,,,,https://standards.bis.gov.in/website/know-your-standards,https://standardsbis.bsbedge.com/,mechanical;vibration;shock;affecting;man;vocabulary,Know Your Standard - Bureau of Indian Standards,https://standards.bis.gov.in/website/know-your-standards,2026-09-07
IS 14733 : 1999,Mechanical Vibration and Shock - Guidelines for the Overall Evaluation of Vibration in Merchant Ships,,,,,,,,,,,https://standards.bis.gov.in/website/know-your-standards,https://standardsbis.bsbedge.com/,mechanical;vibration;shock;guidelines;overall;evaluation;merchant;ships,Know Your Standard - Bureau of Indian Standards,https://standards.bis.gov.in/website/know-your-standards,2026-09-07
IS 14736 : Part 1 : 2017 ( ISO 7626-1 : 2011),"Mechanical Vibration and Shock - Experimental Determination of Mechanical Mobility Part 1 Basic Terms and Definitions, and Transducer Specifications (First Revision)",,,,,,,,,,,https://standards.bis.gov.in/website/know-your-standards,https://standardsbis.bsbedge.com/,mechanical;vibration;shock;experimental;determination;mobility;basic;terms;definitions;transducer;first;revision,Know Your Standard - Bureau of Indian Standards,https://standards.bis.gov.in/website/know-your-standards,2026-09-07
IS 14736 : Part 2 : 2018 ( ISO 7626-2 : 2015),Mechanical Vibration and Shock - Experimental Determination of Mechanical Mobility Part 2 Measurements Using Single - Point Translation Excitation with an Attached Vibration Exciter ( First Revision),,,,,,,,,,,https://standards.bis.gov.in/website/know-your-standards,https://standardsbis.bsbedge.com/,mechanical;vibration;shock;experimental;determination;mobility;measurements;using;single;point;translation;excitation,Know Your Standard - Bureau of Indian Standards,https://standards.bis.gov.in/website/know-your-standards,2026-09-07
IS 14883 : 2022 ( ISO 5348: 2021),Mechanical Vibration and Shock Mechanical Mounting of Accelerometers First Revision,,,,,,,,,,,https://standards.bis.gov.in/website/know-your-standards,https://standardsbis.bsbedge.com/,mechanical;vibration;shock;mounting;accelerometers;first;revision,Know Your Standard - Bureau of Indian Standards,https://standards.bis.gov.in/website/know-your-standards,2026-09-07
IS 14884 : 2000,Mechanical Vibration and Shock - Vibration of Buildings - Guidelines for the Measurement of Vibrations and Evaluation of Their Effects on Buildings,,,,,,,,,,,https://standards.bis.gov.in/website/know-your-standards,https://standardsbis.bsbedge.com/,mechanical;vibration;shock;buildings;guidelines;measurement;vibrations;evaluation;their;effects,Know Your Standard - Bureau of Indian Standards,https://standards.bis.gov.in/website/know-your-standards,2026-09-07
IS 14908 : 2001,Mechanical Vibration and Shock - Mechanical Transmissiblity of the Human Body in the Z Direction,,,,,,,,,,,https://standards.bis.gov.in/website/know-your-standards,https://standardsbis.bsbedge.com/,mechanical;vibration;shock;transmissiblity;human;body;direction,Know Your Standard - Bureau of Indian Standards,https://standards.bis.gov.in/website/know-your-standards,2026-09-07
IS 14910 : 2001 ( ISO 8727 : 1997),Mechanical Vibration and Shock - Human Exposure - Biodynamic Coordinate Systems,,,,,,,,,,,https://standards.bis.gov.in/website/know-your-standards,https://standardsbis.bsbedge.com/,mechanical;vibration;shock;human;exposure;biodynamic;coordinate;systems,Know Your Standard - Bureau of Indian Standards,https://standards.bis.gov.in/website/know-your-standards,2026-09-07
IS 14916 : 2016 ( ISO 10068 : 2012),Mechanical Vibration and Shock - Mechanical Impedance of The Human Hand-Arm System at The Driving Point,,,,,,,,,,,https://standards.bis.gov.in/website/know-your-standards,https://standardsbis.bsbedge.com/,mechanical;vibration;shock;impedance;human;hand;arm;system;driving;point,Know Your Standard - Bureau of Indian Standards,https://standards.bis.gov.in/website/know-your-standards,2026-09-07
IS/ISO 14963 : 2003 ( ISO 14963 : 2003),Mechanical Vibration and Shock - Guidelines for Dynamic Tests and Investigations on Bridges and Viaducts,,,,,,,,,,,https://standards.bis.gov.in/website/know-your-standards,https://standardsbis.bsbedge.com/,mechanical;vibration;shock;guidelines;dynamic;investigations;bridges;viaducts,Know Your Standard - Bureau of Indian Standards,https://standards.bis.gov.in/website/know-your-standards,2026-09-07
IS 14979 : 2001 ( ISO 9996 : 1996),Mechanical Vibration and Shocks - Disturbance to Human Activity and Performance - Classification,,,,,,,,,,,https://standards.bis.gov.in/website/know-your-standards,https://standardsbis.bsbedge.com/,mechanical;vibration;shocks;disturbance;human;activity;performance;classification,Know Your Standard - Bureau of Indian Standards,https://standards.bis.gov.in/website/know-your-standards,2026-09-07
IS 15593 : Part 1 : 2005 ( ISO/TS 10811-1 : 2000),Mechanical Vibration and Shock - Vibration and Shock in Buildings with Sensitive Equipment : Part 1 Measurement and evaluation,,,,,,,,,,,https://standards.bis.gov.in/website/know-your-standards,https://standardsbis.bsbedge.com/,mechanical;vibration;shock;buildings;sensitive;equipment;measurement;evaluation,Know Your Standard - Bureau of Indian Standards,https://standards.bis.gov.in/website/know-your-standards,2026-09-07
IS 15593 : Part 2 : 2005 ( ISO/TS 10811-2 : 2000),Mechanical Vibration and Shock - Vibration and Shock in Buildings with Sensitive Equipment : Part 2 Classification,,,,,,,,,,,https://standards.bis.gov.in/website/know-your-standards,https://standardsbis.bsbedge.com/,mechanical;vibration;shock;buildings;sensitive;equipment;classification,Know Your Standard - Bureau of Indian Standards,https://standards.bis.gov.in/website/know-your-standards,2026-09-07
IS 17918 : 2023,Mechanical Vibration And Shock - Resilient Mounting Systems -Technical Information To Be Exchanged For The Application Of Isolation Systems,,,,,,,,,,,https://standards.bis.gov.in/website/know-your-standards,https://standardsbis.bsbedge.com/,mechanical;vibration;shock;resilient;mounting;systems;technical;information;exchanged;application;isolation,Know Your Standard - Bureau of Indian Standards,https://standards.bis.gov.in/website/know-your-standards,2026-09-07
IS/ISO 18431 : Part 1 : 2005 ( ISO 18431 : Part 1 : 2005),Mechanical Vibration and Shock-Signal Processing Part 1 General Introduction,,,,,,,,,,,https://standards.bis.gov.in/website/know-your-standards,https://standardsbis.bsbedge.com/,mechanical;vibration;shock;signal;processing;introduction,Know Your Standard - Bureau of Indian Standards,https://standards.bis.gov.in/website/know-your-standards,2026-09-07
IS/ISO 21289 : 2008 ( ISO 21289 : 2008),Mechanical Vibration and Shock - Parameters to be Specified for the Acquisition of Vibration Data,,,,,,,,,,,https://standards.bis.gov.in/website/know-your-standards,https://standardsbis.bsbedge.com/,mechanical;vibration;shock;parameters;specified;acquisition;data,Know Your Standard - Bureau of Indian Standards,https://standards.bis.gov.in/website/know-your-standards,2026-09-07
IS 302 : Part 2 : Sec 28 : 2026 ( IEC 60335-2-28 : 2021),Household and Similar Electrical Appliances - Safety - Part 2 Particular Requirements - Section 28 Sewing Machines,,,,,,,,,,,https://standards.bis.gov.in/website/know-your-standards,https://standardsbis.bsbedge.com/,household;similar;electrical;appliances;safety;particular;section;sewing;machines,Know Your Standard - Bureau of Indian Standards,https://standards.bis.gov.in/website/know-your-standards,2026-09-07
IS 1294 : 1989,Household Sewing Machines - Bobbins,,,,,,,,,,,https://standards.bis.gov.in/website/know-your-standards,https://standardsbis.bsbedge.com/,household;sewing;machines;bobbins,Know Your Standard - Bureau of Indian Standards,https://standards.bis.gov.in/website/know-your-standards,2026-09-07
IS 1295 : 1990,Household sewing machines - Needle bar _,,,,,,,,,,,https://standards.bis.gov.in/website/know-your-standards,https://standardsbis.bsbedge.com/,household;sewing;machines;needle;bar,Know Your Standard - Bureau of Indian Standards,https://standards.bis.gov.in/website/know-your-standards,2026-09-07
IS 1610 : 2018,Household Sewing Machines — General Requirements ( Fourth Revision ),,,,,,,,,,,https://standards.bis.gov.in/website/know-your-standards,https://standardsbis.bsbedge.com/,household;sewing;machines;fourth;revision,Know Your Standard - Bureau of Indian Standards,https://standards.bis.gov.in/website/know-your-standards,2026-09-07
IS 3290 : 2025,Household Sewing Machines - Thread Take-Up Lever Sub-Assembly for Cam-Type Machines - Specification,,,,,,,,,,,https://standards.bis.gov.in/website/know-your-standards,https://standardsbis.bsbedge.com/,household;sewing;machines;thread;take;lever;sub;assembly;cam;type,Know Your Standard - Bureau of Indian Standards,https://standards.bis.gov.in/website/know-your-standards,2026-09-07
IS 3291 : 2023,Household Sewing Machines-Thread Take-Up Cams-Specification,,,,,,,,,,,https://standards.bis.gov.in/website/know-your-standards,https://standardsbis.bsbedge.com/,household;sewing;machines;thread;take;cams,Know Your Standard - Bureau of Indian Standards,https://standards.bis.gov.in/website/know-your-standards,2026-09-07
IS 3299 : 2025,Oscillating Rock Shafts for Sewing Machines for Household Purposes - Specification,,,,,,,,,,,https://standards.bis.gov.in/website/know-your-standards,https://standardsbis.bsbedge.com/,oscillating;rock;shafts;sewing;machines;household;purposes,Know Your Standard - Bureau of Indian Standards,https://standards.bis.gov.in/website/know-your-standards,2026-09-07
IS 3375 : 1991,Household Sewing Machines - Bobbin Case _,,,,,,,,,,,https://standards.bis.gov.in/website/know-your-standards,https://standardsbis.bsbedge.com/,household;sewing;machines;bobbin;case,Know Your Standard - Bureau of Indian Standards,https://standards.bis.gov.in/website/know-your-standards,2026-09-07
IS 3816 : 2025,Connecting Rods for Sewing Machines for Household Purposes - Specification,,,,,,,,,,,https://standards.bis.gov.in/website/know-your-standards,https://standardsbis.bsbedge.com/,connecting;rods;sewing;machines;household;purposes,Know Your Standard - Bureau of Indian Standards,https://standards.bis.gov.in/website/know-your-standards,2026-09-07
IS 3817 : 2024,Household Sewing Machines - Arm Shaft - Specification,,,,,,,,,,,https://standards.bis.gov.in/website/know-your-standards,https://standardsbis.bsbedge.com/,household;sewing;machines;arm;shaft,Know Your Standard - Bureau of Indian Standards,https://standards.bis.gov.in/website/know-your-standards,2026-09-07
IS 3868 : 2025,Feed Lifting Rock Shaft for Sewing Machines for Household Purposes - Specification,,,,,,,,,,,https://standards.bis.gov.in/website/know-your-standards,https://standardsbis.bsbedge.com/,feed;lifting;rock;shaft;sewing;machines;household;purposes,Know Your Standard - Bureau of Indian Standards,https://standards.bis.gov.in/website/know-your-standards,2026-09-07
IS 4181 : 1967,Feed Fork for Sewing Machines for Household Purposes,,,,,,,,,,,https://standards.bis.gov.in/website/know-your-standards,https://standardsbis.bsbedge.com/,feed;fork;sewing;machines;household;purposes,Know Your Standard - Bureau of Indian Standards,https://standards.bis.gov.in/website/know-your-standards,2026-09-07
IS 4188 : 1996,Household sewing machines - Oscillating shafts,,,,,,,,,,,https://standards.bis.gov.in/website/know-your-standards,https://standardsbis.bsbedge.com/,household;sewing;machines;oscillating;shafts,Know Your Standard - Bureau of Indian Standards,https://standards.bis.gov.in/website/know-your-standards,2026-09-07
IS 4338 : 2025,Household Sewing Machines Vertical Oscillating Shuttle - Specification,,,,,,,,,,,https://standards.bis.gov.in/website/know-your-standards,https://standardsbis.bsbedge.com/,household;sewing;machines;vertical;oscillating;shuttle,Know Your Standard - Bureau of Indian Standards,https://standards.bis.gov.in/website/know-your-standards,2026-09-07
IS 4339 : 1997,Household Sewing Machines - Needle Bar Link Studs,,,,,,,,,,,https://standards.bis.gov.in/website/know-your-standards,https://standardsbis.bsbedge.com/,household;sewing;machines;needle;bar;link;studs,Know Your Standard - Bureau of Indian Standards,https://standards.bis.gov.in/website/know-your-standards,2026-09-07
IS 4340 : 2025,Needle Bar Links for Sewing Machines for Household Purposes - Specification,,,,,,,,,,,https://standards.bis.gov.in/website/know-your-standards,https://standardsbis.bsbedge.com/,needle;bar;links;sewing;machines;household;purposes,Know Your Standard - Bureau of Indian Standards,https://standards.bis.gov.in/website/know-your-standards,2026-09-07
IS 4341 : 2024,Household Sewing Machines - Feed Bar Rollers and Studs - Specification,,,,,,,,,,,https://standards.bis.gov.in/website/know-your-standards,https://standardsbis.bsbedge.com/,household;sewing;machines;feed;bar;rollers;studs,Know Your Standard - Bureau of Indian Standards,https://standards.bis.gov.in/website/know-your-standards,2026-09-07
IS 4342 : 1967,Square Slider for Oscillating Rock Shaft for Sewing Machines for Household Purposes,,,,,,,,,,,https://standards.bis.gov.in/website/know-your-standards,https://standardsbis.bsbedge.com/,square;slider;oscillating;rock;shaft;sewing;machines;household;purposes,Know Your Standard - Bureau of Indian Standards,https://standards.bis.gov.in/website/know-your-standards,2026-09-07
IS 4632 : 1968,Square Sliders for Stitch Regulators for Sewing Machines for Household Purposes,,,,,,,,,,,https://standards.bis.gov.in/website/know-your-standards,https://standardsbis.bsbedge.com/,square;sliders;stitch;regulators;sewing;machines;household;purposes,Know Your Standard - Bureau of Indian Standards,https://standards.bis.gov.in/website/know-your-standards,2026-09-07
IS 4734 : 1968,Short needle bars for sewing machines household purposes,,,,,,,,,,,https://standards.bis.gov.in/website/know-your-standards,https://standardsbis.bsbedge.com/,short;needle;bars;sewing;machines;household;purposes,Know Your Standard - Bureau of Indian Standards,https://standards.bis.gov.in/website/know-your-standards,2026-09-07
IS 4735 : 1968,Arm Shaft Cams for Sewing Machines for Household Purposes,,,,,,,,,,,https://standards.bis.gov.in/website/know-your-standards,https://standardsbis.bsbedge.com/,arm;shaft;cams;sewing;machines;household;purposes,Know Your Standard - Bureau of Indian Standards,https://standards.bis.gov.in/website/know-your-standards,2026-09-07
IS 5740 : 1996,Household Sewing Machines - Memorandum on screw threads for sewing machine components,,,,,,,,,,,https://standards.bis.gov.in/website/know-your-standards,https://standardsbis.bsbedge.com/,household;sewing;machines;memorandum;screw;threads;machine;components,Know Your Standard - Bureau of Indian Standards,https://standards.bis.gov.in/website/know-your-standards,2026-09-07
IS 6903 : 1973,Glossary of terms relating to sewing machines for household purposes,,,,,,,,,,,https://standards.bis.gov.in/website/know-your-standards,https://standardsbis.bsbedge.com/,glossary;terms;relating;sewing;machines;household;purposes,Know Your Standard - Bureau of Indian Standards,https://standards.bis.gov.in/website/know-your-standards,2026-09-07
IS 7491 : 1989,"Sewing Machines, Household - Accuracy Requirements",,,,,,,,,,,https://standards.bis.gov.in/website/know-your-standards,https://standardsbis.bsbedge.com/,sewing;machines;household;accuracy,Know Your Standard - Bureau of Indian Standards,https://standards.bis.gov.in/website/know-your-standards,2026-09-07
IS 7492 : 1989,"Sewing machines, household - Sewing requirements",,,,,,,,,,,https://standards.bis.gov.in/website/know-your-standards,https://standardsbis.bsbedge.com/,sewing;machines;household,Know Your Standard - Bureau of Indian Standards,https://standards.bis.gov.in/website/know-your-standards,2026-09-07
IS 2712 : 2024,Gaskets and Packings-Compressed Asbestos Fibre Jointing-Specification,,,,,,,,,,,https://standards.bis.gov.in/website/know-your-standards,https://standardsbis.bsbedge.com/,gaskets;packings;compressed;asbestos;fibre;jointing,Know Your Standard - Bureau of Indian Standards,https://standards.bis.gov.in/website/know-your-standards,2026-09-07
IS 4687 : 2025,Gaskets and Packings - Gland Packings Asbestos - Specification,,,,,,,,,,,https://standards.bis.gov.in/website/know-your-standards,https://standardsbis.bsbedge.com/,gaskets;packings;gland;asbestos,Know Your Standard - Bureau of Indian Standards,https://standards.bis.gov.in/website/know-your-standards,2026-09-07
IS 5414 : 2024,Gaskets and Packings-Gland Packing Jute and Hemp-Specification,,,,,,,,,,,https://standards.bis.gov.in/website/know-your-standards,https://standardsbis.bsbedge.com/,gaskets;packings;gland;packing;jute;hemp,Know Your Standard - Bureau of Indian Standards,https://standards.bis.gov.in/website/know-your-standards,2026-09-07
IS 14538 : Part 1 : 1998,Gaskets and Packings - Part 1 : Composition Cork,,,,,,,,,,,https://standards.bis.gov.in/website/know-your-standards,https://standardsbis.bsbedge.com/,gaskets;packings;composition;cork,Know Your Standard - Bureau of Indian Standards,https://standards.bis.gov.in/website/know-your-standards,2026-09-07
IS 14538 : Part 2 : 1998,Gaskets and Packings :Part 2 Composition Cork - Test methods,,,,,,,,,,,https://standards.bis.gov.in/website/know-your-standards,https://standardsbis.bsbedge.com/,gaskets;packings;composition;cork,Know Your Standard - Bureau of Indian Standards,https://standards.bis.gov.in/website/know-your-standards,2026-09-07
IS 19599 : 2026,Gaskets and Packings - Oxidation of Expanded Graphite - Methods of Test,,,,,,,,,,,https://standards.bis.gov.in/website/know-your-standards,https://standardsbis.bsbedge.com/,gaskets;packings;oxidation;expanded;graphite,Know Your Standard - Bureau of Indian Standards,https://standards.bis.gov.in/website/know-your-standards,2026-09-07
IS 10567 : 1983,Dimensions and designations of optical filter mounts for photographic equipment,,,,,,,,,,,https://standards.bis.gov.in/website/know-your-standards,https://standardsbis.bsbedge.com/,dimensions;designations;optical;filter;mounts;photographic;equipment,Know Your Standard - Bureau of Indian Standards,https://standards.bis.gov.in/website/know-your-standards,2026-09-07
IS 17099 : 2019,Site Characterization for Underground Coal Gasification ( UCG ),,,,,,,,,,,https://standards.bis.gov.in/website/know-your-standards,https://standardsbis.bsbedge.com/,site;characterization;underground;coal;gasification;ucg,Know Your Standard - Bureau of Indian Standards,https://standards.bis.gov.in/website/know-your-standards,2026-09-07
IS 17100 : 2019,"Separation, Handling and Usage of Underground Coal Gasification ( UCG )",,,,,,,,,,,https://standards.bis.gov.in/website/know-your-standards,https://standardsbis.bsbedge.com/,separation;handling;usage;underground;coal;gasification;ucg,Know Your Standard - Bureau of Indian Standards,https://standards.bis.gov.in/website/know-your-standards,2026-09-07
IS 17101 : 2019,Terminology in Underground Coal Gasification ( UCG ),,,,,,,,,,,https://standards.bis.gov.in/website/know-your-standards,https://standardsbis.bsbedge.com/,terminology;underground;coal;gasification;ucg,Know Your Standard - Bureau of Indian Standards,https://standards.bis.gov.in/website/know-your-standards,2026-09-07
IS 18596 : Part 3 : 2024 ( IEC TS 62257-3 : 2015),Recommendations for Renewable Energy and Hybrid Systems for Rural Electrification - Part 3 Project Development and Management,,,,,,,,,,,https://standards.bis.gov.in/website/know-your-standards,https://standardsbis.bsbedge.com/,recommendations;renewable;energy;hybrid;systems;rural;electrification;project;development;management,Know Your Standard - Bureau of Indian Standards,https://standards.bis.gov.in/website/know-your-standards,2026-09-07
IS 18596 : Part 8 : Sec 1 : 2024 ( IEC TS 62257-8-1 : 2018),Recommendations for Renewable Energy and Hybrid Systems for Rural Electrification - Part 8 Selection of Batteries and Battery Management Systems for Stand-alone - Section 1 Electrification Systems-Specific Case of Automotive Flooded Lead-Acid Batteries Av,,,,,,,,,,,https://standards.bis.gov.in/website/know-your-standards,https://standardsbis.bsbedge.com/,recommendations;renewable;energy;hybrid;systems;rural;electrification;selection;batteries;battery;management;stand,Know Your Standard - Bureau of Indian Standards,https://standards.bis.gov.in/website/know-your-standards,2026-09-07
IS/ISO 50001 : 2018 ( ISO 50001 : 2018),Energy Management Systems — Requirements with Guidance for Use ( First Revision ),,,,,,,,,,,https://standards.bis.gov.in/website/know-your-standards,https://standardsbis.bsbedge.com/,energy;management;systems;guidance;use;first;revision,Know Your Standard - Bureau of Indian Standards,https://standards.bis.gov.in/website/know-your-standards,2026-09-07
IS/ISO 50003 : 2021 ( ISO 50003 : 2021),Energy management systems Requirements for bodies providing audit and certification of energy management systems First Revision,,,,,,,,,,,https://standards.bis.gov.in/website/know-your-standards,https://standardsbis.bsbedge.com/,energy;management;systems;bodies;providing;audit;certification;first;revision,Know Your Standard - Bureau of Indian Standards,https://standards.bis.gov.in/website/know-your-standards,2026-09-07
IS/ISO 50004 : 2020 ( ISO 50004 : 2020),ENERGY MANAGEMENT SYSTEMS GUIDANCE FOR THE IMPLEMENTATION MAINTENANCE AND IMPROVEMENT OF AN ISO 50001 ENERGY MANAGEMENT SYSTEM First Revision,,,,,,,,,,,https://standards.bis.gov.in/website/know-your-standards,https://standardsbis.bsbedge.com/,energy;management;systems;guidance;implementation;maintenance;improvement;iso;system;first;revision,Know Your Standard - Bureau of Indian Standards,https://standards.bis.gov.in/website/know-your-standards,2026-09-07
IS/ISO 50005 : 2021 ( ISO 50005 : 2021),Energy Management Systems-Guidelines for a Phased Implementation,,,,,,,,,,,https://standards.bis.gov.in/website/know-your-standards,https://standardsbis.bsbedge.com/,energy;management;systems;guidelines;phased;implementation,Know Your Standard - Bureau of Indian Standards,https://standards.bis.gov.in/website/know-your-standards,2026-09-07
IS/ISO 50006 : 2023 ( ISO 50006:2023),Energy Management Systems - Evaluating Energy Performance using Energy Performance Indicators and Energy Baselines First Revision,,,,,,,,,,,https://standards.bis.gov.in/website/know-your-standards,https://standardsbis.bsbedge.com/,energy;management;systems;evaluating;performance;using;indicators;baselines;first;revision,Know Your Standard - Bureau of Indian Standards,https://standards.bis.gov.in/website/know-your-standards,2026-09-07
IS/ISO 50009 : 2021 ( ISO 50009 : 2021),Energy management systems Guidance for implementing a common energy management system in multiple organizations,,,,,,,,,,,https://standards.bis.gov.in/website/know-your-standards,https://standardsbis.bsbedge.com/,energy;management;systems;guidance;implementing;common;system;multiple;organizations,Know Your Standard - Bureau of Indian Standards,https://standards.bis.gov.in/website/know-your-standards,2026-09-07
IS/ISO/PAS 50010 : 2023 ( ISO/PAS 50010 : 2023),Energy Management and Energy Savings - Guidance for Net Zero Energy in Operations Using an ISO 50001 Energy Management System,,,,,,,,,,,https://standards.bis.gov.in/website/know-your-standards,https://standardsbis.bsbedge.com/,energy;management;savings;guidance;net;zero;operations;using;iso;system,Know Your Standard - Bureau of Indian Standards,https://standards.bis.gov.in/website/know-your-standards,2026-09-07
IS/ISO/TS 50011 : 2023 ( ISO/TS 50011 : 2023),Energy Management Systems - Assessing Energy Management Using ISO 50001 : 2018,,,,,,,,,,,https://standards.bis.gov.in/website/know-your-standards,https://standardsbis.bsbedge.com/,energy;management;systems;assessing;using;iso,Know Your Standard - Bureau of Indian Standards,https://standards.bis.gov.in/website/know-your-standards,2026-09-07
IS/ISO 50015 : 2014 ( ISO 50015 : 2014),Energy Management Systems - Measurement and Verification of Energy Performance of Organizations - General Principles and Guidance,,,,,,,,,,,https://standards.bis.gov.in/website/know-your-standards,https://standardsbis.bsbedge.com/,energy;management;systems;measurement;verification;performance;organizations;principles;guidance,Know Your Standard - Bureau of Indian Standards,https://standards.bis.gov.in/website/know-your-standards,2026-09-07
IS/IEC/TS 61400 : Part 28 : 2025 ( IEC TS 61400-28 : 2025),Wind Energy Generation Systems - Part 28 Through-Life Management and Life Extension of Wind Power Assets,,,,,,,,,,,https://standards.bis.gov.in/website/know-your-standards,https://standardsbis.bsbedge.com/,wind;energy;generation;systems;through;life;management;extension;power;assets,Know Your Standard - Bureau of Indian Standards,https://standards.bis.gov.in/website/know-your-standards,2026-09-07
IS/IEC 61970 : Part 301 : 2022 ( IEC 61970-301:2022),Energy Management System Application Program Interface Ems-Api Part 301: Common Information Model Cim Base,,,,,,,,,,,https://standards.bis.gov.in/website/know-your-standards,https://standardsbis.bsbedge.com/,energy;management;system;application;program;interface;ems;api;common;information;model;cim,Know Your Standard - Bureau of Indian Standards,https://standards.bis.gov.in/website/know-your-standards,2026-09-07
IS/IEC 61970 : Part 1 : 2005 ( IEC 61970 : Part 1 : 2005),Energy Management System Application Program Interface (EMS-API) Part 1 Guidelines and General Requirements,,,,,,,,,,,https://standards.bis.gov.in/website/know-your-standards,https://standardsbis.bsbedge.com/,energy;management;system;application;program;interface;ems;api;guidelines,Know Your Standard - Bureau of Indian Standards,https://standards.bis.gov.in/website/know-your-standards,2026-09-07
IS/IEC/TS 61970 : Part 2 : 2004 ( IEC/TS 61970 : Part 2 : 2004),Energy Management System Application Programme Interface (EMS-API) Part 2 Glossary,,,,,,,,,,,https://standards.bis.gov.in/website/know-your-standards,https://standardsbis.bsbedge.com/,energy;management;system;application;programme;interface;ems;api;glossary,Know Your Standard - Bureau of Indian Standards,https://standards.bis.gov.in/website/know-your-standards,2026-09-07
IS/IEC 61970 : Part 401 : 2022 ( IEC 61970-401 : 2022),Energy Management System Application Program Interface (EMS-API) - Part 401 Profile Framework,,,,,,,,,,,https://standards.bis.gov.in/website/know-your-standards,https://standardsbis.bsbedge.com/,energy;management;system;application;program;interface;ems;api;profile;framework,Know Your Standard - Bureau of Indian Standards,https://standards.bis.gov.in/website/know-your-standards,2026-09-07
"IS/IEC/TS 61970 : Part 401 (Active,Concurrent Running) : 2005 ( IEC/TS 61970 : Part 401 : 2005)",Energy Management System Application Program Interface (EMS-API) Part 401 Component Interface Specifictaion (CIS) Framework,,,,,,,,,,,https://standards.bis.gov.in/website/know-your-standards,https://standardsbis.bsbedge.com/,energy;management;system;application;program;interface;ems;api;component;specifictaion;cis;framework,Know Your Standard - Bureau of Indian Standards,https://standards.bis.gov.in/website/know-your-standards,2026-09-07
IS/IEC 61970 : Part 452 : 2021 ( IEC 61970-452:2021),Energy Management System Application Program Interface Ems-Api Part 452: Cim Static Transmission Network Model Profiles,,,,,,,,,,,https://standards.bis.gov.in/website/know-your-standards,https://standardsbis.bsbedge.com/,energy;management;system;application;program;interface;ems;api;cim;static;transmission;network,Know Your Standard - Bureau of Indian Standards,https://standards.bis.gov.in/website/know-your-standards,2026-09-07
IS/IEC 62746 : Part 10 : Sec 1 : 2018 ( IEC 62746-10-1:2018),Systems Interface between customer energy management and the power management system - Part 10-1: Open Automated Demand Response,,,,,,,,,,,https://standards.bis.gov.in/website/know-your-standards,https://standardsbis.bsbedge.com/,systems;interface;between;customer;energy;management;power;system;open;automated;demand;response,Know Your Standard - Bureau of Indian Standards,https://standards.bis.gov.in/website/know-your-standards,2026-09-07
IS 3642 : 1978,General requirements for surgical instruments,,,,,,,,,,,https://standards.bis.gov.in/website/know-your-standards,https://standardsbis.bsbedge.com/,surgical;instruments,Know Your Standard - Bureau of Indian Standards,https://standards.bis.gov.in/website/know-your-standards,2026-09-07
IS 3642 : Part 1 : 1990,Surgical instruments - Part 1: Non-cutting articulated instruments,,,,,,,,,,,https://standards.bis.gov.in/website/know-your-standards,https://standardsbis.bsbedge.com/,surgical;instruments;non;cutting;articulated,Know Your Standard - Bureau of Indian Standards,https://standards.bis.gov.in/website/know-your-standards,2026-09-07
IS 3643 : 1992,Surgical instruments - Dissecting forceps (serrated and toothed) - Shapes and dimensions,,,,,,,,,,,https://standards.bis.gov.in/website/know-your-standards,https://standardsbis.bsbedge.com/,surgical;instruments;dissecting;forceps;serrated;toothed;shapes;dimensions,Know Your Standard - Bureau of Indian Standards,https://standards.bis.gov.in/website/know-your-standards,2026-09-07
IS 3644 : 1992,Surgical instruments - Artery forceps Halsted's Mosquito pattern - Shape and dimensions,,,,,,,,,,,https://standards.bis.gov.in/website/know-your-standards,https://standardsbis.bsbedge.com/,surgical;instruments;artery;forceps;halsted;mosquito;pattern;shape;dimensions,Know Your Standard - Bureau of Indian Standards,https://standards.bis.gov.in/website/know-your-standards,2026-09-07
IS 3645 : 1992,"Surgical instruments - Artery forceps Spencer Wells pattern - Size, shape and dimensions",,,,,,,,,,,https://standards.bis.gov.in/website/know-your-standards,https://standardsbis.bsbedge.com/,surgical;instruments;artery;forceps;spencer;wells;pattern;size;shape;dimensions,Know Your Standard - Bureau of Indian Standards,https://standards.bis.gov.in/website/know-your-standards,2026-09-07
IS 4282 : 1992,"Surgical instruments - Dissecting, forceps, plastic surgery - Shape and dimensions",,,,,,,,,,,https://standards.bis.gov.in/website/know-your-standards,https://standardsbis.bsbedge.com/,surgical;instruments;dissecting;forceps;plastic;surgery;shape;dimensions,Know Your Standard - Bureau of Indian Standards,https://standards.bis.gov.in/website/know-your-standards,2026-09-07
IS/ISO 7153 : Part 1 : 2016 ( ISO 7153 : Part 1 : 2016),Surgical Instruments — Materials Part 1 Metals,,,,,,,,,,,https://standards.bis.gov.in/website/know-your-standards,https://standardsbis.bsbedge.com/,surgical;instruments;materials;metals,Know Your Standard - Bureau of Indian Standards,https://standards.bis.gov.in/website/know-your-standards,2026-09-07
IS 7388 : 1992,"Surgical instruments - Forceps,tissue,Allis pattern - Shape, size and dimensions",,,,,,,,,,,https://standards.bis.gov.in/website/know-your-standards,https://standardsbis.bsbedge.com/,surgical;instruments;forceps;tissue;allis;pattern;shape;size;dimensions,Know Your Standard - Bureau of Indian Standards,https://standards.bis.gov.in/website/know-your-standards,2026-09-07
IS 7531 : 1990,Surgical Instruments - Corrosion Resistance of Stainless Steel Surgical Instruments - Methods of Tests,,,,,,,,,,,https://standards.bis.gov.in/website/know-your-standards,https://standardsbis.bsbedge.com/,surgical;instruments;corrosion;resistance;stainless;steel,Know Your Standard - Bureau of Indian Standards,https://standards.bis.gov.in/website/know-your-standards,2026-09-07
IS 7561 : 1992,"Surgical instruments - Forceps, Gallstone, Desjardin's pattern - Shape and dimensions",,,,,,,,,,,https://standards.bis.gov.in/website/know-your-standards,https://standardsbis.bsbedge.com/,surgical;instruments;forceps;gallstone;desjardin;pattern;shape;dimensions,Know Your Standard - Bureau of Indian Standards,https://standards.bis.gov.in/website/know-your-standards,2026-09-07
IS 7566 : 1992,"Surgical instruments - Forceps,spring clip compressing,Michel's pattern - Shape and dimensions",,,,,,,,,,,https://standards.bis.gov.in/website/know-your-standards,https://standardsbis.bsbedge.com/,surgical;instruments;forceps;spring;clip;compressing;michel;pattern;shape;dimensions,Know Your Standard - Bureau of Indian Standards,https://standards.bis.gov.in/website/know-your-standards,2026-09-07
IS 7579 : 1992,"Surgical instruments - Forceps,intestine holding, Denis Browne's pattern - Shape and dimensions",,,,,,,,,,,https://standards.bis.gov.in/website/know-your-standards,https://standardsbis.bsbedge.com/,surgical;instruments;forceps;intestine;holding;denis;browne;pattern;shape;dimensions,Know Your Standard - Bureau of Indian Standards,https://standards.bis.gov.in/website/know-your-standards,2026-09-07
IS 7870 : 1992,"Surgical instruments - Needle,holder,Mayo-Hegar's and Crile-Wood's Patterns - Shape and dimensions",,,,,,,,,,,https://standards.bis.gov.in/website/know-your-standards,https://standardsbis.bsbedge.com/,surgical;instruments;needle;holder;mayo;hegar;crile;wood;patterns;shape;dimensions,Know Your Standard - Bureau of Indian Standards,https://standards.bis.gov.in/website/know-your-standards,2026-09-07
IS 7893 : 1992,"Surgical instruments - Forceps, towel, Backhaus's pattern - Shape. size and dimensions",,,,,,,,,,,https://standards.bis.gov.in/website/know-your-standards,https://standardsbis.bsbedge.com/,surgical;instruments;forceps;towel;backhaus;pattern;shape;size;dimensions,Know Your Standard - Bureau of Indian Standards,https://standards.bis.gov.in/website/know-your-standards,2026-09-07
IS 8040 : 1992,"Surgical instruments - Artery, forceps,Kocher's pattern - Shape and dimensions",,,,,,,,,,,https://standards.bis.gov.in/website/know-your-standards,https://standardsbis.bsbedge.com/,surgical;instruments;artery;forceps;kocher;pattern;shape;dimensions,Know Your Standard - Bureau of Indian Standards,https://standards.bis.gov.in/website/know-your-standards,2026-09-07
IS 8174 : 2025,"Neurosurgical Instruments - Forceps, Artery, Dandy's Pattern - Shape and Dimensions",,,,,,,,,,,https://standards.bis.gov.in/website/know-your-standards,https://standardsbis.bsbedge.com/,neurosurgical;instruments;forceps;artery;dandy;pattern;shape;dimensions,Know Your Standard - Bureau of Indian Standards,https://standards.bis.gov.in/website/know-your-standards,2026-09-07
IS 8175 : 2025,"Neurosurgical Instruments - Forceps, Artery, Straight and Curved on Flat, Hugh Cairn’s Pattern - Shape and Dimensions",,,,,,,,,,,https://standards.bis.gov.in/website/know-your-standards,https://standardsbis.bsbedge.com/,neurosurgical;instruments;forceps;artery;straight;curved;flat;hugh;cairn;pattern;shape;dimensions,Know Your Standard - Bureau of Indian Standards,https://standards.bis.gov.in/website/know-your-standards,2026-09-07
IS 8583 : 1991,"Surgical instruments - Gall duct dilators, Bake's pattern",,,,,,,,,,,https://standards.bis.gov.in/website/know-your-standards,https://standardsbis.bsbedge.com/,surgical;instruments;gall;duct;dilators;bake;pattern,Know Your Standard - Bureau of Indian Standards,https://standards.bis.gov.in/website/know-your-standards,2026-09-07
IS 8584 : 1992,"Surgical instruments - Peritonium, forceps, Babcock's pattern - Shapes, sizes and dimensions",,,,,,,,,,,https://standards.bis.gov.in/website/know-your-standards,https://standardsbis.bsbedge.com/,surgical;instruments;peritonium;forceps;babcock;pattern;shapes;sizes;dimensions,Know Your Standard - Bureau of Indian Standards,https://standards.bis.gov.in/website/know-your-standards,2026-09-07
IS 8889 : 1992,"Surgical Instruments - Forceps, Stone, Kidney, Randall's Pattern - Shapes and Dimensions",,,,,,,,,,,https://standards.bis.gov.in/website/know-your-standards,https://standardsbis.bsbedge.com/,surgical;instruments;forceps;stone;kidney;randall;pattern;shapes;dimensions,Know Your Standard - Bureau of Indian Standards,https://standards.bis.gov.in/website/know-your-standards,2026-09-07
IS 9165 : Part 1 : 1992,"Surgical instruments - Needles, suture Part 1 Specification",,,,,,,,,,,https://standards.bis.gov.in/website/know-your-standards,https://standardsbis.bsbedge.com/,surgical;instruments;needles;suture,Know Your Standard - Bureau of Indian Standards,https://standards.bis.gov.in/website/know-your-standards,2026-09-07
IS 9165 : Part 2 : 1992,"Surgical instruments - Needles, suture Part 2 Eyed needles - Sizes, shapes and dimensions",,,,,,,,,,,https://standards.bis.gov.in/website/know-your-standards,https://standardsbis.bsbedge.com/,surgical;instruments;needles;suture;eyed;sizes;shapes;dimensions,Know Your Standard - Bureau of Indian Standards,https://standards.bis.gov.in/website/know-your-standards,2026-09-07
IS 10599 : 1993,"Surgical Instruments - Needle Holders, Hegar's Pattern - Sizes, Shape and Dimensions",,,,,,,,,,,https://standards.bis.gov.in/website/know-your-standards,https://standardsbis.bsbedge.com/,surgical;instruments;needle;holders;hegar;pattern;sizes;shape;dimensions,Know Your Standard - Bureau of Indian Standards,https://standards.bis.gov.in/website/know-your-standards,2026-09-07
IS 10637 : 1992,"Surgical instruments - Forceps, spinter, Arthur's pattern Shape and dimensions",,,,,,,,,,,https://standards.bis.gov.in/website/know-your-standards,https://standardsbis.bsbedge.com/,surgical;instruments;forceps;spinter;arthur;pattern;shape;dimensions,Know Your Standard - Bureau of Indian Standards,https://standards.bis.gov.in/website/know-your-standards,2026-09-07
IS 10955 : 2024,Veterinary Surgical Instruments-Gimlet for Trephine-Specification,,,,,,,,,,,https://standards.bis.gov.in/website/know-your-standards,https://standardsbis.bsbedge.com/,veterinary;surgical;instruments;gimlet;trephine,Know Your Standard - Bureau of Indian Standards,https://standards.bis.gov.in/website/know-your-standards,2026-09-07
IS/ISO 8612 : 2009 ( ISO 8612 : 2009),Ophthalmic Instruments Tonometers,,,,,,,,,,,https://standards.bis.gov.in/website/know-your-standards,https://standardsbis.bsbedge.com/,ophthalmic;instruments;tonometers,Know Your Standard - Bureau of Indian Standards,https://standards.bis.gov.in/website/know-your-standards,2026-09-07
IS 9626 : 2024,Ophthalmic Instruments - Castroviejo’s Pattern Caliper - Specification,,,,,,,,,,,https://standards.bis.gov.in/website/know-your-standards,https://standardsbis.bsbedge.com/,ophthalmic;instruments;castroviejo;pattern;caliper,Know Your Standard - Bureau of Indian Standards,https://standards.bis.gov.in/website/know-your-standards,2026-09-07
IS/ISO 9801 : 2009 ( ISO 9801 : 2009),Ophthalmic Instruments Trial Case Lenses,,,,,,,,,,,https://standards.bis.gov.in/website/know-your-standards,https://standardsbis.bsbedge.com/,ophthalmic;instruments;trial;case;lenses,Know Your Standard - Bureau of Indian Standards,https://standards.bis.gov.in/website/know-your-standards,2026-09-07
IS 9984 : 2024,Ophthalmic Instruments - Air Injection Cannula - Specification,,,,,,,,,,,https://standards.bis.gov.in/website/know-your-standards,https://standardsbis.bsbedge.com/,ophthalmic;instruments;air;injection;cannula,Know Your Standard - Bureau of Indian Standards,https://standards.bis.gov.in/website/know-your-standards,2026-09-07
IS/ISO 10342 : 2010 ( ISO 10342 : 2010),Ophthalmic Instruments — Eye Refractometers,,,,,,,,,,,https://standards.bis.gov.in/website/know-your-standards,https://standardsbis.bsbedge.com/,ophthalmic;instruments;eye;refractometers,Know Your Standard - Bureau of Indian Standards,https://standards.bis.gov.in/website/know-your-standards,2026-09-07
IS 10848 : 2024,Ophthalmic Instruments - Bishop-Harmon Anterior Chamber Irrigator - Specification,,,,,,,,,,,https://standards.bis.gov.in/website/know-your-standards,https://standardsbis.bsbedge.com/,ophthalmic;instruments;bishop;harmon;anterior;chamber;irrigator,Know Your Standard - Bureau of Indian Standards,https://standards.bis.gov.in/website/know-your-standards,2026-09-07
IS/ISO 10939 : 2017 ( ISO 10939:2017),Ophthalmic instruments Slit-lamp microscopes First Revision,,,,,,,,,,,https://standards.bis.gov.in/website/know-your-standards,https://standardsbis.bsbedge.com/,ophthalmic;instruments;slit;lamp;microscopes;first;revision,Know Your Standard - Bureau of Indian Standards,https://standards.bis.gov.in/website/know-your-standards,2026-09-07
IS/ISO 10940 : 2009 ( ISO 10940 : 2009),Ophthalmic Instruments Fundus Cameras,,,,,,,,,,,https://standards.bis.gov.in/website/know-your-standards,https://standardsbis.bsbedge.com/,ophthalmic;instruments;fundus;cameras,Know Your Standard - Bureau of Indian Standards,https://standards.bis.gov.in/website/know-your-standards,2026-09-07
IS/ISO 10942 : 2006 ( ISO 10942 : 2006),Ophthalmic Instruments Direct Ophthalmoscopes,,,,,,,,,,,https://standards.bis.gov.in/website/know-your-standards,https://standardsbis.bsbedge.com/,ophthalmic;instruments;direct;ophthalmoscopes,Know Your Standard - Bureau of Indian Standards,https://standards.bis.gov.in/website/know-your-standards,2026-09-07
IS/ISO 10943 : 2011 ( ISO 10943 : 2011),Ophthalmic Instruments — Indirect Ophthalmoscopes,,,,,,,,,,,https://standards.bis.gov.in/website/know-your-standards,https://standardsbis.bsbedge.com/,ophthalmic;instruments;indirect;ophthalmoscopes,Know Your Standard - Bureau of Indian Standards,https://standards.bis.gov.in/website/know-your-standards,2026-09-07
IS/ISO 12865 : 2006 ( ISO 12865 : 2006),Ophthalmic Instruments Retinoscopes,,,,,,,,,,,https://standards.bis.gov.in/website/know-your-standards,https://standardsbis.bsbedge.com/,ophthalmic;instruments;retinoscopes,Know Your Standard - Bureau of Indian Standards,https://standards.bis.gov.in/website/know-your-standards,2026-09-07
IS/ISO 12866 : 1999 ( ISO 12866 : 1999),Ophthalmic Instruments Perimeters,,,,,,,,,,,https://standards.bis.gov.in/website/know-your-standards,https://standardsbis.bsbedge.com/,ophthalmic;instruments;perimeters,Know Your Standard - Bureau of Indian Standards,https://standards.bis.gov.in/website/know-your-standards,2026-09-07
IS 14895 : 2000,"Ophthalmic Instruments - Spuds, Foreign Body - Waltons Sizes 1 and 1.5 mm Wide, Stainless Steel",,,,,,,,,,,https://standards.bis.gov.in/website/know-your-standards,https://standardsbis.bsbedge.com/,ophthalmic;instruments;spuds;foreign;body;waltons;sizes;wide;stainless;steel,Know Your Standard - Bureau of Indian Standards,https://standards.bis.gov.in/website/know-your-standards,2026-09-07
IS 18291 : 2023 ( ISO 12866 : 1999),"Ophthalmic Instruments - Perimeters (Iso 12866: 1999 + Amd 1: 2008, Mod)",,,,,,,,,,,https://standards.bis.gov.in/website/know-your-standards,https://standardsbis.bsbedge.com/,ophthalmic;instruments;perimeters;iso;amd;mod,Know Your Standard - Bureau of Indian Standards,https://standards.bis.gov.in/website/know-your-standards,2026-09-07
"IS 18570 : 2024 ( ISO 10341 : 2012, MOD)","Ophthalmic Instruments-Refractor Heads - (ISO 10341 : 2012, MOD)",,,,,,,,,,,https://standards.bis.gov.in/website/know-your-standards,https://standardsbis.bsbedge.com/,ophthalmic;instruments;refractor;heads;iso;mod,Know Your Standard - Bureau of Indian Standards,https://standards.bis.gov.in/website/know-your-standards,2026-09-07
"IS 18571 : 2024 ( ISO 10944 : 2009, MOD)","Ophthalmic Instruments-Synoptophores - (ISO 10944 : 2009, MOD)",,,,,,,,,,,https://standards.bis.gov.in/website/know-your-standards,https://standardsbis.bsbedge.com/,ophthalmic;instruments;synoptophores;iso;mod,Know Your Standard - Bureau of Indian Standards,https://standards.bis.gov.in/website/know-your-standards,2026-09-07
"IS 18572 : 2024 ( ISO 10343 : 2014, MOD)","Ophthalmic Instruments-Ophthalmometers - (ISO 10343 : 2014, MOD)",,,,,,,,,,,https://standards.bis.gov.in/website/know-your-standards,https://standardsbis.bsbedge.com/,ophthalmic;instruments;ophthalmometers;iso;mod,Know Your Standard - Bureau of Indian Standards,https://standards.bis.gov.in/website/know-your-standards,2026-09-07
"IS 18580 : 2024 ( ISO 12867 : 2010, MOD)","Ophthalmic Instruments-Trial Frames (ISO 12867 : 2010, MOD)",,,,,,,,,,,https://standards.bis.gov.in/website/know-your-standards,https://standardsbis.bsbedge.com/,ophthalmic;instruments;trial;frames;iso;mod,Know Your Standard - Bureau of Indian Standards,https://standards.bis.gov.in/website/know-your-standards,2026-09-07
"IS 18584 : 2024 ( ISO 15253 : 2021, MOD)","Ophthalmic Optics and Instruments-Optical Devices for Enhancing Low Vision - (ISO 15253 : 2021, MOD)",,,,,,,,,,,https://standards.bis.gov.in/website/know-your-standards,https://standardsbis.bsbedge.com/,ophthalmic;optics;instruments;optical;devices;enhancing;low;vision;iso;mod,Know Your Standard - Bureau of Indian Standards,https://standards.bis.gov.in/website/know-your-standards,2026-09-07
"IS 18585 : 2024 ( ISO 16971 : 2015, MOD)","Ophthalmic Instruments-Optical Coherence Tomograph for the Posterior Segment of the Human Eye - (ISO 16971 : 2015, MOD)",,,,,,,,,,,https://standards.bis.gov.in/website/know-your-standards,https://standardsbis.bsbedge.com/,ophthalmic;instruments;optical;coherence;tomograph;posterior;segment;human;eye;iso;mod,Know Your Standard - Bureau of Indian Standards,https://standards.bis.gov.in/website/know-your-standards,2026-09-07
"IS 18586 : 2024 ( ISO 22665 : 2012, MOD)","Ophthalmic Optics and Instruments-Instruments to Measure Axial Distances in the Eye - (ISO 22665 : 2012, MOD)",,,,,,,,,,,https://standards.bis.gov.in/website/know-your-standards,https://standardsbis.bsbedge.com/,ophthalmic;optics;instruments;measure;axial;distances;eye;iso;mod,Know Your Standard - Bureau of Indian Standards,https://standards.bis.gov.in/website/know-your-standards,2026-09-07
IS 18599 : 2024 ( ISO 24157 : 2008),Ophthalmic Optics and Instruments-Reporting Aberrations of the Human Eye,,,,,,,,,,,https://standards.bis.gov.in/website/know-your-standards,https://standardsbis.bsbedge.com/,ophthalmic;optics;instruments;reporting;aberrations;human;eye,Know Your Standard - Bureau of Indian Standards,https://standards.bis.gov.in/website/know-your-standards,2026-09-07
"IS 18613 : 2024 ( ISO 19980 : 2021, MOD)","Ophthalmic Instruments-Corneal Topographers - (ISO 19980 : 2021, MOD)",,,,,,,,,,,https://standards.bis.gov.in/website/know-your-standards,https://standardsbis.bsbedge.com/,ophthalmic;instruments;corneal;topographers;iso;mod,Know Your Standard - Bureau of Indian Standards,https://standards.bis.gov.in/website/know-your-standards,2026-09-07
"IS 18638 : Part 1 : 2024 ( (ISO 15004-1 : 2020, MOD))","Ophthalmic Instruments- Fundamental Requirements and Test Methods - Part 1 General Requirements Applicable to all Ophthalmic Instruments - (ISO 15004-1 : 2020, MOD)",,,,,,,,,,,https://standards.bis.gov.in/website/know-your-standards,https://standardsbis.bsbedge.com/,ophthalmic;instruments;fundamental;applicable;all;iso;mod,Know Your Standard - Bureau of Indian Standards,https://standards.bis.gov.in/website/know-your-standards,2026-09-07
IS 18638 : Part 2 : 2024 ( ISO 15004-2 : 2007),Ophthalmic Instruments-Fundamental Requirements and Test Methods Part 2 Light Hazard Protection,,,,,,,,,,,https://standards.bis.gov.in/website/know-your-standards,https://standardsbis.bsbedge.com/,ophthalmic;instruments;fundamental;light;hazard;protection,Know Your Standard - Bureau of Indian Standards,https://standards.bis.gov.in/website/know-your-standards,2026-09-07
IS 6777 : 1989,"Thoracic and Cardiovascular Surgery Instruments - Forceps, Dissecting, Lung",,,,,,,,,,,https://standards.bis.gov.in/website/know-your-standards,https://standardsbis.bsbedge.com/,thoracic;cardiovascular;surgery;instruments;forceps;dissecting;lung,Know Your Standard - Bureau of Indian Standards,https://standards.bis.gov.in/website/know-your-standards,2026-09-07
IS/ISO 1797 : 2017 ( ISO 1797 : 2017),Dentistry — Shanks for Rotary and Oscillating Instruments,,,,,,,,,,,https://standards.bis.gov.in/website/know-your-standards,https://standardsbis.bsbedge.com/,dentistry;shanks;rotary;oscillating;instruments,Know Your Standard - Bureau of Indian Standards,https://standards.bis.gov.in/website/know-your-standards,2026-09-07
IS/ISO 2157 : 2016 ( ISO 2157 : 2016),Dentistry — Nominal Diameters and Designation Code Numbers for Rotary Instruments ( First Revision ),,,,,,,,,,,https://standards.bis.gov.in/website/know-your-standards,https://standardsbis.bsbedge.com/,dentistry;nominal;diameters;designation;numbers;rotary;instruments;first;revision,Know Your Standard - Bureau of Indian Standards,https://standards.bis.gov.in/website/know-your-standards,2026-09-07
IS 6020 : 2022 ( ISO 9873 : 2019),"Dentistry-Intra-Oral Mirrors (ISO 9873 : 2019, MOD)",,,,,,,,,,,https://standards.bis.gov.in/website/know-your-standards,https://standardsbis.bsbedge.com/,dentistry;intra;oral;mirrors;iso;mod,Know Your Standard - Bureau of Indian Standards,https://standards.bis.gov.in/website/know-your-standards,2026-09-07
IS 6116 : Part 1 : 2021 ( ISO 7494-1:2018),Dentistry Stationary dental units and dental patient chairs Part 1: General requirements,,,,,,,,,,,https://standards.bis.gov.in/website/know-your-standards,https://standardsbis.bsbedge.com/,dentistry;stationary;dental;units;patient;chairs,Know Your Standard - Bureau of Indian Standards,https://standards.bis.gov.in/website/know-your-standards,2026-09-07
IS 6116 : Part 2 : 2024 ( ISO 7494-2 : 2022),"Dentistry-Stationary Dental Units and Dental Patient Chairs - Part 2 Air, Water, Suction and Wastewater Systems",,,,,,,,,,,https://standards.bis.gov.in/website/know-your-standards,https://standardsbis.bsbedge.com/,dentistry;stationary;dental;units;patient;chairs;air;water;suction;wastewater;systems,Know Your Standard - Bureau of Indian Standards,https://standards.bis.gov.in/website/know-your-standards,2026-09-07
IS/ISO 6360 : Part 2 : 2004 ( ISO 6360 : Part 2 : 2004),Dentistry - Number Coding System For Roatry Instruments Part 2 Shapes,,,,,,,,,,,https://standards.bis.gov.in/website/know-your-standards,https://standardsbis.bsbedge.com/,dentistry;number;coding;system;roatry;instruments;shapes,Know Your Standard - Bureau of Indian Standards,https://standards.bis.gov.in/website/know-your-standards,2026-09-07
IS/ISO 6360 : Part 5 : 2007 ( ISO 6360-5:2007),Dentistry Number coding system for rotary instruments Part 5: Specific characteristics of root-canal instruments,,,,,,,,,,,https://standards.bis.gov.in/website/know-your-standards,https://standardsbis.bsbedge.com/,dentistry;number;coding;system;rotary;instruments;specific;characteristics;root;canal,Know Your Standard - Bureau of Indian Standards,https://standards.bis.gov.in/website/know-your-standards,2026-09-07
IS/ISO 6873 : 2013 ( ISO 6873 : 2013),Dentistry — Gypsum Products ( First Revision ),,,,,,,,,,,https://standards.bis.gov.in/website/know-your-standards,https://standardsbis.bsbedge.com/,dentistry;gypsum;products;first;revision,Know Your Standard - Bureau of Indian Standards,https://standards.bis.gov.in/website/know-your-standards,2026-09-07
IS/ISO 6876 : 2012 ( ISO 6876 : 2012),Dentistry — Root Canal Sealing Materials ( First Revision ),,,,,,,,,,,https://standards.bis.gov.in/website/know-your-standards,https://standardsbis.bsbedge.com/,dentistry;root;canal;sealing;materials;first;revision,Know Your Standard - Bureau of Indian Standards,https://standards.bis.gov.in/website/know-your-standards,2026-09-07
IS 6887 : 2005 ( ISO 1567 : 1999),Dentistry - Denture Base Polymers,,,,,,,,,,,https://standards.bis.gov.in/website/know-your-standards,https://standardsbis.bsbedge.com/,dentistry;denture;base;polymers,Know Your Standard - Bureau of Indian Standards,https://standards.bis.gov.in/website/know-your-standards,2026-09-07
IS 6887 : Part 1 : 2018 ( ISO 20795 (Part 1) : 2013),Dentistry - Base Polymers Part 1 Denture Base Polymers ( First Revision ),,,,,,,,,,,https://standards.bis.gov.in/website/know-your-standards,https://standardsbis.bsbedge.com/,dentistry;base;polymers;denture;first;revision,Know Your Standard - Bureau of Indian Standards,https://standards.bis.gov.in/website/know-your-standards,2026-09-07
IS/ISO 7405 : 2008 ( ISO 7405 : 2008),Dentistry — Evaluation of Biocompatibility of Medical Devices Used in Dentistry,,,,,,,,,,,https://standards.bis.gov.in/website/know-your-standards,https://standardsbis.bsbedge.com/,dentistry;evaluation;biocompatibility;medical;devices;used,Know Your Standard - Bureau of Indian Standards,https://standards.bis.gov.in/website/know-your-standards,2026-09-07
IS 8346 : 2018 ( ISO 7493 : 2006),Dentistry — Operator’s Stool ( Second Revision ),,,,,,,,,,,https://standards.bis.gov.in/website/know-your-standards,https://standardsbis.bsbedge.com/,dentistry;operator;stool;second;revision,Know Your Standard - Bureau of Indian Standards,https://standards.bis.gov.in/website/know-your-standards,2026-09-07
IS 8815 : 2019 ( ISO 3950 : 2016),Dentistry — Designation System for Teeth and Areas of the Oral Cavity ( Second Revision ),,,,,,,,,,,https://standards.bis.gov.in/website/know-your-standards,https://standardsbis.bsbedge.com/,dentistry;designation;system;teeth;areas;oral;cavity;second;revision,Know Your Standard - Bureau of Indian Standards,https://standards.bis.gov.in/website/know-your-standards,2026-09-07
IS/ISO 9917 : PART 1 : 2003 ( ISO 9917 : Part 1 : 2003),Dentistry - Water-based cement : Part 1 Powder/liquid acid-base cements,,,,,,,,,,,https://standards.bis.gov.in/website/know-your-standards,https://standardsbis.bsbedge.com/,dentistry;water;based;cement;powder;liquid;acid;base;cements,Know Your Standard - Bureau of Indian Standards,https://standards.bis.gov.in/website/know-your-standards,2026-09-07
IS/ISO 9917 : PART 2 : 2017 ( ISO 9917 : Part 2 : 2017),Dentistry — Water-Based Cement Part 2 Resin-Modified Cements ( First Revision ),,,,,,,,,,,https://standards.bis.gov.in/website/know-your-standards,https://standardsbis.bsbedge.com/,dentistry;water;based;cement;resin;modified;cements;first;revision,Know Your Standard - Bureau of Indian Standards,https://standards.bis.gov.in/website/know-your-standards,2026-09-07
IS 10011 : 2022 ( ISO 4049 : 2019),"Dentistry-Polymer-BasedRestorative Materials (ISO 4049 :2019, MOD)",,,,,,,,,,,https://standards.bis.gov.in/website/know-your-standards,https://standardsbis.bsbedge.com/,dentistry;polymer;basedrestorative;materials;iso;mod,Know Your Standard - Bureau of Indian Standards,https://standards.bis.gov.in/website/know-your-standards,2026-09-07
IS/ISO 10139 : Part 1 : 2018 ( ISO 10139-1 : 2018),Dentistry — Soft Lining Materials for Removable Dentures Part 1 Materials for Short-term Use,,,,,,,,,,,https://standards.bis.gov.in/website/know-your-standards,https://standardsbis.bsbedge.com/,dentistry;soft;lining;materials;removable;dentures;short;term;use,Know Your Standard - Bureau of Indian Standards,https://standards.bis.gov.in/website/know-your-standards,2026-09-07
IS/ISO 10139 : Part 2 : 2016 ( ISO 10139-2 : 2016),Dentistry — Soft Lining Materials for Removable Dentures Part 2 Materials for Long-term Use,,,,,,,,,,,https://standards.bis.gov.in/website/know-your-standards,https://standardsbis.bsbedge.com/,dentistry;soft;lining;materials;removable;dentures;long;term;use,Know Your Standard - Bureau of Indian Standards,https://standards.bis.gov.in/website/know-your-standards,2026-09-07
IS/ISO 10451 : 2010 ( ISO 10451:2010),Dentistry Contents of technical file for dental implant systems,,,,,,,,,,,https://standards.bis.gov.in/website/know-your-standards,https://standardsbis.bsbedge.com/,dentistry;contents;technical;file;dental;implant;systems,Know Your Standard - Bureau of Indian Standards,https://standards.bis.gov.in/website/know-your-standards,2026-09-07
IS 10664 : Part 2 : 2022,Dentistry Rotary bur instruments Part 2 Finishing burs Second Revision,,,,,,,,,,,https://standards.bis.gov.in/website/know-your-standards,https://standardsbis.bsbedge.com/,dentistry;rotary;bur;instruments;finishing;burs;second;revision,Know Your Standard - Bureau of Indian Standards,https://standards.bis.gov.in/website/know-your-standards,2026-09-07
IS 10798 : 2019 ( ISO 4073 : 2009),Dentistry — Information System on the Location of Dental Equipment in the Working Area of the Oral Health Care Provider ( First Revision ),,,,,,,,,,,https://standards.bis.gov.in/website/know-your-standards,https://standardsbis.bsbedge.com/,dentistry;information;system;location;dental;equipment;working;area;oral;health;care;provider,Know Your Standard - Bureau of Indian Standards,https://standards.bis.gov.in/website/know-your-standards,2026-09-07
IS/ISO 10873 : 2010 ( ISO 10873 : 2010),Dentistry — Denture Adhesives,,,,,,,,,,,https://standards.bis.gov.in/website/know-your-standards,https://standardsbis.bsbedge.com/,dentistry;denture;adhesives,Know Your Standard - Bureau of Indian Standards,https://standards.bis.gov.in/website/know-your-standards,2026-09-07
IS/ISO 11953 : 2010 ( ISO 11953 : 2010),Dentistry — Implants — Clinical performance of Hand Torque Instruments,,,,,,,,,,,https://standards.bis.gov.in/website/know-your-standards,https://standardsbis.bsbedge.com/,dentistry;implants;clinical;performance;hand;torque;instruments,Know Your Standard - Bureau of Indian Standards,https://standards.bis.gov.in/website/know-your-standards,2026-09-07
IS 12374 : 2020 ( ISO 3964 : 2016),Dentistry Coupling Dimensions for Handpiece Connectors ( First Revision ),,,,,,,,,,,https://standards.bis.gov.in/website/know-your-standards,https://standardsbis.bsbedge.com/,dentistry;coupling;dimensions;handpiece;connectors;first;revision,Know Your Standard - Bureau of Indian Standards,https://standards.bis.gov.in/website/know-your-standards,2026-09-07
IS 4034 : 1979,Castors for Hospital Equipment,,,,,,,,,,,https://standards.bis.gov.in/website/know-your-standards,https://standardsbis.bsbedge.com/,castors;hospital;equipment,Know Your Standard - Bureau of Indian Standards,https://standards.bis.gov.in/website/know-your-standards,2026-09-07
IS 13808 : Part 5 : 1996,Quality management for hospital services(upto 30 bedded hospitals)Guidelines Part 5:Hospital Equipment Management,,,,,,,,,,,https://standards.bis.gov.in/website/know-your-standards,https://standardsbis.bsbedge.com/,quality;management;hospital;services;upto;bedded;hospitals;guidelines;equipment,Know Your Standard - Bureau of Indian Standards,https://standards.bis.gov.in/website/know-your-standards,2026-09-07
IS 12433 : Part 1 : 1988,Basic requirements for hospital planning:Part 1 upto 30 bedded hospitals,,,,,,,,,,,https://standards.bis.gov.in/website/know-your-standards,https://standardsbis.bsbedge.com/,basic;hospital;planning;upto;bedded;hospitals,Know Your Standard - Bureau of Indian Standards,https://standards.bis.gov.in/website/know-your-standards,2026-09-07
IS 12433 : Part 2 : 2001,Basic Requirements for Hospital Planning - Part 2 : UP to 100 Bedded Hospital,,,,,,,,,,,https://standards.bis.gov.in/website/know-your-standards,https://standardsbis.bsbedge.com/,basic;hospital;planning;bedded,Know Your Standard - Bureau of Indian Standards,https://standards.bis.gov.in/website/know-your-standards,2026-09-07
IS/ISO 1828 : 2012 ( ISO 1828 : 2012),Health Informatics — Categorial Structure for Terminological Systems of Surgical Procedures,,,,,,,,,,,https://standards.bis.gov.in/website/know-your-standards,https://standardsbis.bsbedge.com/,health;informatics;categorial;structure;terminological;systems;surgical;procedures,Know Your Standard - Bureau of Indian Standards,https://standards.bis.gov.in/website/know-your-standards,2026-09-07
IS/ISO/TR 4421 : 2023 ( ISO/TR 4421 : 2023),Health Informatics-Introduction to Ayurveda Informatics,,,,,,,,,,,https://standards.bis.gov.in/website/know-your-standards,https://standardsbis.bsbedge.com/,health;informatics;introduction;ayurveda,Know Your Standard - Bureau of Indian Standards,https://standards.bis.gov.in/website/know-your-standards,2026-09-07
IS/ISO 10159 : 2011 ( ISO 10159 : 2011),Health Informatics — Messages and Communication — Web Access Reference Manifest,,,,,,,,,,,https://standards.bis.gov.in/website/know-your-standards,https://standardsbis.bsbedge.com/,health;informatics;messages;communication;web;access;reference;manifest,Know Your Standard - Bureau of Indian Standards,https://standards.bis.gov.in/website/know-your-standards,2026-09-07
IS/ISO 10781 : 2015 ( ISO 10781 : 2015),"Health Informatics HL 7 Electronic Health Record-System Functional Model, Release 2 (EHR FM)",,,,,,,,,,,https://standards.bis.gov.in/website/know-your-standards,https://standardsbis.bsbedge.com/,health;informatics;electronic;record;system;functional;model;release;ehr,Know Your Standard - Bureau of Indian Standards,https://standards.bis.gov.in/website/know-your-standards,2026-09-07
IS/ISO/IEEE 11073 : Part 00103 : 2015 ( ISO/IEEE 11073 : Part 00103 : 2015),Health Informatics — Personal Health Device Communication Part 00103 Overview,,,,,,,,,,,https://standards.bis.gov.in/website/know-your-standards,https://standardsbis.bsbedge.com/,health;informatics;personal;device;communication;overview,Know Your Standard - Bureau of Indian Standards,https://standards.bis.gov.in/website/know-your-standards,2026-09-07
IS/ISO/IEEE 11073 : Part 10407 : 2022 ( ISO/IEEE 11073-10407 : 2022),Health Informatics-Device Interoperability - Part 10407 Personal Health Device Communication-Device Specialization-Blood Pressure Monitor,,,,,,,,,,,https://standards.bis.gov.in/website/know-your-standards,https://standardsbis.bsbedge.com/,health;informatics;device;interoperability;personal;communication;specialization;blood;pressure;monitor,Know Your Standard - Bureau of Indian Standards,https://standards.bis.gov.in/website/know-your-standards,2026-09-07
IS/ISO/IEEE 11073 : Part 10101 : 2004,Health Informatics - Point-of-Care Medical Device Communication Part 10101 Nomenclature,,,,,,,,,,,https://standards.bis.gov.in/website/know-your-standards,https://standardsbis.bsbedge.com/,health;informatics;point;care;medical;device;communication;nomenclature,Know Your Standard - Bureau of Indian Standards,https://standards.bis.gov.in/website/know-your-standards,2026-09-07
IS/ISO/IEEE 11073 : Part 10102 : 2014 ( ISO/IEEE 11073-10102 : 2014),Health Informatics — Point-of-care Medical Device Communication Part 10102 Nomenclature — Annotated ECG,,,,,,,,,,,https://standards.bis.gov.in/website/know-your-standards,https://standardsbis.bsbedge.com/,health;informatics;point;care;medical;device;communication;nomenclature;annotated;ecg,Know Your Standard - Bureau of Indian Standards,https://standards.bis.gov.in/website/know-your-standards,2026-09-07
IS/ISO/IEEE 11073 : Part 10103 : 2014 ( ISO/IEEE 11073-10103 : 2014),"Health Informatics — Point-of-Care Medical Device Communication Part 10103 Nomenclature — Implantable Device, Cardiac",,,,,,,,,,,https://standards.bis.gov.in/website/know-your-standards,https://standardsbis.bsbedge.com/,health;informatics;point;care;medical;device;communication;nomenclature;implantable;cardiac,Know Your Standard - Bureau of Indian Standards,https://standards.bis.gov.in/website/know-your-standards,2026-09-07
IS/ISO/IEEE 11073 : Part 10201 : 2004 ( ISO/IEEE 11073 : Part 10201 : 2004),Health Informatics — Point-of-Care Medical Device Communication Part 10201 Domain Information Model,,,,,,,,,,,https://standards.bis.gov.in/website/know-your-standards,https://standardsbis.bsbedge.com/,health;informatics;point;care;medical;device;communication;domain;information;model,Know Your Standard - Bureau of Indian Standards,https://standards.bis.gov.in/website/know-your-standards,2026-09-07
IS/ISO/IEEE 11073 : Part 10207 : 2019 ( ISO/IEEE 11073-10207 : 2019),Health Informatics — Personal Health Device Communication Part 10207 Domain Information and Service Model for Service-Oriented Point-of Care Medical Device Communication,,,,,,,,,,,https://standards.bis.gov.in/website/know-your-standards,https://standardsbis.bsbedge.com/,health;informatics;personal;device;communication;domain;information;service;model;oriented;point;care,Know Your Standard - Bureau of Indian Standards,https://standards.bis.gov.in/website/know-your-standards,2026-09-07
IS/ISO/IEEE 11073 : Part 10419 : 2019 ( ISO/IEEE 11073-10419 : 2019),Health Informatics - Personal Health Device Communication - Part 10419 Device Specialization - Insulin Pump,,,,,,,,,,,https://standards.bis.gov.in/website/know-your-standards,https://standardsbis.bsbedge.com/,health;informatics;personal;device;communication;specialization;insulin;pump,Know Your Standard - Bureau of Indian Standards,https://standards.bis.gov.in/website/know-your-standards,2026-09-07
IS/ISO/IEEE 11073 : Part 10404 : 2010 ( ISO/IEEE 11073 : Part 10404 : 2010),Health Informatics — Personal Health Device Communication Part 10404 Device Specialization — Pulse Oximeter,,,,,,,,,,,https://standards.bis.gov.in/website/know-your-standards,https://standardsbis.bsbedge.com/,health;informatics;personal;device;communication;specialization;pulse;oximeter,Know Your Standard - Bureau of Indian Standards,https://standards.bis.gov.in/website/know-your-standards,2026-09-07
IS/ISO/IEEE 11073 : Part 10406 : 2012 ( ISO/IEEE 11073 : Part 10406 : 2012),Health Informatics — Personal Health Device Communication Part 10406 Device Specialization — Basic Electrocardiograph ( ECG ) ( 1- to 3-lead ECG ),,,,,,,,,,,https://standards.bis.gov.in/website/know-your-standards,https://standardsbis.bsbedge.com/,health;informatics;personal;device;communication;specialization;basic;electrocardiograph;ecg;lead,Know Your Standard - Bureau of Indian Standards,https://standards.bis.gov.in/website/know-your-standards,2026-09-07
IS/ISO/IEEE 11073 : Part 10408 : 2010 ( ISO/IEEE 11073 : Part 10408 : 2010),Health Informatics — Personal Health Device Communication Part 10408 Device Specialization — Thermometer,,,,,,,,,,,https://standards.bis.gov.in/website/know-your-standards,https://standardsbis.bsbedge.com/,health;informatics;personal;device;communication;specialization;thermometer,Know Your Standard - Bureau of Indian Standards,https://standards.bis.gov.in/website/know-your-standards,2026-09-07
IS/ISO/IEEE 11073 : Part 10415 : 2010 ( ISO/IEEE 11073 : Part 10415 : 2010),Health Informatics — Personal Health Device Communication Part 10415 Device Specialization — Weighing Scale,,,,,,,,,,,https://standards.bis.gov.in/website/know-your-standards,https://standardsbis.bsbedge.com/,health;informatics;personal;device;communication;specialization;weighing;scale,Know Your Standard - Bureau of Indian Standards,https://standards.bis.gov.in/website/know-your-standards,2026-09-07
IS/ISO/IEEE 11073 : Part 10417 : 2017 ( ISO/IEEE 11073 : Part 10417 : 2017),Health Informatics — Personal Health Device Communication Part 10417 Device Specialization — Glucose Meter,,,,,,,,,,,https://standards.bis.gov.in/website/know-your-standards,https://standardsbis.bsbedge.com/,health;informatics;personal;device;communication;specialization;glucose;meter,Know Your Standard - Bureau of Indian Standards,https://standards.bis.gov.in/website/know-your-standards,2026-09-07
IS/ISO/IEEE 11073 : Part 10418 : 2014 ( ISO/IEEE 11073 : Part 10418 : 2014),Health Informatics — Personal Health Device Communication Part 10418 Device Specialization: International Normalized Ratio ( INR ) Monitor,,,,,,,,,,,https://standards.bis.gov.in/website/know-your-standards,https://standardsbis.bsbedge.com/,health;informatics;personal;device;communication;specialization;international;normalized;ratio;inr;monitor,Know Your Standard - Bureau of Indian Standards,https://standards.bis.gov.in/website/know-your-standards,2026-09-07
IS/ISO/IEEE 11073 : Part 10420 : 2012 ( ISO/IEEE 11073 : Part 10420 : 2012),Health Informatics — Personal Health Device Communication Part 10420 Device Specialization — Body Composition Analyzer,,,,,,,,,,,https://standards.bis.gov.in/website/know-your-standards,https://standardsbis.bsbedge.com/,health;informatics;personal;device;communication;specialization;body;composition;analyzer,Know Your Standard - Bureau of Indian Standards,https://standards.bis.gov.in/website/know-your-standards,2026-09-07
IS/ISO/IEEE 11073 : Part 10421 : 2012 ( ISO/IEEE 11073 : Part 10421 : 2012),Health Informatics — Personal Health Device Communication Part 10421 Device Specialization — Peak Expiratory Flow Monitor ( Peak Flow ),,,,,,,,,,,https://standards.bis.gov.in/website/know-your-standards,https://standardsbis.bsbedge.com/,health;informatics;personal;device;communication;specialization;peak;expiratory;flow;monitor,Know Your Standard - Bureau of Indian Standards,https://standards.bis.gov.in/website/know-your-standards,2026-09-07
IS/ISO/IEEE 11073 : Part 10422 : 2017 ( ISO/IEEE 11073 : Part 10422 : 2017),Health Informatics — Personal Health Device Communication Part 10422 Device Specialization — Urine Analyser,,,,,,,,,,,https://standards.bis.gov.in/website/know-your-standards,https://standardsbis.bsbedge.com/,health;informatics;personal;device;communication;specialization;urine;analyser,Know Your Standard - Bureau of Indian Standards,https://standards.bis.gov.in/website/know-your-standards,2026-09-07
IS/ISO/IEEE 11073 : Part 10424 : 2016 ( ISO/IEEE 11073 : Part 10424 : 2016),Health informatics — Personal Health Device Communication Part 10424 Device Specialization — Sleep Apnoea Breathing Therapy Equipment ( SABTE ),,,,,,,,,,,https://standards.bis.gov.in/website/know-your-standards,https://standardsbis.bsbedge.com/,health;informatics;personal;device;communication;specialization;sleep;apnoea;breathing;therapy;equipment;sabte,Know Your Standard - Bureau of Indian Standards,https://standards.bis.gov.in/website/know-your-standards,2026-09-07
IS/ISO/IEEE 11073 : Part 10425 : 2016 ( ISO/IEEE 11073 : Part 10425 : 2016),Health Informatics — Personal Health Device Communication Part 10425 Device Specialization — Continuous Glucose Monitor ( CGM ),,,,,,,,,,,https://standards.bis.gov.in/website/know-your-standards,https://standardsbis.bsbedge.com/,health;informatics;personal;device;communication;specialization;continuous;glucose;monitor;cgm,Know Your Standard - Bureau of Indian Standards,https://standards.bis.gov.in/website/know-your-standards,2026-09-07
IS/ISO/IEEE 11073 : Part 10427 : 2018 ( ISO/IEEE 11073 : Part 10427 : 2018),Health Informatics — Personal Health Device Communication Part 10427 Device Specialization — Power Status Monitor of Personal Health Devices,,,,,,,,,,,https://standards.bis.gov.in/website/know-your-standards,https://standardsbis.bsbedge.com/,health;informatics;personal;device;communication;specialization;power;status;monitor;devices,Know Your Standard - Bureau of Indian Standards,https://standards.bis.gov.in/website/know-your-standards,2026-09-07
IS/ISO/IEEE 11073 : Part 10441 : 2015 ( ISO/IEEE 11073 : Part 10441 : 2015),Health Informatics — Personal Health Device Communication Part 10441 Device Specialization — Cardiovascular Fitness and Activity Monitor,,,,,,,,,,,https://standards.bis.gov.in/website/know-your-standards,https://standardsbis.bsbedge.com/,health;informatics;personal;device;communication;specialization;cardiovascular;fitness;activity;monitor,Know Your Standard - Bureau of Indian Standards,https://standards.bis.gov.in/website/know-your-standards,2026-09-07
IS 1403 : Part 1 : 1993 ( ISO 7799 : 1985),Mechanical testing of metals - Reverse bend test Part 1 Sheet & strip,,,,,,,,,,,https://standards.bis.gov.in/website/know-your-standards,https://standardsbis.bsbedge.com/,mechanical;testing;metals;reverse;bend;sheet;strip,Know Your Standard - Bureau of Indian Standards,https://standards.bis.gov.in/website/know-your-standards,2026-09-07
IS 1608 : 2005,Mechanical testing of metals - Tensile Testing,,,,,,,,,,,https://standards.bis.gov.in/website/know-your-standards,https://standardsbis.bsbedge.com/,mechanical;testing;metals;tensile,Know Your Standard - Bureau of Indian Standards,https://standards.bis.gov.in/website/know-your-standards,2026-09-07
IS 10175 : Part 1 : 1993,Mechanical testing of metals -Modified erichsen cupping test - sheet and strip Pt 1 Thickness upto 2 mm,,,,,,,,,,,https://standards.bis.gov.in/website/know-your-standards,https://standardsbis.bsbedge.com/,mechanical;testing;metals;modified;erichsen;cupping;sheet;strip;thickness;upto,Know Your Standard - Bureau of Indian Standards,https://standards.bis.gov.in/website/know-your-standards,2026-09-07
IS 13838 : 2023,Mechanical Testing of Metals-Determination of Poisson’s Ratio-Method of Test,,,,,,,,,,,https://standards.bis.gov.in/website/know-your-standards,https://standardsbis.bsbedge.com/,mechanical;testing;metals;determination;poisson;ratio,Know Your Standard - Bureau of Indian Standards,https://standards.bis.gov.in/website/know-your-standards,2026-09-07
IS 17937 : 2022 ( ISO 13314 : 2011),Mechanical Testing Of Metals Ductility Testing Compression Test For Porous And Cellular Metals,,,,,,,,,,,https://standards.bis.gov.in/website/know-your-standards,https://standardsbis.bsbedge.com/,mechanical;testing;metals;ductility;compression;porous;cellular,Know Your Standard - Bureau of Indian Standards,https://standards.bis.gov.in/website/know-your-standards,2026-09-07
IS 1570 : Part 2 : Sec 1 : 1979,Schedules for Wrought Steels - Part 2 : Carbon Steels (Unalloyed Steels) - Section 1 : Wrought Products (Other Than Wires) With Specified Chemical Composition and Related Properties,,,,,,,,,,,https://standards.bis.gov.in/website/know-your-standards,https://standardsbis.bsbedge.com/,schedules;wrought;steels;carbon;unalloyed;section;products;other;than;wires;specified;chemical,Know Your Standard - Bureau of Indian Standards,https://standards.bis.gov.in/website/know-your-standards,2026-09-07
IS 11371 : 2022,"Method for Macroetch Testing, Inspection and Rating of Wrought Steel Products",,,,,,,,,,,https://standards.bis.gov.in/website/know-your-standards,https://standardsbis.bsbedge.com/,macroetch;testing;inspection;rating;wrought;steel;products,Know Your Standard - Bureau of Indian Standards,https://standards.bis.gov.in/website/know-your-standards,2026-09-07
IS 1472 : 1977,Methods of sampling ferro alloys for determination of chemical composition,,,,,,,,,,,https://standards.bis.gov.in/website/know-your-standards,https://standardsbis.bsbedge.com/,sampling;ferro;alloys;determination;chemical;composition,Know Your Standard - Bureau of Indian Standards,https://standards.bis.gov.in/website/know-your-standards,2026-09-07
IS 1559 : 1961,Methods of Chemical Analysis of Ferro-Alloys,,,,,,,,,,,https://standards.bis.gov.in/website/know-your-standards,https://standardsbis.bsbedge.com/,chemical;analysis;ferro;alloys,Know Your Standard - Bureau of Indian Standards,https://standards.bis.gov.in/website/know-your-standards,2026-09-07
IS 2085 : 1962,Code for designation of ferro alloys,,,,,,,,,,,https://standards.bis.gov.in/website/know-your-standards,https://standardsbis.bsbedge.com/,designation;ferro;alloys,Know Your Standard - Bureau of Indian Standards,https://standards.bis.gov.in/website/know-your-standards,2026-09-07
IS 6372 : 1971,Coke For Ferro-alloys,,,,,,,,,,,https://standards.bis.gov.in/website/know-your-standards,https://standardsbis.bsbedge.com/,coke;ferro;alloys,Know Your Standard - Bureau of Indian Standards,https://standards.bis.gov.in/website/know-your-standards,2026-09-07
IS 7148 : 2024,Ferro-Alloys for Welding Industry-Specification,,,,,,,,,,,https://standards.bis.gov.in/website/know-your-standards,https://standardsbis.bsbedge.com/,ferro;alloys;welding;industry,Know Your Standard - Bureau of Indian Standards,https://standards.bis.gov.in/website/know-your-standards,2026-09-07
IS 13054 : 1991,Quartzite/quartz for the production of ferroalloys,,,,,,,,,,,https://standards.bis.gov.in/website/know-your-standards,https://standardsbis.bsbedge.com/,quartzite;quartz;production;ferroalloys,Know Your Standard - Bureau of Indian Standards,https://standards.bis.gov.in/website/know-your-standards,2026-09-07
IS 15396 : 2003,Chemical Analysis of Ferro-Silicon-Zirconium Alloys,,,,,,,,,,,https://standards.bis.gov.in/website/know-your-standards,https://standardsbis.bsbedge.com/,chemical;analysis;ferro;silicon;zirconium;alloys,Know Your Standard - Bureau of Indian Standards,https://standards.bis.gov.in/website/know-your-standards,2026-09-07
IS 15765 : 2008,Method of sampling ferro alloys for sieve analysis and size determination,,,,,,,,,,,https://standards.bis.gov.in/website/know-your-standards,https://standardsbis.bsbedge.com/,sampling;ferro;alloys;sieve;analysis;size;determination,Know Your Standard - Bureau of Indian Standards,https://standards.bis.gov.in/website/know-your-standards,2026-09-07
IS 17320 : 2020 ( ISO 11400 : 1992),"Nickel, Ferronickel and Nickel Alloys — Determination of Phosphorus Content — Phosphovanadomolybdate Molecular Absorption Spectrometric Method",,,,,,,,,,,https://standards.bis.gov.in/website/know-your-standards,https://standardsbis.bsbedge.com/,nickel;ferronickel;alloys;determination;phosphorus;content;phosphovanadomolybdate;molecular;absorption;spectrometric,Know Your Standard - Bureau of Indian Standards,https://standards.bis.gov.in/website/know-your-standards,2026-09-07
IS 17322 : 2020 ( ISO 7527 : 1985),"Nickel, Ferronickel and Nickel Alloys — Determination of Sulfur Content — Iodimetric Titration Method after Induction Furnace Combustion",,,,,,,,,,,https://standards.bis.gov.in/website/know-your-standards,https://standardsbis.bsbedge.com/,nickel;ferronickel;alloys;determination;sulfur;content;iodimetric;titration;after;induction;furnace;combustion,Know Your Standard - Bureau of Indian Standards,https://standards.bis.gov.in/website/know-your-standards,2026-09-07
IS 17323 : 2020 ( ISO 7526 : 1985),"Nickel, Ferronickel and Nickel Alloys — Determination of Sulfur Content — Infra-Red Absorption Method After Induction Furnace Combustion",,,,,,,,,,,https://standards.bis.gov.in/website/know-your-standards,https://standardsbis.bsbedge.com/,nickel;ferronickel;alloys;determination;sulfur;content;infra;red;absorption;after;induction;furnace,Know Your Standard - Bureau of Indian Standards,https://standards.bis.gov.in/website/know-your-standards,2026-09-07
IS 17324 : 2020 ( ISO 7524 : 1985),"Nickel, Ferronickel and Nickel Alloys — Determination of Carbon Content — Infra-Red Absorption Method after Induction Furnace Combustion",,,,,,,,,,,https://standards.bis.gov.in/website/know-your-standards,https://standardsbis.bsbedge.com/,nickel;ferronickel;alloys;determination;carbon;content;infra;red;absorption;after;induction;furnace,Know Your Standard - Bureau of Indian Standards,https://standards.bis.gov.in/website/know-your-standards,2026-09-07
IS 1790 : 1961,Method for brinell hardness test for light metals and their alloys,,,,,,,,,,,https://standards.bis.gov.in/website/know-your-standards,https://standardsbis.bsbedge.com/,brinell;hardness;light;metals;their;alloys,Know Your Standard - Bureau of Indian Standards,https://standards.bis.gov.in/website/know-your-standards,2026-09-07
IS 1810 : 1961,Method for vickers hardness test for light metals and their alloys,,,,,,,,,,,https://standards.bis.gov.in/website/know-your-standards,https://standardsbis.bsbedge.com/,vickers;hardness;light;metals;their;alloys,Know Your Standard - Bureau of Indian Standards,https://standards.bis.gov.in/website/know-your-standards,2026-09-07
IS 1816 : 1979,Method for tensile test for light metals and their alloys,,,,,,,,,,,https://standards.bis.gov.in/website/know-your-standards,https://standardsbis.bsbedge.com/,tensile;light;metals;their;alloys,Know Your Standard - Bureau of Indian Standards,https://standards.bis.gov.in/website/know-your-standards,2026-09-07
IS 2305 : 1988,Method for mercurous nitrate test for copper and copper alloys,,,,,,,,,,,https://standards.bis.gov.in/website/know-your-standards,https://standardsbis.bsbedge.com/,mercurous;nitrate;copper;alloys,Know Your Standard - Bureau of Indian Standards,https://standards.bis.gov.in/website/know-your-standards,2026-09-07
IS 2378 : 1974,Code for designation of copper and copper alloys,,,,,,,,,,,https://standards.bis.gov.in/website/know-your-standards,https://standardsbis.bsbedge.com/,designation;copper;alloys,Know Your Standard - Bureau of Indian Standards,https://standards.bis.gov.in/website/know-your-standards,2026-09-07
IS 2654 : 1977,Method for tensile testing of copper and copper alloys,,,,,,,,,,,https://standards.bis.gov.in/website/know-your-standards,https://standardsbis.bsbedge.com/,tensile;testing;copper;alloys,Know Your Standard - Bureau of Indian Standards,https://standards.bis.gov.in/website/know-your-standards,2026-09-07
IS 2756 : 1965,Method for estimating the average grain size of wrought copper and copper base alloys,,,,,,,,,,,https://standards.bis.gov.in/website/know-your-standards,https://standardsbis.bsbedge.com/,estimating;average;grain;size;wrought;copper;base;alloys,Know Your Standard - Bureau of Indian Standards,https://standards.bis.gov.in/website/know-your-standards,2026-09-07
IS 2866 : 1968,Method for Vickers hardness test for copper and copper alloys,,,,,,,,,,,https://standards.bis.gov.in/website/know-your-standards,https://standardsbis.bsbedge.com/,vickers;hardness;copper;alloys,Know Your Standard - Bureau of Indian Standards,https://standards.bis.gov.in/website/know-your-standards,2026-09-07
IS 3054 : 1965,Method for Brinell hardness test for copper and copper alloys,,,,,,,,,,,https://standards.bis.gov.in/website/know-your-standards,https://standardsbis.bsbedge.com/,brinell;hardness;copper;alloys,Know Your Standard - Bureau of Indian Standards,https://standards.bis.gov.in/website/know-your-standards,2026-09-07
IS 3260 : 1965,Method For Bend Test For Copper And Copper Alloys,,,,,,,,,,,https://standards.bis.gov.in/website/know-your-standards,https://standardsbis.bsbedge.com/,bend;copper;alloys,Know Your Standard - Bureau of Indian Standards,https://standards.bis.gov.in/website/know-your-standards,2026-09-07
IS 3288 : Part 1 : 1986,Glossary of Terms Relating to Copper and Copper Alloys: Part 1 Materials,,,,,,,,,,,https://standards.bis.gov.in/website/know-your-standards,https://standardsbis.bsbedge.com/,glossary;terms;relating;copper;alloys;materials,Know Your Standard - Bureau of Indian Standards,https://standards.bis.gov.in/website/know-your-standards,2026-09-07
IS 3288 : Part 2 : 1986,Glossary of Terms Relating to Copper and Copper Alloys: Part 2 Unwrought form and cast form,,,,,,,,,,,https://standards.bis.gov.in/website/know-your-standards,https://standardsbis.bsbedge.com/,glossary;terms;relating;copper;alloys;unwrought;form;cast,Know Your Standard - Bureau of Indian Standards,https://standards.bis.gov.in/website/know-your-standards,2026-09-07
IS 3288 : Part 3 : 1986,Glossary of Terms Relating to Copper and Copper Alloys: Part 3 Wrought forms,,,,,,,,,,,https://standards.bis.gov.in/website/know-your-standards,https://standardsbis.bsbedge.com/,glossary;terms;relating;copper;alloys;wrought;forms,Know Your Standard - Bureau of Indian Standards,https://standards.bis.gov.in/website/know-your-standards,2026-09-07
IS 3288 : Part 4 : 1986,Glossary of Terms Relating to Copper and Copper Alloys: Part 4 Processing,,,,,,,,,,,https://standards.bis.gov.in/website/know-your-standards,https://standardsbis.bsbedge.com/,glossary;terms;relating;copper;alloys;processing,Know Your Standard - Bureau of Indian Standards,https://standards.bis.gov.in/website/know-your-standards,2026-09-07
IS 3288 : Part 5 : 1986,Glossary of Terms Relating to Copper and Copper Alloys: Part 5 Heat treatment,,,,,,,,,,,https://standards.bis.gov.in/website/know-your-standards,https://standardsbis.bsbedge.com/,glossary;terms;relating;copper;alloys;heat;treatment,Know Your Standard - Bureau of Indian Standards,https://standards.bis.gov.in/website/know-your-standards,2026-09-07
IS 3288 : Part 6 : 1986,Glossary of Terms Relating to Copper and Copper Alloys: Part 6 Finishes,,,,,,,,,,,https://standards.bis.gov.in/website/know-your-standards,https://standardsbis.bsbedge.com/,glossary;terms;relating;copper;alloys;finishes,Know Your Standard - Bureau of Indian Standards,https://standards.bis.gov.in/website/know-your-standards,2026-09-07
IS 3288 : Part 7 : 1986,Glossary of Terms Relating to Copper and Copper Alloys: Part 7 Dimensional surfaces and structural characterstics,,,,,,,,,,,https://standards.bis.gov.in/website/know-your-standards,https://standardsbis.bsbedge.com/,glossary;terms;relating;copper;alloys;dimensional;surfaces;structural;characterstics,Know Your Standard - Bureau of Indian Standards,https://standards.bis.gov.in/website/know-your-standards,2026-09-07
IS 3288 : Part 8 : 1986,Glossary of Terms Relating to Copper and Copper Alloys: Part 8 Packing,,,,,,,,,,,https://standards.bis.gov.in/website/know-your-standards,https://standardsbis.bsbedge.com/,glossary;terms;relating;copper;alloys;packing,Know Your Standard - Bureau of Indian Standards,https://standards.bis.gov.in/website/know-your-standards,2026-09-07
IS 4827 : 1983,Electroplated coatings of nickel and chromium on copper and copper alloys,,,,,,,,,,,https://standards.bis.gov.in/website/know-your-standards,https://standardsbis.bsbedge.com/,electroplated;coatings;nickel;chromium;copper;alloys,Know Your Standard - Bureau of Indian Standards,https://standards.bis.gov.in/website/know-your-standards,2026-09-07
IS 6912 : 2025,Copper and Copper Alloys Forging Stock and Forging - Specification,,,,,,,,,,,https://standards.bis.gov.in/website/know-your-standards,https://standardsbis.bsbedge.com/,copper;alloys;forging;stock,Know Your Standard - Bureau of Indian Standards,https://standards.bis.gov.in/website/know-your-standards,2026-09-07
IS 7310 : Part 3 : 2019 ( ISO 9606-3 : 1999),Approval Testing of Welders — Fusion Welding Part 3 Copper and Copper Alloys ( First Revision ),,,,,,,,,,,https://standards.bis.gov.in/website/know-your-standards,https://standardsbis.bsbedge.com/,approval;testing;welders;fusion;welding;copper;alloys;first;revision,Know Your Standard - Bureau of Indian Standards,https://standards.bis.gov.in/website/know-your-standards,2026-09-07
IS 9531 : 1989,Recommended practice for preparation of copper and copper-base alloys for electroplating,,,,,,,,,,,https://standards.bis.gov.in/website/know-your-standards,https://standardsbis.bsbedge.com/,recommended;preparation;copper;base;alloys;electroplating,Know Your Standard - Bureau of Indian Standards,https://standards.bis.gov.in/website/know-your-standards,2026-09-07
IS 10186 : 2015,Recommendations for Manual Tungsten Inert Gas Arc Welding of Copper and Copper Alloys (First Revision),,,,,,,,,,,https://standards.bis.gov.in/website/know-your-standards,https://standardsbis.bsbedge.com/,recommendations;manual;tungsten;inert;gas;arc;welding;copper;alloys;first;revision,Know Your Standard - Bureau of Indian Standards,https://standards.bis.gov.in/website/know-your-standards,2026-09-07
IS 13484 : 2024,Method for Macroetch Test for Copper and Copper Alloys,,,,,,,,,,,https://standards.bis.gov.in/website/know-your-standards,https://standardsbis.bsbedge.com/,macroetch;copper;alloys,Know Your Standard - Bureau of Indian Standards,https://standards.bis.gov.in/website/know-your-standards,2026-09-07
IS 18829 : 2024 ( ISO 2624 : 1990),Copper and Copper Alloys - Estimation of Average Grain Size,,,,,,,,,,,https://standards.bis.gov.in/website/know-your-standards,https://standardsbis.bsbedge.com/,copper;alloys;estimation;average;grain;size,Know Your Standard - Bureau of Indian Standards,https://standards.bis.gov.in/website/know-your-standards,2026-09-07
IS 4682 : Part 8 : 2024,Lining of Vessels and Equipment for Chemical Processes - Code of Practice - Part 8 Precious Metals,,,,,,,,,,,https://standards.bis.gov.in/website/know-your-standards,https://standardsbis.bsbedge.com/,lining;vessels;equipment;chemical;processes;precious;metals,Know Your Standard - Bureau of Indian Standards,https://standards.bis.gov.in/website/know-your-standards,2026-09-07
IS 15104 : Part 7 : 2004 ( ISO 8442-7 : 2000),"Materials and Articles in Contact with Foodstuffs - Cutlery and Table Holloware - Part 7 : Requirements for Table Cutlery Made of Silver, Other Precious Metals and Their Alloys",,,,,,,,,,,https://standards.bis.gov.in/website/know-your-standards,https://standardsbis.bsbedge.com/,materials;articles;contact;foodstuffs;cutlery;table;holloware;made;silver;other;precious;metals,Know Your Standard - Bureau of Indian Standards,https://standards.bis.gov.in/website/know-your-standards,2026-09-07
IS 15940 : 2021 ( ISO 11494 : 2019),Jewellery and precious metals Determination of platinum in platinum alloys ICP-OES method using an internal standard element,,,,,,,,,,,https://standards.bis.gov.in/website/know-your-standards,https://standardsbis.bsbedge.com/,jewellery;precious;metals;determination;platinum;alloys;icp;oes;using;internal;standard;element,Know Your Standard - Bureau of Indian Standards,https://standards.bis.gov.in/website/know-your-standards,2026-09-07
IS 15941 : 2021 ( ISO 11495 : 2019),Jewellery and precious metals Determination of palladium in palladium alloys ICP-OES method using an internal standard element,,,,,,,,,,,https://standards.bis.gov.in/website/know-your-standards,https://standardsbis.bsbedge.com/,jewellery;precious;metals;determination;palladium;alloys;icp;oes;using;internal;standard;element,Know Your Standard - Bureau of Indian Standards,https://standards.bis.gov.in/website/know-your-standards,2026-09-07
IS 16900 : 2021 ( ISO 15096 : 2020),Jewellery and precious metals Determination of high purity silver Difference method using ICP-OES,,,,,,,,,,,https://standards.bis.gov.in/website/know-your-standards,https://standardsbis.bsbedge.com/,jewellery;precious;metals;determination;high;purity;silver;difference;using;icp;oes,Know Your Standard - Bureau of Indian Standards,https://standards.bis.gov.in/website/know-your-standards,2026-09-07
IS 16901 : 2022 ( ISO 15093:2020),Jewellery and precious metals Determination of high purity gold platinum and palladium - Difference method using ICP-OES,,,,,,,,,,,https://standards.bis.gov.in/website/know-your-standards,https://standardsbis.bsbedge.com/,jewellery;precious;metals;determination;high;purity;gold;platinum;palladium;difference;using;icp,Know Your Standard - Bureau of Indian Standards,https://standards.bis.gov.in/website/know-your-standards,2026-09-07
IS 18458 : 2023,Jewellery and Precious Metals-Ed-XRF Test- Method of Test,,,,,,,,,,,https://standards.bis.gov.in/website/know-your-standards,https://standardsbis.bsbedge.com/,jewellery;precious;metals;xrf,Know Your Standard - Bureau of Indian Standards,https://standards.bis.gov.in/website/know-your-standards,2026-09-07
IS 19563 : 2026 ( ISO 18214 : 2024),"Jewellery and Precious Metals - Determination of High Purity Gold, Silver, Platinum and Palladium - Difference Method Using SPARK-OES",,,,,,,,,,,https://standards.bis.gov.in/website/know-your-standards,https://standardsbis.bsbedge.com/,jewellery;precious;metals;determination;high;purity;gold;silver;platinum;palladium;difference;using,Know Your Standard - Bureau of Indian Standards,https://standards.bis.gov.in/website/know-your-standards,2026-09-07
IS 447 : 2026 ( ISO 3821 : 2019),Rubber Hoses for Welding - Specification,,,,,,,,,,,https://standards.bis.gov.in/website/know-your-standards,https://standardsbis.bsbedge.com/,rubber;hoses;welding,Know Your Standard - Bureau of Indian Standards,https://standards.bis.gov.in/website/know-your-standards,2026-09-07
IS 812 : 1957,Glossary of terms relating to welding and cutting of metals,,,,,,,,,,,https://standards.bis.gov.in/website/know-your-standards,https://standardsbis.bsbedge.com/,glossary;terms;relating;welding;cutting;metals,Know Your Standard - Bureau of Indian Standards,https://standards.bis.gov.in/website/know-your-standards,2026-09-07
IS 812 : Part 1 : 2024 ( ISO/TR 25901-1 : 2016),Welding and Allied Processes-Vocabulary - Part 1 General Terms,,,,,,,,,,,https://standards.bis.gov.in/website/know-your-standards,https://standardsbis.bsbedge.com/,welding;allied;processes;vocabulary;terms,Know Your Standard - Bureau of Indian Standards,https://standards.bis.gov.in/website/know-your-standards,2026-09-07
IS 812 : Part 2 : 2024 ( ISO 25901-2 : 2022),Welding and Allied Processes-Vocabulary - Part 2 Health and Safety,,,,,,,,,,,https://standards.bis.gov.in/website/know-your-standards,https://standardsbis.bsbedge.com/,welding;allied;processes;vocabulary;health;safety,Know Your Standard - Bureau of Indian Standards,https://standards.bis.gov.in/website/know-your-standards,2026-09-07
IS 812 : Part 3 : 2024 ( ISO/TR 25901- 3 : 2016),Welding and Allied Processes-Vocabulary - Part 3 Welding Processes,,,,,,,,,,,https://standards.bis.gov.in/website/know-your-standards,https://standardsbis.bsbedge.com/,welding;allied;processes;vocabulary,Know Your Standard - Bureau of Indian Standards,https://standards.bis.gov.in/website/know-your-standards,2026-09-07
IS 812 : Part 4 : 2024 ( ISO/TR 25901-4 : 2016),Welding and Allied Processes-Vocabulary - Part 4 Arc Welding,,,,,,,,,,,https://standards.bis.gov.in/website/know-your-standards,https://standardsbis.bsbedge.com/,welding;allied;processes;vocabulary;arc,Know Your Standard - Bureau of Indian Standards,https://standards.bis.gov.in/website/know-your-standards,2026-09-07
IS 813 : 1986,Scheme Of Symbols For Welding,,,,,,,,,,,https://standards.bis.gov.in/website/know-your-standards,https://standardsbis.bsbedge.com/,scheme;symbols;welding,Know Your Standard - Bureau of Indian Standards,https://standards.bis.gov.in/website/know-your-standards,2026-09-07
IS 813 : Part 2 : 2026 ( ISO 4063 : 2023),Welding and Allied Processes - Part 2 Nomenclature of Processes and Reference Numbers,,,,,,,,,,,https://standards.bis.gov.in/website/know-your-standards,https://standardsbis.bsbedge.com/,welding;allied;processes;nomenclature;reference;numbers,Know Your Standard - Bureau of Indian Standards,https://standards.bis.gov.in/website/know-your-standards,2026-09-07
IS 814 : 2004,Covered Electrodes for Manual Metal Arc Welding of Carbon and Carbon Manganese Steel,,,,,,,,,,,https://standards.bis.gov.in/website/know-your-standards,https://standardsbis.bsbedge.com/,covered;electrodes;manual;metal;arc;welding;carbon;manganese;steel,Know Your Standard - Bureau of Indian Standards,https://standards.bis.gov.in/website/know-your-standards,2026-09-07
IS 815 : 1974,Classification coding of covered electrodes for metal arc welding of structural steels,,,,,,,,,,,https://standards.bis.gov.in/website/know-your-standards,https://standardsbis.bsbedge.com/,classification;coding;covered;electrodes;metal;arc;welding;structural;steels,Know Your Standard - Bureau of Indian Standards,https://standards.bis.gov.in/website/know-your-standards,2026-09-07
IS 816 : 1969,Code of practice for use of metal arc welding for general construction in mild steel (Incorporated Amendments No.1 & 2),,,,,,,,,,,https://standards.bis.gov.in/website/know-your-standards,https://standardsbis.bsbedge.com/,use;metal;arc;welding;construction;mild;steel;incorporated;amendments,Know Your Standard - Bureau of Indian Standards,https://standards.bis.gov.in/website/know-your-standards,2026-09-07
IS 817 : Part 1 : 1992,Training of Welders - Code of Practice: Part 1 Manual metal arc welding,,,,,,,,,,,https://standards.bis.gov.in/website/know-your-standards,https://standardsbis.bsbedge.com/,training;welders;manual;metal;arc;welding,Know Your Standard - Bureau of Indian Standards,https://standards.bis.gov.in/website/know-your-standards,2026-09-07
IS 817 : Part 2 : 1996,Training of Welders - Code of Practice: Part 2 Oxyfuel welding,,,,,,,,,,,https://standards.bis.gov.in/website/know-your-standards,https://standardsbis.bsbedge.com/,training;welders;oxyfuel;welding,Know Your Standard - Bureau of Indian Standards,https://standards.bis.gov.in/website/know-your-standards,2026-09-07
IS 818 : 1968,Code of Practice for Safety and Health Requirements in Electric and Gas Welding and Cutting Operations,,,,,,,,,,,https://standards.bis.gov.in/website/know-your-standards,https://standardsbis.bsbedge.com/,safety;health;electric;gas;welding;cutting;operations,Know Your Standard - Bureau of Indian Standards,https://standards.bis.gov.in/website/know-your-standards,2026-09-07
IS 819 : 1957,Code of Practice for Resistance Spot Welding for Light Assemblies in Mild Steel,,,,,,,,,,,https://standards.bis.gov.in/website/know-your-standards,https://standardsbis.bsbedge.com/,resistance;spot;welding;light;assemblies;mild;steel,Know Your Standard - Bureau of Indian Standards,https://standards.bis.gov.in/website/know-your-standards,2026-09-07
IS 823 : 1964,Code of procedure for manual metal arc welding of mild steel,,,,,,,,,,,https://standards.bis.gov.in/website/know-your-standards,https://standardsbis.bsbedge.com/,procedure;manual;metal;arc;welding;mild;steel,Know Your Standard - Bureau of Indian Standards,https://standards.bis.gov.in/website/know-your-standards,2026-09-07
IS 1024 : 2025,Use of Welding in Bridges and Structures Subject to Dynamic Loading - Code of Practice,,,,,,,,,,,https://standards.bis.gov.in/website/know-your-standards,https://standardsbis.bsbedge.com/,use;welding;bridges;structures;subject;dynamic;loading,Know Your Standard - Bureau of Indian Standards,https://standards.bis.gov.in/website/know-your-standards,2026-09-07
IS 1179 : 1967,Equipment For Eye And Face Protection During Welding,,,,,,,,,,,https://standards.bis.gov.in/website/know-your-standards,https://standardsbis.bsbedge.com/,equipment;eye;face;protection;during;welding,Know Your Standard - Bureau of Indian Standards,https://standards.bis.gov.in/website/know-your-standards,2026-09-07
IS 1181 : 1967,Qualifying Tests For Metal Arc Welders (engaged In Welding Structures Other Than Pipes),,,,,,,,,,,https://standards.bis.gov.in/website/know-your-standards,https://standardsbis.bsbedge.com/,qualifying;metal;arc;welders;engaged;welding;structures;other;than;pipes,Know Your Standard - Bureau of Indian Standards,https://standards.bis.gov.in/website/know-your-standards,2026-09-07
IS 1261 : 1959,Code of Practice for Seam Welding in Mild Steel,,,,,,,,,,,https://standards.bis.gov.in/website/know-your-standards,https://standardsbis.bsbedge.com/,seam;welding;mild;steel,Know Your Standard - Bureau of Indian Standards,https://standards.bis.gov.in/website/know-your-standards,2026-09-07
IS 1278 : 1972,Filler Rods And Wires For Gas Welding (Incorporated Amendement No. 1 & 2),,,,,,,,,,,https://standards.bis.gov.in/website/know-your-standards,https://standardsbis.bsbedge.com/,filler;rods;wires;gas;welding;incorporated;amendement,Know Your Standard - Bureau of Indian Standards,https://standards.bis.gov.in/website/know-your-standards,2026-09-07
IS 1323 : 1982,Code of Practice for Oxy-acetylene Welding for Structural Work in Mild Steels,,,,,,,,,,,https://standards.bis.gov.in/website/know-your-standards,https://standardsbis.bsbedge.com/,oxy;acetylene;welding;structural;work;mild;steels,Know Your Standard - Bureau of Indian Standards,https://standards.bis.gov.in/website/know-your-standards,2026-09-07
IS 1395 : 1982,Low And Medium Alloy Steel Covered Electrodes For Manual Metal Arc Welding,,,,,,,,,,,https://standards.bis.gov.in/website/know-your-standards,https://standardsbis.bsbedge.com/,low;medium;alloy;steel;covered;electrodes;manual;metal;arc;welding,Know Your Standard - Bureau of Indian Standards,https://standards.bis.gov.in/website/know-your-standards,2026-09-07
IS 1442 : 1964,Covered electrodes for metal arc welding of high tensile structural steel,,,,,,,,,,,https://standards.bis.gov.in/website/know-your-standards,https://standardsbis.bsbedge.com/,covered;electrodes;metal;arc;welding;high;tensile;structural;steel,Know Your Standard - Bureau of Indian Standards,https://standards.bis.gov.in/website/know-your-standards,2026-09-07
IS 224 : 1979,Foundry pig iron for general purposes,,,,,,,,,,,https://standards.bis.gov.in/website/know-your-standards,https://standardsbis.bsbedge.com/,foundry;pig;iron;purposes,Know Your Standard - Bureau of Indian Standards,https://standards.bis.gov.in/website/know-your-standards,2026-09-07
IS 713 : 2026,Zinc-Aluminium Alloy Ingots Intended for Foundry and Die Castings - Specification,,,,,,,,,,,https://standards.bis.gov.in/website/know-your-standards,https://standardsbis.bsbedge.com/,zinc;aluminium;alloy;ingots;intended;foundry;die;castings,Know Your Standard - Bureau of Indian Standards,https://standards.bis.gov.in/website/know-your-standards,2026-09-07
IS 1280 : 1975,Foundry Moulding Boxes Of Steel Construction (Incorporated Amendement No. 1),,,,,,,,,,,https://standards.bis.gov.in/website/know-your-standards,https://standardsbis.bsbedge.com/,foundry;moulding;boxes;steel;construction;incorporated;amendement,Know Your Standard - Bureau of Indian Standards,https://standards.bis.gov.in/website/know-your-standards,2026-09-07
IS 1305 : 1984,Graphite for use in foundry coatings,,,,,,,,,,,https://standards.bis.gov.in/website/know-your-standards,https://standardsbis.bsbedge.com/,graphite;use;foundry;coatings,Know Your Standard - Bureau of Indian Standards,https://standards.bis.gov.in/website/know-your-standards,2026-09-07
IS 1752 : 2023,Specification For Coal Dust For Use In Cast Iron Foundry,,,,,,,,,,,https://standards.bis.gov.in/website/know-your-standards,https://standardsbis.bsbedge.com/,coal;dust;use;cast;iron;foundry,Know Your Standard - Bureau of Indian Standards,https://standards.bis.gov.in/website/know-your-standards,2026-09-07
IS 1811 : 1984,Methods of sampling foundry sands,,,,,,,,,,,https://standards.bis.gov.in/website/know-your-standards,https://standardsbis.bsbedge.com/,sampling;foundry;sands,Know Your Standard - Bureau of Indian Standards,https://standards.bis.gov.in/website/know-your-standards,2026-09-07
IS 1918 : 1966,Methods of physical tests for foundry sands,,,,,,,,,,,https://standards.bis.gov.in/website/know-your-standards,https://standardsbis.bsbedge.com/,physical;foundry;sands,Know Your Standard - Bureau of Indian Standards,https://standards.bis.gov.in/website/know-your-standards,2026-09-07
IS 2390 : 1967,Methods for chemical analysis of foundry nickel,,,,,,,,,,,https://standards.bis.gov.in/website/know-your-standards,https://standardsbis.bsbedge.com/,chemical;analysis;foundry;nickel,Know Your Standard - Bureau of Indian Standards,https://standards.bis.gov.in/website/know-your-standards,2026-09-07
"IS 2391 (Active,Concurrent Running) : 1970",Foundry Nickel,,,,,,,,,,,https://standards.bis.gov.in/website/know-your-standards,https://standardsbis.bsbedge.com/,foundry;nickel,Know Your Standard - Bureau of Indian Standards,https://standards.bis.gov.in/website/know-your-standards,2026-09-07
IS 2391 : 2024,Foundry Nickel - Specification,,,,,,,,,,,https://standards.bis.gov.in/website/know-your-standards,https://standardsbis.bsbedge.com/,foundry;nickel,Know Your Standard - Bureau of Indian Standards,https://standards.bis.gov.in/website/know-your-standards,2026-09-07
IS 2763 : 1999,Glossary of Terms Relating to Foundry Technology,,,,,,,,,,,https://standards.bis.gov.in/website/know-your-standards,https://standardsbis.bsbedge.com/,glossary;terms;relating;foundry;technology,Know Your Standard - Bureau of Indian Standards,https://standards.bis.gov.in/website/know-your-standards,2026-09-07
IS 3666 : 1966,Tests for foundry core oils,,,,,,,,,,,https://standards.bis.gov.in/website/know-your-standards,https://standardsbis.bsbedge.com/,foundry;core;oils,Know Your Standard - Bureau of Indian Standards,https://standards.bis.gov.in/website/know-your-standards,2026-09-07
IS 4301 : 1999,"Brushes, Foundry, Flat",,,,,,,,,,,https://standards.bis.gov.in/website/know-your-standards,https://standardsbis.bsbedge.com/,brushes;foundry;flat,Know Your Standard - Bureau of Indian Standards,https://standards.bis.gov.in/website/know-your-standards,2026-09-07
IS 4981 : 1984,Guide pins for foundry pattern plates,,,,,,,,,,,https://standards.bis.gov.in/website/know-your-standards,https://standardsbis.bsbedge.com/,guide;pins;foundry;pattern;plates,Know Your Standard - Bureau of Indian Standards,https://standards.bis.gov.in/website/know-your-standards,2026-09-07
IS 4982 : 1984,Closing pins for foundry moulding boxes,,,,,,,,,,,https://standards.bis.gov.in/website/know-your-standards,https://standardsbis.bsbedge.com/,closing;pins;foundry;moulding;boxes,Know Your Standard - Bureau of Indian Standards,https://standards.bis.gov.in/website/know-your-standards,2026-09-07
IS 5032 : 1983,Recommended sizes of cupola furnace for foundry,,,,,,,,,,,https://standards.bis.gov.in/website/know-your-standards,https://standardsbis.bsbedge.com/,recommended;sizes;cupola;furnace;foundry,Know Your Standard - Bureau of Indian Standards,https://standards.bis.gov.in/website/know-your-standards,2026-09-07
IS 8250 : 1988,Foundry Parting Agents,,,,,,,,,,,https://standards.bis.gov.in/website/know-your-standards,https://standardsbis.bsbedge.com/,foundry;parting;agents,Know Your Standard - Bureau of Indian Standards,https://standards.bis.gov.in/website/know-your-standards,2026-09-07
IS 8988 : 1978,Bauxite powder for foundry washes,,,,,,,,,,,https://standards.bis.gov.in/website/know-your-standards,https://standardsbis.bsbedge.com/,bauxite;powder;foundry;washes,Know Your Standard - Bureau of Indian Standards,https://standards.bis.gov.in/website/know-your-standards,2026-09-07
IS 9009 : 1992,Foundry Core Oils,,,,,,,,,,,https://standards.bis.gov.in/website/know-your-standards,https://standardsbis.bsbedge.com/,foundry;core;oils,Know Your Standard - Bureau of Indian Standards,https://standards.bis.gov.in/website/know-your-standards,2026-09-07
IS 10034 : 1981,Basic Requirement For Equipment For Determining Moisture Content In Foundry Sand,,,,,,,,,,,https://standards.bis.gov.in/website/know-your-standards,https://standardsbis.bsbedge.com/,basic;requirement;equipment;determining;moisture;content;foundry;sand,Know Your Standard - Bureau of Indian Standards,https://standards.bis.gov.in/website/know-your-standards,2026-09-07
IS 10469 : 1983,Antipiping compound for foundry,,,,,,,,,,,https://standards.bis.gov.in/website/know-your-standards,https://standardsbis.bsbedge.com/,antipiping;compound;foundry,Know Your Standard - Bureau of Indian Standards,https://standards.bis.gov.in/website/know-your-standards,2026-09-07
IS 10498 : 1983,Apparatus for determining permeability of foundry sand,,,,,,,,,,,https://standards.bis.gov.in/website/know-your-standards,https://standardsbis.bsbedge.com/,apparatus;determining;permeability;foundry;sand,Know Your Standard - Bureau of Indian Standards,https://standards.bis.gov.in/website/know-your-standards,2026-09-07
IS 10504 : 1983,Exothermic feeding aid for foundry,,,,,,,,,,,https://standards.bis.gov.in/website/know-your-standards,https://standardsbis.bsbedge.com/,exothermic;feeding;aid;foundry,Know Your Standard - Bureau of Indian Standards,https://standards.bis.gov.in/website/know-your-standards,2026-09-07
IS 12880 : 1989,Guidelines for Controlling Foundry Rejection,,,,,,,,,,,https://standards.bis.gov.in/website/know-your-standards,https://standardsbis.bsbedge.com/,guidelines;controlling;foundry;rejection,Know Your Standard - Bureau of Indian Standards,https://standards.bis.gov.in/website/know-your-standards,2026-09-07
IS 13100 : 1991,Pitch powder for use in cast iron foundry,,,,,,,,,,,https://standards.bis.gov.in/website/know-your-standards,https://standardsbis.bsbedge.com/,pitch;powder;use;cast;iron;foundry,Know Your Standard - Bureau of Indian Standards,https://standards.bis.gov.in/website/know-your-standards,2026-09-07
IS 6 : 1983,"Moderate Heat Duty Fireclay Refractories, Group `A'",,,,,,,,,,,https://standards.bis.gov.in/website/know-your-standards,https://standardsbis.bsbedge.com/,moderate;heat;duty;fireclay;refractories;group,Know Your Standard - Bureau of Indian Standards,https://standards.bis.gov.in/website/know-your-standards,2026-09-07
IS 7 : 1980,Moderate Heat Duty Fireclay Refractories Group B,,,,,,,,,,,https://standards.bis.gov.in/website/know-your-standards,https://standardsbis.bsbedge.com/,moderate;heat;duty;fireclay;refractories;group,Know Your Standard - Bureau of Indian Standards,https://standards.bis.gov.in/website/know-your-standards,2026-09-07
IS 8 : 1994,High Heat Duty Fireclay Refractories,,,,,,,,,,,https://standards.bis.gov.in/website/know-your-standards,https://standardsbis.bsbedge.com/,high;heat;duty;fireclay;refractories,Know Your Standard - Bureau of Indian Standards,https://standards.bis.gov.in/website/know-your-standards,2026-09-07
SP 37 : Part 3 : 1987,Handbook for Refractories - Part 3 : Refractories for Cement Kiln System,,,,,,,,,,,https://standards.bis.gov.in/website/know-your-standards,https://standardsbis.bsbedge.com/,handbook;refractories;cement;kiln;system,Know Your Standard - Bureau of Indian Standards,https://standards.bis.gov.in/website/know-your-standards,2026-09-07
IS 194 : 1950,Recommendations for refractories for railways,,,,,,,,,,,https://standards.bis.gov.in/website/know-your-standards,https://standardsbis.bsbedge.com/,recommendations;refractories;railways,Know Your Standard - Bureau of Indian Standards,https://standards.bis.gov.in/website/know-your-standards,2026-09-07
IS 483 : 1972,Fireclay Refractories for Oil-fired Boiler Furnaces of Naval Ships,,,,,,,,,,,https://standards.bis.gov.in/website/know-your-standards,https://standardsbis.bsbedge.com/,fireclay;refractories;oil;fired;boiler;furnaces;naval;ships,Know Your Standard - Bureau of Indian Standards,https://standards.bis.gov.in/website/know-your-standards,2026-09-07
IS 484 : 1980,Silica Refractories for General Purposes,,,,,,,,,,,https://standards.bis.gov.in/website/know-your-standards,https://standardsbis.bsbedge.com/,silica;refractories;purposes,Know Your Standard - Bureau of Indian Standards,https://standards.bis.gov.in/website/know-your-standards,2026-09-07
IS 1523 : 1972,Bottom pouring refractories for steel plants,,,,,,,,,,,https://standards.bis.gov.in/website/know-your-standards,https://standardsbis.bsbedge.com/,bottom;pouring;refractories;steel;plants,Know Your Standard - Bureau of Indian Standards,https://standards.bis.gov.in/website/know-your-standards,2026-09-07
IS 1525 : 1968,Ladle refractories for steel plants,,,,,,,,,,,https://standards.bis.gov.in/website/know-your-standards,https://standardsbis.bsbedge.com/,ladle;refractories;steel;plants,Know Your Standard - Bureau of Indian Standards,https://standards.bis.gov.in/website/know-your-standards,2026-09-07
IS 1528 : Part 6 : 2010 ( ISO 5018 : 1983),Methods Of Sampling And Physical Tests For Refractory Materials Part 6 Determination Of Permanent Linear Change After Reheating For Shaped Insulating And Dense Refractories,,,,,,,,,,,https://standards.bis.gov.in/website/know-your-standards,https://standardsbis.bsbedge.com/,sampling;physical;refractory;materials;determination;permanent;linear;change;after;reheating;shaped;insulating,Know Your Standard - Bureau of Indian Standards,https://standards.bis.gov.in/website/know-your-standards,2026-09-07
IS 1529 : 1971,Blast furnace refractories for steel plants,,,,,,,,,,,https://standards.bis.gov.in/website/know-your-standards,https://standardsbis.bsbedge.com/,blast;furnace;refractories;steel;plants,Know Your Standard - Bureau of Indian Standards,https://standards.bis.gov.in/website/know-your-standards,2026-09-07
IS 1749 : 2005,Burnt magnesite refractories,,,,,,,,,,,https://standards.bis.gov.in/website/know-your-standards,https://standardsbis.bsbedge.com/,burnt;magnesite;refractories,Know Your Standard - Bureau of Indian Standards,https://standards.bis.gov.in/website/know-your-standards,2026-09-07
IS 2043 : 1984,Siliceous Fireclay Refractories,,,,,,,,,,,https://standards.bis.gov.in/website/know-your-standards,https://standardsbis.bsbedge.com/,siliceous;fireclay;refractories,Know Your Standard - Bureau of Indian Standards,https://standards.bis.gov.in/website/know-your-standards,2026-09-07
IS 2044 : 2005,Mullite Refractories for Glass Melting Tank Furnaces,,,,,,,,,,,https://standards.bis.gov.in/website/know-your-standards,https://standardsbis.bsbedge.com/,mullite;refractories;glass;melting;tank;furnaces,Know Your Standard - Bureau of Indian Standards,https://standards.bis.gov.in/website/know-your-standards,2026-09-07
IS 3304 : 2005,Burnt Magnesite-chrome Refractories For General Purposes,,,,,,,,,,,https://standards.bis.gov.in/website/know-your-standards,https://standardsbis.bsbedge.com/,burnt;magnesite;chrome;refractories;purposes,Know Your Standard - Bureau of Indian Standards,https://standards.bis.gov.in/website/know-your-standards,2026-09-07
IS 3305 : 2005,Burnt chrome-magnesite refractories for general purposes,,,,,,,,,,,https://standards.bis.gov.in/website/know-your-standards,https://standardsbis.bsbedge.com/,burnt;chrome;magnesite;refractories;purposes,Know Your Standard - Bureau of Indian Standards,https://standards.bis.gov.in/website/know-your-standards,2026-09-07
IS 4041 : 2006 ( ISO 836 : 2001),Terminoloty For Refractories,,,,,,,,,,,https://standards.bis.gov.in/website/know-your-standards,https://standardsbis.bsbedge.com/,terminoloty;refractories,Know Your Standard - Bureau of Indian Standards,https://standards.bis.gov.in/website/know-your-standards,2026-09-07
IS 4801 : 1980,Chemically-Bonded Magnesite-Chrome Refractories for Roof Lining,,,,,,,,,,,https://standards.bis.gov.in/website/know-your-standards,https://standardsbis.bsbedge.com/,chemically;bonded;magnesite;chrome;refractories;roof;lining,Know Your Standard - Bureau of Indian Standards,https://standards.bis.gov.in/website/know-your-standards,2026-09-07
IS 4812 : 1996,Silica refractories for coke oven,,,,,,,,,,,https://standards.bis.gov.in/website/know-your-standards,https://standardsbis.bsbedge.com/,silica;refractories;coke;oven,Know Your Standard - Bureau of Indian Standards,https://standards.bis.gov.in/website/know-your-standards,2026-09-07
IS 4813 : 1980,Chemically-bonded chrome-magnesite refractories for general purposes,,,,,,,,,,,https://standards.bis.gov.in/website/know-your-standards,https://standardsbis.bsbedge.com/,chemically;bonded;chrome;magnesite;refractories;purposes,Know Your Standard - Bureau of Indian Standards,https://standards.bis.gov.in/website/know-your-standards,2026-09-07
IS 4814 : 1980,Chemically-Bonded Magnesite-Chrome Refractories for General Purposes,,,,,,,,,,,https://standards.bis.gov.in/website/know-your-standards,https://standardsbis.bsbedge.com/,chemically;bonded;magnesite;chrome;refractories;purposes,Know Your Standard - Bureau of Indian Standards,https://standards.bis.gov.in/website/know-your-standards,2026-09-07
IS 7199 : 2008,Blast Furnace Stove Refractories,,,,,,,,,,,https://standards.bis.gov.in/website/know-your-standards,https://standardsbis.bsbedge.com/,blast;furnace;stove;refractories,Know Your Standard - Bureau of Indian Standards,https://standards.bis.gov.in/website/know-your-standards,2026-09-07
IS 9010 : 1978,Super heat duty fireclay refractories,,,,,,,,,,,https://standards.bis.gov.in/website/know-your-standards,https://standardsbis.bsbedge.com/,super;heat;duty;fireclay;refractories,Know Your Standard - Bureau of Indian Standards,https://standards.bis.gov.in/website/know-your-standards,2026-09-07
IS 9930 : 2005,Zircon refractories for glass furnace applications,,,,,,,,,,,https://standards.bis.gov.in/website/know-your-standards,https://standardsbis.bsbedge.com/,zircon;refractories;glass;furnace;applications,Know Your Standard - Bureau of Indian Standards,https://standards.bis.gov.in/website/know-your-standards,2026-09-07
IS 10551 : 2005,Zircon mullite refractories for glass furnace applications,,,,,,,,,,,https://standards.bis.gov.in/website/know-your-standards,https://standardsbis.bsbedge.com/,zircon;mullite;refractories;glass;furnace;applications,Know Your Standard - Bureau of Indian Standards,https://standards.bis.gov.in/website/know-your-standards,2026-09-07
IS 516 : Part 5 : Sec 1 : 2018,Hardened Concrete —Methods of Test Part 5 Non-destructive Testing of Concrete Section 1 Ultrasonic Pulse Velocity Testing ( First Revision ),,,,,,,,,,,https://standards.bis.gov.in/website/know-your-standards,https://standardsbis.bsbedge.com/,hardened;concrete;non;destructive;testing;section;ultrasonic;pulse;velocity;first;revision,Know Your Standard - Bureau of Indian Standards,https://standards.bis.gov.in/website/know-your-standards,2026-09-07
IS 516 : Part 5 : Sec 2 : 2021,Hardened concrete-methods of test part 5 non-destructive testing section 2 half -cell potentials of uncoated reinforcing steel in concrete (first revision),,,,,,,,,,,https://standards.bis.gov.in/website/know-your-standards,https://standardsbis.bsbedge.com/,hardened;concrete;non;destructive;testing;section;half;cell;potentials;uncoated;reinforcing;steel,Know Your Standard - Bureau of Indian Standards,https://standards.bis.gov.in/website/know-your-standards,2026-09-07
IS 516 : Part 5 : Sec 3 : 2021,Hardened Concrete - Methods of Test Part 5 Non-Destructive Testing of Concrete Section 3 Carbonation Depth Test ( First Revision ),,,,,,,,,,,https://standards.bis.gov.in/website/know-your-standards,https://standardsbis.bsbedge.com/,hardened;concrete;non;destructive;testing;section;carbonation;depth;first;revision,Know Your Standard - Bureau of Indian Standards,https://standards.bis.gov.in/website/know-your-standards,2026-09-07
IS 516 : Part 5 : Sec 4 : 2020,Hardened Concrete Ã¢â‚¬â€ Methods of Test Part 5 Non-Destructive Testing of Concrete Section 4 Rebound Hammer Test ( First Revision ),,,,,,,,,,,https://standards.bis.gov.in/website/know-your-standards,https://standardsbis.bsbedge.com/,hardened;concrete;non;destructive;testing;section;rebound;hammer;first;revision,Know Your Standard - Bureau of Indian Standards,https://standards.bis.gov.in/website/know-your-standards,2026-09-07
IS 2417 : 2003,Glossary of Terms Used in Ultrasonic Non-Destructive Testing,,,,,,,,,,,https://standards.bis.gov.in/website/know-your-standards,https://standardsbis.bsbedge.com/,glossary;terms;used;ultrasonic;non;destructive;testing,Know Your Standard - Bureau of Indian Standards,https://standards.bis.gov.in/website/know-your-standards,2026-09-07
IS/ISO 3057 : 1998 ( ISO 3057 : 1998),Non-destructive Testing — Metallographic Replica Techniques of Surface Examination,,,,,,,,,,,https://standards.bis.gov.in/website/know-your-standards,https://standardsbis.bsbedge.com/,non;destructive;testing;metallographic;replica;techniques;surface;examination,Know Your Standard - Bureau of Indian Standards,https://standards.bis.gov.in/website/know-your-standards,2026-09-07
IS 4904 : 2006,Calibration blocks for use in ultrasonic non-destructive testing,,,,,,,,,,,https://standards.bis.gov.in/website/know-your-standards,https://standardsbis.bsbedge.com/,calibration;blocks;use;ultrasonic;non;destructive;testing,Know Your Standard - Bureau of Indian Standards,https://standards.bis.gov.in/website/know-your-standards,2026-09-07
IS/ISO 5580 : 1985 ( ISO 5580 : 1985),Non-Destructive Testing — Industrial Radiographic Illuminators — Minimum Requirements,,,,,,,,,,,https://standards.bis.gov.in/website/know-your-standards,https://standardsbis.bsbedge.com/,non;destructive;testing;industrial;radiographic;illuminators;minimum,Know Your Standard - Bureau of Indian Standards,https://standards.bis.gov.in/website/know-your-standards,2026-09-07
IS 6398 Part 2 : 2020 ( ISO 10893-2 : 2011),Non-Destructive Testing of Steel Tubes Part 2 Automated Eddy Current Testing of Seamless and Welded ( Except Submerged Arc-Welded ) Steel Tubes for the Detection of imperfections ( Second Revision ),,,,,,,,,,,https://standards.bis.gov.in/website/know-your-standards,https://standardsbis.bsbedge.com/,non;destructive;testing;steel;tubes;automated;eddy;current;seamless;welded;except;submerged,Know Your Standard - Bureau of Indian Standards,https://standards.bis.gov.in/website/know-your-standards,2026-09-07
IS 8780 : 2004,Non-Destructive Testing of Steel Castings - Code of Practice,,,,,,,,,,,https://standards.bis.gov.in/website/know-your-standards,https://standardsbis.bsbedge.com/,non;destructive;testing;steel;castings,Know Your Standard - Bureau of Indian Standards,https://standards.bis.gov.in/website/know-your-standards,2026-09-07
IS/ISO 9583 : 1993 ( ISO 9583 : 1993),lmplants for Surgery â€” Non-Destructive Testing - Liquid Penetrant Inspection of Metallic Surgical Implants,,,,,,,,,,,https://standards.bis.gov.in/website/know-your-standards,https://standardsbis.bsbedge.com/,lmplants;surgery;non;destructive;testing;liquid;penetrant;inspection;metallic;surgical;implants,Know Your Standard - Bureau of Indian Standards,https://standards.bis.gov.in/website/know-your-standards,2026-09-07
IS/ISO 9584 : 1993 ( ISO 9584 : 1993),Implants for Surgery - Non-Destructive Testing - Radiographic Examination of Cast Metallic Surgical Implants,,,,,,,,,,,https://standards.bis.gov.in/website/know-your-standards,https://standardsbis.bsbedge.com/,implants;surgery;non;destructive;testing;radiographic;examination;cast;metallic;surgical,Know Your Standard - Bureau of Indian Standards,https://standards.bis.gov.in/website/know-your-standards,2026-09-07
IS 12148 : 1987,Guidelines for Requirements for Non-destructive Testing Agencies,,,,,,,,,,,https://standards.bis.gov.in/website/know-your-standards,https://standardsbis.bsbedge.com/,guidelines;non;destructive;testing;agencies,Know Your Standard - Bureau of Indian Standards,https://standards.bis.gov.in/website/know-your-standards,2026-09-07
IS 12554 : Part 1 : 1988,Non-destructive Coating Thickness Testing Instruments: Part 1 Eddy Current Instruments,,,,,,,,,,,https://standards.bis.gov.in/website/know-your-standards,https://standardsbis.bsbedge.com/,non;destructive;coating;thickness;testing;instruments;eddy;current,Know Your Standard - Bureau of Indian Standards,https://standards.bis.gov.in/website/know-your-standards,2026-09-07
IS 12554 : Part 2 : 1999,Non-destructive Coating Thickness Testing Instruments - Part 2 : Magnetic Instruments,,,,,,,,,,,https://standards.bis.gov.in/website/know-your-standards,https://standardsbis.bsbedge.com/,non;destructive;coating;thickness;testing;instruments;magnetic,Know Your Standard - Bureau of Indian Standards,https://standards.bis.gov.in/website/know-your-standards,2026-09-07
IS 13311 : Part 1 : 1992,Method of Non-destructive Testing of Concret: Part 1 Ultrasonic Pluse Velocity,,,,,,,,,,,https://standards.bis.gov.in/website/know-your-standards,https://standardsbis.bsbedge.com/,non;destructive;testing;concret;ultrasonic;pluse;velocity,Know Your Standard - Bureau of Indian Standards,https://standards.bis.gov.in/website/know-your-standards,2026-09-07
IS 13311 : Part 2 : 1992,Method of Non-destructive Testing of Concret-methods of Test : Part 2 Rebound Hammer,,,,,,,,,,,https://standards.bis.gov.in/website/know-your-standards,https://standardsbis.bsbedge.com/,non;destructive;testing;concret;rebound;hammer,Know Your Standard - Bureau of Indian Standards,https://standards.bis.gov.in/website/know-your-standards,2026-09-07
IS 13805 : 2004,General Standard for Qualification and Certification of Non-Destructive Testing Personnel,,,,,,,,,,,https://standards.bis.gov.in/website/know-your-standards,https://standardsbis.bsbedge.com/,standard;qualification;certification;non;destructive;testing;personnel,Know Your Standard - Bureau of Indian Standards,https://standards.bis.gov.in/website/know-your-standards,2026-09-07
IS 14893 : 2021,Low strain non-destructive integrity testing of piles - Guidelines (first revision of IS 14893),,,,,,,,,,,https://standards.bis.gov.in/website/know-your-standards,https://standardsbis.bsbedge.com/,low;strain;non;destructive;integrity;testing;piles;guidelines;first;revision,Know Your Standard - Bureau of Indian Standards,https://standards.bis.gov.in/website/know-your-standards,2026-09-07
IS 15775 : 2008,Glossary of terms for signal analysis related to non-destructive testing,,,,,,,,,,,https://standards.bis.gov.in/website/know-your-standards,https://standardsbis.bsbedge.com/,glossary;terms;signal;analysis;related;non;destructive;testing,Know Your Standard - Bureau of Indian Standards,https://standards.bis.gov.in/website/know-your-standards,2026-09-07
IS 15987 : 2013,Non-Destructive Testing of Concrete Structures Using Impact-Echo Technique — Recommended Practice,,,,,,,,,,,https://standards.bis.gov.in/website/know-your-standards,https://standardsbis.bsbedge.com/,non;destructive;testing;concrete;structures;using;impact;echo;technique;recommended,Know Your Standard - Bureau of Indian Standards,https://standards.bis.gov.in/website/know-your-standards,2026-09-07
IS 16478 : Part 1 : 2024 ( ISO 4386-1 : 2019),Plain Bearings-Metallic Multilayer Plain Bearings - Part 1 Non-Destructive Ultrasonic Testing of Bond of Thickness Greater than or Equal to 0.5 mm,,,,,,,,,,,https://standards.bis.gov.in/website/know-your-standards,https://standardsbis.bsbedge.com/,plain;bearings;metallic;multilayer;non;destructive;ultrasonic;testing;bond;thickness;greater;than,Know Your Standard - Bureau of Indian Standards,https://standards.bis.gov.in/website/know-your-standards,2026-09-07
IS 16478 : Part 3 : 2023 ( ISO 4386-3 : 2018),Plain Bearings-Metallic Multilayer Plain Bearings Part 3 Non-Destructive Penetrant Testing,,,,,,,,,,,https://standards.bis.gov.in/website/know-your-standards,https://standardsbis.bsbedge.com/,plain;bearings;metallic;multilayer;non;destructive;penetrant;testing,Know Your Standard - Bureau of Indian Standards,https://standards.bis.gov.in/website/know-your-standards,2026-09-07
IS 17069 : Part 1 : 2019 ( ISO 14096-1 : 2005),"Non-Destructive Testing — Qualification of Radiographic Film Digitization Systems Part 1 Definitions, Quantitative Measurements of Image Quality Parameters, Standard Reference Film and Qualitative Control",,,,,,,,,,,https://standards.bis.gov.in/website/know-your-standards,https://standardsbis.bsbedge.com/,non;destructive;testing;qualification;radiographic;film;digitization;systems;definitions;quantitative;measurements;image,Know Your Standard - Bureau of Indian Standards,https://standards.bis.gov.in/website/know-your-standards,2026-09-07
IS 17069 : Part 2 : 2019 ( ISO 14096-2 : 2005),Non-Destructive Testing — Qualification of Radiographic Film Digitization Systems Part 2 Minimum Requirements,,,,,,,,,,,https://standards.bis.gov.in/website/know-your-standards,https://standardsbis.bsbedge.com/,non;destructive;testing;qualification;radiographic;film;digitization;systems;minimum,Know Your Standard - Bureau of Indian Standards,https://standards.bis.gov.in/website/know-your-standards,2026-09-07
IS 4180 : 1967,Code of practice for corrosion protection of light gauge steel sections used in building (Incorporated Amendement No.1),,,,,,,,,,,https://standards.bis.gov.in/website/know-your-standards,https://standardsbis.bsbedge.com/,corrosion;protection;light;gauge;steel;sections;used;building;incorporated;amendement,Know Your Standard - Bureau of Indian Standards,https://standards.bis.gov.in/website/know-your-standards,2026-09-07
IS 9077 : 1979,Code of practice for corrosion protection of steel reinforcement in RB and RCC construction,,,,,,,,,,,https://standards.bis.gov.in/website/know-your-standards,https://standardsbis.bsbedge.com/,corrosion;protection;steel;reinforcement;rcc;construction,Know Your Standard - Bureau of Indian Standards,https://standards.bis.gov.in/website/know-your-standards,2026-09-07
IS 10493 : 1983,Corrosion Protection Tests For Temporary Corrosion Preventives,,,,,,,,,,,https://standards.bis.gov.in/website/know-your-standards,https://standardsbis.bsbedge.com/,corrosion;protection;temporary;preventives,Know Your Standard - Bureau of Indian Standards,https://standards.bis.gov.in/website/know-your-standards,2026-09-07
IS 11598 : Part 1 : 1986,Code of practice for corrosion protection in fertilizer plants Part 1 Phosphoric acid plant,,,,,,,,,,,https://standards.bis.gov.in/website/know-your-standards,https://standardsbis.bsbedge.com/,corrosion;protection;fertilizer;plants;phosphoric;acid;plant,Know Your Standard - Bureau of Indian Standards,https://standards.bis.gov.in/website/know-your-standards,2026-09-07
IS 12643 : 1989,Corrosion Protection of Steel by Fibreglass Reinforced Polyester Lining - Code of Practice,,,,,,,,,,,https://standards.bis.gov.in/website/know-your-standards,https://standardsbis.bsbedge.com/,corrosion;protection;steel;fibreglass;reinforced;polyester;lining,Know Your Standard - Bureau of Indian Standards,https://standards.bis.gov.in/website/know-your-standards,2026-09-07
IS 15337 : 2003,Coal Tar Based Anticorrosion Tape for Protection of Underground Mild Steel Pipelines,,,,,,,,,,,https://standards.bis.gov.in/website/know-your-standards,https://standardsbis.bsbedge.com/,coal;tar;based;anticorrosion;tape;protection;underground;mild;steel;pipelines,Know Your Standard - Bureau of Indian Standards,https://standards.bis.gov.in/website/know-your-standards,2026-09-07
IS 17240 : 2019,Corrosion Protection of Iron and Steel Sections Used in Passenger Ropeways — Code of Practice,,,,,,,,,,,https://standards.bis.gov.in/website/know-your-standards,https://standardsbis.bsbedge.com/,corrosion;protection;iron;steel;sections;used;passenger;ropeways,Know Your Standard - Bureau of Indian Standards,https://standards.bis.gov.in/website/know-your-standards,2026-09-07
IS 8849 : 2024 ( ISO 13574 : 2015),Industrial Furnaces and Associated Processing Equipment-Vocabulary,,,,,,,,,,,https://standards.bis.gov.in/website/know-your-standards,https://standardsbis.bsbedge.com/,industrial;furnaces;associated;processing;equipment;vocabulary,Know Your Standard - Bureau of Indian Standards,https://standards.bis.gov.in/website/know-your-standards,2026-09-07
IS 12826 : Part 1 : 1989,"Code Of Practice For Ordering, Testing And Acceptance Of Industrial Furnaces Part 1 Purchaser's Data Sheet For Ordering Of Industrial Furnaces",,,,,,,,,,,https://standards.bis.gov.in/website/know-your-standards,https://standardsbis.bsbedge.com/,ordering;testing;acceptance;industrial;furnaces;purchaser;data;sheet,Know Your Standard - Bureau of Indian Standards,https://standards.bis.gov.in/website/know-your-standards,2026-09-07
IS 12826 : Part 2 : 1990,"Ordering, Testing and Acceptance of Industrial Furnaces - Code of Practice - Part 2 : Supplier's Data Sheet for the Supply of Industrial Furnaces",,,,,,,,,,,https://standards.bis.gov.in/website/know-your-standards,https://standardsbis.bsbedge.com/,ordering;testing;acceptance;industrial;furnaces;supplier;data;sheet;supply,Know Your Standard - Bureau of Indian Standards,https://standards.bis.gov.in/website/know-your-standards,2026-09-07
IS 12826 : Part 3 : 1990,"Code Of Practice For Ordering, Testing And Acceptance Of Industrial Furnaces Part 3 Testing And Aceptancce Of Industrial Furnaces",,,,,,,,,,,https://standards.bis.gov.in/website/know-your-standards,https://standardsbis.bsbedge.com/,ordering;testing;acceptance;industrial;furnaces;aceptancce,Know Your Standard - Bureau of Indian Standards,https://standards.bis.gov.in/website/know-your-standards,2026-09-07
IS 17914 : Part 1 : 2022 ( ISO 13579-1: 2013),Industrial furnaces and associated processing equipment Method of measuring energy balance and calculating efficiency Part 1: General methodology,,,,,,,,,,,https://standards.bis.gov.in/website/know-your-standards,https://standardsbis.bsbedge.com/,industrial;furnaces;associated;processing;equipment;measuring;energy;balance;calculating;efficiency;methodology,Know Your Standard - Bureau of Indian Standards,https://standards.bis.gov.in/website/know-your-standards,2026-09-07
IS 17914 : Part 2 : 2022 ( ISO 13579-2 : 2013),Industrial furnaces and associated processing equipment Method of measuring energy balance and calculating efficiency Part 2: Reheating furnaces for steel,,,,,,,,,,,https://standards.bis.gov.in/website/know-your-standards,https://standardsbis.bsbedge.com/,industrial;furnaces;associated;processing;equipment;measuring;energy;balance;calculating;efficiency;reheating;steel,Know Your Standard - Bureau of Indian Standards,https://standards.bis.gov.in/website/know-your-standards,2026-09-07
IS 17914 : Part 3 : 2022 ( ISO 13579-3 : 2013),Industrial furnaces and associated processing equipment Method of measuring energy balance and calculating efficiency Part 3: Batch-type aluminium melting furnaces,,,,,,,,,,,https://standards.bis.gov.in/website/know-your-standards,https://standardsbis.bsbedge.com/,industrial;furnaces;associated;processing;equipment;measuring;energy;balance;calculating;efficiency;batch;type,Know Your Standard - Bureau of Indian Standards,https://standards.bis.gov.in/website/know-your-standards,2026-09-07
IS 17914 : Part 4 : 2022 ( ISO 13579-4 : 2013),Industrial furnaces and associated processing equipment Method of measuring energy balance and calculating efficiency Part 4: Furnaces with protective or reactive atmosphere,,,,,,,,,,,https://standards.bis.gov.in/website/know-your-standards,https://standardsbis.bsbedge.com/,industrial;furnaces;associated;processing;equipment;measuring;energy;balance;calculating;efficiency;protective;reactive,Know Your Standard - Bureau of Indian Standards,https://standards.bis.gov.in/website/know-your-standards,2026-09-07
IS 17914 : Part 5 : 2022 ( ISO 13579-11 : 2017),Industrial furnaces and associated processing equipment Method of measuring energy balance and calculating energy efficiency Part 11: Evaluation of various kinds of efficiency,,,,,,,,,,,https://standards.bis.gov.in/website/know-your-standards,https://standardsbis.bsbedge.com/,industrial;furnaces;associated;processing;equipment;measuring;energy;balance;calculating;efficiency;evaluation;various,Know Your Standard - Bureau of Indian Standards,https://standards.bis.gov.in/website/know-your-standards,2026-09-07
IS 17984 : Part 1 : 2024 ( ISO 13577-1 : 2016),Industrial Furnaces and Associated Processing Equipment-Safety - Part 1 General Requirements,,,,,,,,,,,https://standards.bis.gov.in/website/know-your-standards,https://standardsbis.bsbedge.com/,industrial;furnaces;associated;processing;equipment;safety,Know Your Standard - Bureau of Indian Standards,https://standards.bis.gov.in/website/know-your-standards,2026-09-07
IS 17984 : Part 2 : 2025 ( ISO 13577-2 : 2023),Industrial Furnaces and Associated Processing Equipment  Safety - Part 2 Combustion and Fuel Handling Systems,,,,,,,,,,,https://standards.bis.gov.in/website/know-your-standards,https://standardsbis.bsbedge.com/,industrial;furnaces;associated;processing;equipment;safety;combustion;fuel;handling;systems,Know Your Standard - Bureau of Indian Standards,https://standards.bis.gov.in/website/know-your-standards,2026-09-07
IS 17984 : Part 4 : 2024 ( ISO 13577-4 : 2022),Industrial Furnaces and Associated Processing Equipment-Safety - Part 4 Protective Systems,,,,,,,,,,,https://standards.bis.gov.in/website/know-your-standards,https://standardsbis.bsbedge.com/,industrial;furnaces;associated;processing;equipment;safety;protective;systems,Know Your Standard - Bureau of Indian Standards,https://standards.bis.gov.in/website/know-your-standards,2026-09-07
IS 6226 : Part 1 : 2025,Recommendations of Apparatus for Chemical Analysis of Metals - Part 1 Apparatus for Determination of Carbon by Direct Combustion,,,,,,,,,,,https://standards.bis.gov.in/website/know-your-standards,https://standardsbis.bsbedge.com/,recommendations;apparatus;chemical;analysis;metals;determination;carbon;direct;combustion,Know Your Standard - Bureau of Indian Standards,https://standards.bis.gov.in/website/know-your-standards,2026-09-07
IS 6226 : Part 2 : 1987,Recommendations for apparatus for chemicals analysis of metals: Part 2 Determination on of sulphur by direct combustion,,,,,,,,,,,https://standards.bis.gov.in/website/know-your-standards,https://standardsbis.bsbedge.com/,recommendations;apparatus;chemicals;analysis;metals;determination;sulphur;direct;combustion,Know Your Standard - Bureau of Indian Standards,https://standards.bis.gov.in/website/know-your-standards,2026-09-07
IS 7659 : Part 1 : 1975,"Reagents and standard solutions for use in chemical analysis of metals, ores and minerals Part 1 volumetric solution",,,,,,,,,,,https://standards.bis.gov.in/website/know-your-standards,https://standardsbis.bsbedge.com/,reagents;standard;solutions;use;chemical;analysis;metals;ores;minerals;volumetric;solution,Know Your Standard - Bureau of Indian Standards,https://standards.bis.gov.in/website/know-your-standards,2026-09-07
IS 12473 : Part 1 : 1988,Chemical Analysis of Hardmetals by Flame Atomic Absorption Spectrometry - Part 1 : General Requirements,,,,,,,,,,,https://standards.bis.gov.in/website/know-your-standards,https://standardsbis.bsbedge.com/,chemical;analysis;hardmetals;flame;atomic;absorption;spectrometry,Know Your Standard - Bureau of Indian Standards,https://standards.bis.gov.in/website/know-your-standards,2026-09-07
IS 12473 : Part 2 : 1988,"Chemical Analysis of Hardmetals by Flame Atomic Absorption Spectrometry - Part 2 : Determination of Calcium, Potassium, Magnesium and Sodium in Contents from 0",,,,,,,,,,,https://standards.bis.gov.in/website/know-your-standards,https://standardsbis.bsbedge.com/,chemical;analysis;hardmetals;flame;atomic;absorption;spectrometry;determination;calcium;potassium;magnesium;sodium,Know Your Standard - Bureau of Indian Standards,https://standards.bis.gov.in/website/know-your-standards,2026-09-07
IS 12473 : Part 3 : 1988,"Chemical Analysis of Hardmetals by Flame Atomic Absorption Spectrometry - Part 3 Determination of cobalt,iron ,manganese and nickel in contents from 0.01 to 0.5 percent (m/m)",,,,,,,,,,,https://standards.bis.gov.in/website/know-your-standards,https://standardsbis.bsbedge.com/,chemical;analysis;hardmetals;flame;atomic;absorption;spectrometry;determination;cobalt;iron;manganese;nickel,Know Your Standard - Bureau of Indian Standards,https://standards.bis.gov.in/website/know-your-standards,2026-09-07
IS 12473 : Part 4 : 1988,"Chemical Analysis of Hardmetals by Flame Atomic Absorption Spectrometry - Part 4 : Determination of Molybdenum, Titanium and Vanadium in Contents from 0.01 to",,,,,,,,,,,https://standards.bis.gov.in/website/know-your-standards,https://standardsbis.bsbedge.com/,chemical;analysis;hardmetals;flame;atomic;absorption;spectrometry;determination;molybdenum;titanium;vanadium;contents,Know Your Standard - Bureau of Indian Standards,https://standards.bis.gov.in/website/know-your-standards,2026-09-07
IS 12473 : Part 5 : 1988,"Chemical Analysis of Hardmetals by Flame Atomic Absorption Spectrometry - Part 5 Determination of cobalt, iron, manganese, molybdenum, nickel, titanium and vanadium in contents from 0.5 to 2 percent (m/m)",,,,,,,,,,,https://standards.bis.gov.in/website/know-your-standards,https://standardsbis.bsbedge.com/,chemical;analysis;hardmetals;flame;atomic;absorption;spectrometry;determination;cobalt;iron;manganese;molybdenum,Know Your Standard - Bureau of Indian Standards,https://standards.bis.gov.in/website/know-your-standards,2026-09-07
IS 12473 : Part 6 : 1988,Chemical Analysis of Hardmetals by Flame Atomic Absorption Spectrometry - Part 6 Determination of chromium in contents from 0.01 to 2 percent (m/m),,,,,,,,,,,https://standards.bis.gov.in/website/know-your-standards,https://standardsbis.bsbedge.com/,chemical;analysis;hardmetals;flame;atomic;absorption;spectrometry;determination;chromium;contents;from;percent,Know Your Standard - Bureau of Indian Standards,https://standards.bis.gov.in/website/know-your-standards,2026-09-07
IS 10812 : 1992,Classification of sponge iron/direct reduced iron(DRI) fines/briquettes for steel making,,,,,,,,,,,https://standards.bis.gov.in/website/know-your-standards,https://standardsbis.bsbedge.com/,classification;sponge;iron;direct;reduced;dri;fines;briquettes;steel;making,Know Your Standard - Bureau of Indian Standards,https://standards.bis.gov.in/website/know-your-standards,2026-09-07
IS 10852 : 2012,"Storage and Transportation of Sponge iron, Direct Reduced (DRI) and Hot Briquetted Iron (HBI) — Guidelines",,,,,,,,,,,https://standards.bis.gov.in/website/know-your-standards,https://standardsbis.bsbedge.com/,storage;transportation;sponge;iron;direct;reduced;dri;hot;briquetted;hbi;guidelines,Know Your Standard - Bureau of Indian Standards,https://standards.bis.gov.in/website/know-your-standards,2026-09-07
IS 11284 : 1985,Rotary tube test for iron bearing materials for the manufacture of sponge iron/direct reduced iron(DRI ),,,,,,,,,,,https://standards.bis.gov.in/website/know-your-standards,https://standardsbis.bsbedge.com/,rotary;tube;iron;bearing;materials;manufacture;sponge;direct;reduced;dri,Know Your Standard - Bureau of Indian Standards,https://standards.bis.gov.in/website/know-your-standards,2026-09-07
IS 12052 : 2007,Method for Determination of Re-oxidation Rate of Sponge Iron/direct Reduced Iron(dri) in Contact with Humid Air and in Direct Contact with Water,,,,,,,,,,,https://standards.bis.gov.in/website/know-your-standards,https://standardsbis.bsbedge.com/,determination;oxidation;rate;sponge;iron;direct;reduced;dri;contact;humid;air;water,Know Your Standard - Bureau of Indian Standards,https://standards.bis.gov.in/website/know-your-standards,2026-09-07
IS 12263 : 1987,Method for determination of regidity of sponge iron/DRI during transportation and handling,,,,,,,,,,,https://standards.bis.gov.in/website/know-your-standards,https://standardsbis.bsbedge.com/,determination;regidity;sponge;iron;dri;during;transportation;handling,Know Your Standard - Bureau of Indian Standards,https://standards.bis.gov.in/website/know-your-standards,2026-09-07
IS 12668 : 2025,Melting Characteristics of Sponge Iron/Direct Reduced Iron (DRI),,,,,,,,,,,https://standards.bis.gov.in/website/know-your-standards,https://standardsbis.bsbedge.com/,melting;characteristics;sponge;iron;direct;reduced;dri,Know Your Standard - Bureau of Indian Standards,https://standards.bis.gov.in/website/know-your-standards,2026-09-07
IS 13839 : 1993,Sponge Iron/DRI Fines/briquettes for Steel Making,,,,,,,,,,,https://standards.bis.gov.in/website/know-your-standards,https://standardsbis.bsbedge.com/,sponge;iron;dri;fines;briquettes;steel;making,Know Your Standard - Bureau of Indian Standards,https://standards.bis.gov.in/website/know-your-standards,2026-09-07
IS 13885 : 2001,Non-Magnetics/Char in Sponge Iron (DRI) - Methods of Determination,,,,,,,,,,,https://standards.bis.gov.in/website/know-your-standards,https://standardsbis.bsbedge.com/,non;magnetics;char;sponge;iron;dri;determination,Know Your Standard - Bureau of Indian Standards,https://standards.bis.gov.in/website/know-your-standards,2026-09-07
IS 13905 : 1993,Hot Briquetted Sponge Iron (hbi) For Steel Making,,,,,,,,,,,https://standards.bis.gov.in/website/know-your-standards,https://standardsbis.bsbedge.com/,hot;briquetted;sponge;iron;hbi;steel;making,Know Your Standard - Bureau of Indian Standards,https://standards.bis.gov.in/website/know-your-standards,2026-09-07
IS 15403 : 2003,Method for Determination of Sulphur Present in Sponge Iron After Separation of Non-Magnetic Materials,,,,,,,,,,,https://standards.bis.gov.in/website/know-your-standards,https://standardsbis.bsbedge.com/,determination;sulphur;present;sponge;iron;after;separation;non;magnetic;materials,Know Your Standard - Bureau of Indian Standards,https://standards.bis.gov.in/website/know-your-standards,2026-09-07
IS 15774 : 2018,Sponge Iron/Direct Reduced Iron (DRI) Hot Briquetted Iron (HBI) and Cold Briquetted Iron (CBI) for Steel Making ( First Revision ),,,,,,,,,,,https://standards.bis.gov.in/website/know-your-standards,https://standardsbis.bsbedge.com/,sponge;iron;direct;reduced;dri;hot;briquetted;hbi;cold;cbi;steel;making,Know Your Standard - Bureau of Indian Standards,https://standards.bis.gov.in/website/know-your-standards,2026-09-07
IS 16182 : 2014,Magnetics in Char from Coal Based Sponge Iron (DRI) Methods of Determination,,,,,,,,,,,https://standards.bis.gov.in/website/know-your-standards,https://standardsbis.bsbedge.com/,magnetics;char;from;coal;based;sponge;iron;dri;determination,Know Your Standard - Bureau of Indian Standards,https://standards.bis.gov.in/website/know-your-standards,2026-09-07
IS 16482 : 2018,Use of Synthesis Gas from Coal Gasifier for Production of Sponge Iron- Guidelines,,,,,,,,,,,https://standards.bis.gov.in/website/know-your-standards,https://standardsbis.bsbedge.com/,use;synthesis;gas;from;coal;gasifier;production;sponge;iron;guidelines,Know Your Standard - Bureau of Indian Standards,https://standards.bis.gov.in/website/know-your-standards,2026-09-07
IS/ISO/TR 11360 : 2010 ( ISO/TR 11360 : 2010),Nanotechnologies - Methodology for the Classification and Categorization of Nanomaterials,,,,,,,,,,,https://standards.bis.gov.in/website/know-your-standards,https://standardsbis.bsbedge.com/,nanotechnologies;methodology;classification;categorization;nanomaterials,Know Your Standard - Bureau of Indian Standards,https://standards.bis.gov.in/website/know-your-standards,2026-09-07
IS/ISO/TS 11931 : 2012 ( ISO/TS 11931 : 2012),Nanotechnologies — Nanoscale Calcium Carbonate in Powder Form — Characteristics and Measurement,,,,,,,,,,,https://standards.bis.gov.in/website/know-your-standards,https://standardsbis.bsbedge.com/,nanotechnologies;nanoscale;calcium;carbonate;powder;form;characteristics;measurement,Know Your Standard - Bureau of Indian Standards,https://standards.bis.gov.in/website/know-your-standards,2026-09-07
IS/ISO/TS 12805 : 2011 ( ISO/TS 12805 : 2011),Nanotechnologies - Materials Specifications - Guidance on Specifying Nano-Objects,,,,,,,,,,,https://standards.bis.gov.in/website/know-your-standards,https://standardsbis.bsbedge.com/,nanotechnologies;materials;guidance;specifying;nano;objects,Know Your Standard - Bureau of Indian Standards,https://standards.bis.gov.in/website/know-your-standards,2026-09-07
IS/ISO/TR 12885 : 2008 ( ISO/TR 12885 : 2008),Nanotechnologies - Health and Safety Practices in Occupational Setting Relevant to Nanotechnologies,,,,,,,,,,,https://standards.bis.gov.in/website/know-your-standards,https://standardsbis.bsbedge.com/,nanotechnologies;health;safety;practices;occupational;setting;relevant,Know Your Standard - Bureau of Indian Standards,https://standards.bis.gov.in/website/know-your-standards,2026-09-07
IS/ISO/TR 13121 : 2011 ( ISO/TR 13121 : 2011),Nanotechnologies - Nanomaterial Risk Evaliuation,,,,,,,,,,,https://standards.bis.gov.in/website/know-your-standards,https://standardsbis.bsbedge.com/,nanotechnologies;nanomaterial;risk;evaliuation,Know Your Standard - Bureau of Indian Standards,https://standards.bis.gov.in/website/know-your-standards,2026-09-07
IS/ISO/TS 13278 : 2011 ( ISO/TS 13278 : 2011),Nanotechnologies Determination of Elemental Impurities in Samples of Carbon Nanotubes Using Inductively Coupled Plasma Mass Spectrometry,,,,,,,,,,,https://standards.bis.gov.in/website/know-your-standards,https://standardsbis.bsbedge.com/,nanotechnologies;determination;elemental;impurities;samples;carbon;nanotubes;using;inductively;coupled;plasma;mass,Know Your Standard - Bureau of Indian Standards,https://standards.bis.gov.in/website/know-your-standards,2026-09-07
IS 16410 : 2017 ( ISO/TS 10798 : 2011),Nanotechnologies - Characterization of Single-Wall Carbon Nano-tubes Using Scanning Electron Microscopy and Energy Dispersive X-Ray Spectrometry Aanlysis,,,,,,,,,,,https://standards.bis.gov.in/website/know-your-standards,https://standardsbis.bsbedge.com/,nanotechnologies;characterization;single;wall;carbon;nano;tubes;using;scanning;electron;microscopy;energy,Know Your Standard - Bureau of Indian Standards,https://standards.bis.gov.in/website/know-your-standards,2026-09-07
IS 16411 : 2023 ( ISO/TS 11308 : 2020),Nanotechnologies - Characterization of Carbon Nanotube Samples Using Thermogravimetric Analysis,,,,,,,,,,,https://standards.bis.gov.in/website/know-your-standards,https://standardsbis.bsbedge.com/,nanotechnologies;characterization;carbon;nanotube;samples;using;thermogravimetric;analysis,Know Your Standard - Bureau of Indian Standards,https://standards.bis.gov.in/website/know-your-standards,2026-09-07
IS 16412 : 2023 ( ISO/TS 11888:2017),Nanotechnologies Characterization Of Multiwall Carbon Nanotubes Mesoscopic Shape Factors,,,,,,,,,,,https://standards.bis.gov.in/website/know-your-standards,https://standardsbis.bsbedge.com/,nanotechnologies;characterization;multiwall;carbon;nanotubes;mesoscopic;shape;factors,Know Your Standard - Bureau of Indian Standards,https://standards.bis.gov.in/website/know-your-standards,2026-09-07
IS 16413 : 2023 ( ISO/TS 10867 : 2019),Nanotechnologies - Characterization of Single-Wall Carbon Nanotubes Using Near Infrared Photoluminescence Spectroscopy,,,,,,,,,,,https://standards.bis.gov.in/website/know-your-standards,https://standardsbis.bsbedge.com/,nanotechnologies;characterization;single;wall;carbon;nanotubes;using;near;infrared;photoluminescence;spectroscopy,Know Your Standard - Bureau of Indian Standards,https://standards.bis.gov.in/website/know-your-standards,2026-09-07
IS 17001 : 2018 ( ISO/TS 11937 : 2012),Nanotechnologies — Nanoscale Titanium Dioxide in Powder Form — Characteristics and Measurement,,,,,,,,,,,https://standards.bis.gov.in/website/know-your-standards,https://standardsbis.bsbedge.com/,nanotechnologies;nanoscale;titanium;dioxide;powder;form;characteristics;measurement,Know Your Standard - Bureau of Indian Standards,https://standards.bis.gov.in/website/know-your-standards,2026-09-07
IS 17003 : Part 1 : 2025 ( ISO 80004-1 : 2023),Nanotechnologies - Vocabulary - Part 1 Core Vocabulary,,,,,,,,,,,https://standards.bis.gov.in/website/know-your-standards,https://standardsbis.bsbedge.com/,nanotechnologies;vocabulary;core,Know Your Standard - Bureau of Indian Standards,https://standards.bis.gov.in/website/know-your-standards,2026-09-07
IS 17003 : Part 2 : 2018 ( ISO/TS 80004-2 : 2015),Nanotechnologies — Vocabulary Part 2 Nano-Objects,,,,,,,,,,,https://standards.bis.gov.in/website/know-your-standards,https://standardsbis.bsbedge.com/,nanotechnologies;vocabulary;nano;objects,Know Your Standard - Bureau of Indian Standards,https://standards.bis.gov.in/website/know-your-standards,2026-09-07
IS 17003 : Part 3 : 2022 ( ISO/TS 80004-3 : 2020),Nanotechnologies-Vocabulary - Part 3 Carbon Nano-Objects,,,,,,,,,,,https://standards.bis.gov.in/website/know-your-standards,https://standardsbis.bsbedge.com/,nanotechnologies;vocabulary;carbon;nano;objects,Know Your Standard - Bureau of Indian Standards,https://standards.bis.gov.in/website/know-your-standards,2026-09-07
IS 17003 : Part 6 : 2024 ( ISO/TS 80004-6 : 2021),Nanotechnologies-Vocabulary - Part 6 Nano-Object Characterization,,,,,,,,,,,https://standards.bis.gov.in/website/know-your-standards,https://standardsbis.bsbedge.com/,nanotechnologies;vocabulary;nano;object;characterization,Know Your Standard - Bureau of Indian Standards,https://standards.bis.gov.in/website/know-your-standards,2026-09-07
"IS 17003 : Part 6 (Active,Concurrent Running) : 2018 ( ISO/TS 80004-6 : 2013)",Nanotechnologies — Vocabulary Part 6 Nano-Object Characterization,,,,,,,,,,,https://standards.bis.gov.in/website/know-your-standards,https://standardsbis.bsbedge.com/,nanotechnologies;vocabulary;nano;object;characterization,Know Your Standard - Bureau of Indian Standards,https://standards.bis.gov.in/website/know-your-standards,2026-09-07
IS 17003 : Part 8 : 2022 ( ISO/TS 80004-8 : 2020),Nanotechnologies-Vocabulary - Part 8 Nano Manufacturing Processes,,,,,,,,,,,https://standards.bis.gov.in/website/know-your-standards,https://standardsbis.bsbedge.com/,nanotechnologies;vocabulary;nano;manufacturing;processes,Know Your Standard - Bureau of Indian Standards,https://standards.bis.gov.in/website/know-your-standards,2026-09-07
IS 17003 : Part 13 : 2022 ( ISO/TS 80004-13 : 2017),Nanotechnologies-Vocabulary - Part 13 Graphene and Related Two-Dimensional ( 2D ) Materials,,,,,,,,,,,https://standards.bis.gov.in/website/know-your-standards,https://standardsbis.bsbedge.com/,nanotechnologies;vocabulary;graphene;related;two;dimensional;materials,Know Your Standard - Bureau of Indian Standards,https://standards.bis.gov.in/website/know-your-standards,2026-09-07
IS/ISO/TR 17302 : 2015 ( ISO/TR 17302 : 2015),Nanotechnologies-Framework for Identifying Vocabulary Development for Nanotechnology Applications in Human Healthcare,,,,,,,,,,,https://standards.bis.gov.in/website/know-your-standards,https://standardsbis.bsbedge.com/,nanotechnologies;framework;identifying;vocabulary;development;nanotechnology;applications;human;healthcare,Know Your Standard - Bureau of Indian Standards,https://standards.bis.gov.in/website/know-your-standards,2026-09-07
IS 17567 : Part 1 : 2021 ( ISO/TS 19807-1 : 2019),ISOTS 19807-1:2019 Nanotechnologies Magnetic nanomaterials Part 1: Specification of characteristics and measurements for magnetic nanosuspensions,,,,,,,,,,,https://standards.bis.gov.in/website/know-your-standards,https://standardsbis.bsbedge.com/,isots;nanotechnologies;magnetic;nanomaterials;characteristics;measurements;nanosuspensions,Know Your Standard - Bureau of Indian Standards,https://standards.bis.gov.in/website/know-your-standards,2026-09-07
IS 17707 : 2021 ( ISO/TS 22082:2020),Nanotechnologies Assessment of nanomaterial toxicity using dechorionated zebrafish embryo,,,,,,,,,,,https://standards.bis.gov.in/website/know-your-standards,https://standardsbis.bsbedge.com/,nanotechnologies;assessment;nanomaterial;toxicity;using;dechorionated;zebrafish;embryo,Know Your Standard - Bureau of Indian Standards,https://standards.bis.gov.in/website/know-your-standards,2026-09-07
IS 17836 : 2022 ( ISO/TR 13014 : 2012),Nanotechnologies Guidance on physico-chemical characterization of engineered nanoscale materials for toxicologic assessment,,,,,,,,,,,https://standards.bis.gov.in/website/know-your-standards,https://standardsbis.bsbedge.com/,nanotechnologies;guidance;physico;chemical;characterization;engineered;nanoscale;materials;toxicologic;assessment,Know Your Standard - Bureau of Indian Standards,https://standards.bis.gov.in/website/know-your-standards,2026-09-07
IS 17838 : 2022 ( ISO/TS 10797 : 2012),Nanotechnologies-Characterization of Single-Wall Carbon Nanotubes using Transmission Electron Microscopy,,,,,,,,,,,https://standards.bis.gov.in/website/know-your-standards,https://standardsbis.bsbedge.com/,nanotechnologies;characterization;single;wall;carbon;nanotubes;using;transmission;electron;microscopy,Know Your Standard - Bureau of Indian Standards,https://standards.bis.gov.in/website/know-your-standards,2026-09-07
IS 17845 : 2022 ( ISO/TR 10929 : 2012),Nanotechnologies Characterization of multiwall carbon nanotube MWCNT samples,,,,,,,,,,,https://standards.bis.gov.in/website/know-your-standards,https://standardsbis.bsbedge.com/,nanotechnologies;characterization;multiwall;carbon;nanotube;mwcnt;samples,Know Your Standard - Bureau of Indian Standards,https://standards.bis.gov.in/website/know-your-standards,2026-09-07
IS 17849 : 2022 ( ISO 21363 : 2020),Nanotechnologies Measurements of particle size and shape distributions by transmission electron microscopy,,,,,,,,,,,https://standards.bis.gov.in/website/know-your-standards,https://standardsbis.bsbedge.com/,nanotechnologies;measurements;particle;size;shape;distributions;transmission;electron;microscopy,Know Your Standard - Bureau of Indian Standards,https://standards.bis.gov.in/website/know-your-standards,2026-09-07
IS 9873 : Part 7 : 2017 ( ISO 8124-7 : 2015),Safety of Toys Part 7 Requirements and Test Methods for Finger Paints,,,,,,,,,,,https://standards.bis.gov.in/website/know-your-standards,https://standardsbis.bsbedge.com/,safety;toys;finger;paints,Know Your Standard - Bureau of Indian Standards,https://standards.bis.gov.in/website/know-your-standards,2026-09-07
IS 17315 : Part 1 : 2019 ( ISO 4259-1 : 2017),Petroleum and Related Products — Precision of Measurement Methods and Results Part 1 Determination of Precision Data in Relation to Methods of Test,,,,,,,,,,,https://standards.bis.gov.in/website/know-your-standards,https://standardsbis.bsbedge.com/,petroleum;related;products;precision;measurement;results;determination;data;relation,Know Your Standard - Bureau of Indian Standards,https://standards.bis.gov.in/website/know-your-standards,2026-09-07
IS 17315 : Part 2 : 2019 ( ISO 4259-2 : 2017),Petroleum and Related Products — Precision of Measurement Methods and Results Part 2 Interpretation and Application of Precision Data in Relation to Methods of Test,,,,,,,,,,,https://standards.bis.gov.in/website/know-your-standards,https://standardsbis.bsbedge.com/,petroleum;related;products;precision;measurement;results;interpretation;application;data;relation,Know Your Standard - Bureau of Indian Standards,https://standards.bis.gov.in/website/know-your-standards,2026-09-07
IS 17315 : Part 3 : 2025 ( ISO 4259-3 : 2020),Petroleum and Related Products - Precision of Measurement Methods and Results - Part 3 Monitoring and Verification of Published Precision Data in Relation to Methods of Test,,,,,,,,,,,https://standards.bis.gov.in/website/know-your-standards,https://standardsbis.bsbedge.com/,petroleum;related;products;precision;measurement;results;monitoring;verification;published;data;relation,Know Your Standard - Bureau of Indian Standards,https://standards.bis.gov.in/website/know-your-standards,2026-09-07
IS 17315 : Part 4 : 2025 ( ISO 4259-4 : 2021),Petroleum and Related Products - Precision of Measurement Methods and Results - Part 4 Use of Statistical Control Charts to Validate in-statistical-control Status for the Execution of a Standard Test Method in a Single Laboratory,,,,,,,,,,,https://standards.bis.gov.in/website/know-your-standards,https://standardsbis.bsbedge.com/,petroleum;related;products;precision;measurement;results;use;statistical;control;charts;validate;status,Know Your Standard - Bureau of Indian Standards,https://standards.bis.gov.in/website/know-your-standards,2026-09-07
IS 1448 : Part 2 : 2007 ( ISO 6619 : 1988),Methods of test for petroleum and its products : Part 2 Petroleum products and lubricants - Neutralization number - Potentiometric titration method,,,,,,,,,,,https://standards.bis.gov.in/website/know-your-standards,https://standardsbis.bsbedge.com/,petroleum;its;products;lubricants;neutralization;number;potentiometric;titration,Know Your Standard - Bureau of Indian Standards,https://standards.bis.gov.in/website/know-your-standards,2026-09-07
IS 1448 : Part 50 : 2021,Methods of test for petroleum and its products: Part 50 Chlorine in new and used lubricants (sodium alcoholate method),,,,,,,,,,,https://standards.bis.gov.in/website/know-your-standards,https://standardsbis.bsbedge.com/,petroleum;its;products;chlorine;new;used;lubricants;sodium;alcoholate,Know Your Standard - Bureau of Indian Standards,https://standards.bis.gov.in/website/know-your-standards,2026-09-07
IS 1448 : Part 90 : 2008 ( ISO 11009 : 2000),Methods of test for petroleum and its products: Part 90 Petroleum products and lubricants - Determination of water washout characteristics of lubricating greases,,,,,,,,,,,https://standards.bis.gov.in/website/know-your-standards,https://standardsbis.bsbedge.com/,petroleum;its;products;lubricants;determination;water;washout;characteristics;lubricating;greases,Know Your Standard - Bureau of Indian Standards,https://standards.bis.gov.in/website/know-your-standards,2026-09-07
IS 1448 : Part 96 : 2019 ( ISO 7120 : 1987),Methods of Test for Petroleum and its Products [ P : 96 ] Petroleum Products and Lubricants — Petroleum Oils and Other Fluids — Determination of Rust-Preventing Characteristics in the Presence of Water ( First Revision ),,,,,,,,,,,https://standards.bis.gov.in/website/know-your-standards,https://standardsbis.bsbedge.com/,petroleum;its;products;lubricants;oils;other;fluids;determination;rust;preventing;characteristics;presence,Know Your Standard - Bureau of Indian Standards,https://standards.bis.gov.in/website/know-your-standards,2026-09-07
IS 1448 : Part 170 : 2021 ( ISO 20623 : 2017),Methods of test for petroleum and its products Part 170 Petroleum and related products Determination of the extreme pressure and anti-wear properties of lubricants Four-ball method European conditions,,,,,,,,,,,https://standards.bis.gov.in/website/know-your-standards,https://standardsbis.bsbedge.com/,petroleum;its;products;related;determination;extreme;pressure;anti;wear;properties;lubricants;four,Know Your Standard - Bureau of Indian Standards,https://standards.bis.gov.in/website/know-your-standards,2026-09-07
IS 1448 : Part 188 : 2021 ( ISO 6618:1997),PETROLEUM PRODUCTS AND LUBRICANTS DETERMINATION OF ACID OR BASE NUMBER COLOUR-INDICATOR TITRATION METHOD,,,,,,,,,,,https://standards.bis.gov.in/website/know-your-standards,https://standardsbis.bsbedge.com/,petroleum;products;lubricants;determination;acid;base;number;colour;indicator;titration,Know Your Standard - Bureau of Indian Standards,https://standards.bis.gov.in/website/know-your-standards,2026-09-07
IS 3810 : Part 1 : 2002,Solid Mineral Fuels - Vocabulary - Part 1 : Terms Relating to Coal Preparation,,,,,,,,,,,https://standards.bis.gov.in/website/know-your-standards,https://standardsbis.bsbedge.com/,solid;mineral;fuels;vocabulary;terms;relating;coal;preparation,Know Your Standard - Bureau of Indian Standards,https://standards.bis.gov.in/website/know-your-standards,2026-09-07
IS 3810 : Part 2 : 2003,"Solid Mineral Fuels - Vocabulary - Part 2 : Terms Relating to Sampling, Testing and Analysis",,,,,,,,,,,https://standards.bis.gov.in/website/know-your-standards,https://standardsbis.bsbedge.com/,solid;mineral;fuels;vocabulary;terms;relating;sampling;testing;analysis,Know Your Standard - Bureau of Indian Standards,https://standards.bis.gov.in/website/know-your-standards,2026-09-07
IS 3810 : Part 3 : 2023,Glossary Of Terms Relating To Solid Mineral Fuels Part 3- Coke,,,,,,,,,,,https://standards.bis.gov.in/website/know-your-standards,https://standardsbis.bsbedge.com/,glossary;terms;relating;solid;mineral;fuels;coke,Know Your Standard - Bureau of Indian Standards,https://standards.bis.gov.in/website/know-your-standards,2026-09-07
IS 15441 : 2004 ( ISO 625 : 1996),Solid Mineral Fuels - Determination of Carbon and Hydrogen - Liebig Method,,,,,,,,,,,https://standards.bis.gov.in/website/know-your-standards,https://standardsbis.bsbedge.com/,solid;mineral;fuels;determination;carbon;hydrogen;liebig,Know Your Standard - Bureau of Indian Standards,https://standards.bis.gov.in/website/know-your-standards,2026-09-07
IS 16196 : 2015 ( ISO 609 : 1996),Solid Mineral Fuels - Determination of Carbon and Hydrogen - High Temperature Combustion Method,,,,,,,,,,,https://standards.bis.gov.in/website/know-your-standards,https://standardsbis.bsbedge.com/,solid;mineral;fuels;determination;carbon;hydrogen;high;temperature;combustion,Know Your Standard - Bureau of Indian Standards,https://standards.bis.gov.in/website/know-your-standards,2026-09-07
IS 16609 : 2018 ( ISO 19579 : 2012),Solid Mineral Fuels- Determination of Sulphur by IR Spectrometry,,,,,,,,,,,https://standards.bis.gov.in/website/know-your-standards,https://standardsbis.bsbedge.com/,solid;mineral;fuels;determination;sulphur;spectrometry,Know Your Standard - Bureau of Indian Standards,https://standards.bis.gov.in/website/know-your-standards,2026-09-07
IS 16612 : 2018 ( ISO 29541 : 2010),"Solid Mineral Fuels — Determination of Total Carbon, Hydrogen and Nitrogen Content — Instrumental Method",,,,,,,,,,,https://standards.bis.gov.in/website/know-your-standards,https://standardsbis.bsbedge.com/,solid;mineral;fuels;determination;total;carbon;hydrogen;nitrogen;content;instrumental,Know Your Standard - Bureau of Indian Standards,https://standards.bis.gov.in/website/know-your-standards,2026-09-07
IS 17820 : 2022 ( ISO 622 : 2016),Solid mineral fuels Determination of phosphorus content Reduced molybdophosphate photometric method,,,,,,,,,,,https://standards.bis.gov.in/website/know-your-standards,https://standardsbis.bsbedge.com/,solid;mineral;fuels;determination;phosphorus;content;reduced;molybdophosphate;photometric,Know Your Standard - Bureau of Indian Standards,https://standards.bis.gov.in/website/know-your-standards,2026-09-07
IS 443 : Part 1 : 2022 ( ISO 7326 : 2016),"Methods of Test for Rubber and Plastics Tubing, Hoses and Hose Assemblies - Part 1 Rubber and Plastics Hoses Assessment of Ozone Resistance under Static Conditions",,,,,,,,,,,https://standards.bis.gov.in/website/know-your-standards,https://standardsbis.bsbedge.com/,rubber;plastics;tubing;hoses;hose;assemblies;assessment;ozone;resistance;under;static;conditions,Know Your Standard - Bureau of Indian Standards,https://standards.bis.gov.in/website/know-your-standards,2026-09-07
IS 443 : Part 2 : 2023 ( ISO 6801:2021),Methods Of Test For Rubber And Plastics Tubing Hoses And Hose Assemblies Part 2 Rubber And Plastics Hoses Determination Of Volumetric Expansion,,,,,,,,,,,https://standards.bis.gov.in/website/know-your-standards,https://standardsbis.bsbedge.com/,rubber;plastics;tubing;hoses;hose;assemblies;determination;volumetric;expansion,Know Your Standard - Bureau of Indian Standards,https://standards.bis.gov.in/website/know-your-standards,2026-09-07
IS 443 : Part 3 : 2023 ( ISO 1402:2021),Methods Of Test For Rubber And Plastics Tubing Hoses And Hose Assemblies Part 3 Rubber And Plastics Hoses And Hose Assemblies Hydrostatic Testing,,,,,,,,,,,https://standards.bis.gov.in/website/know-your-standards,https://standardsbis.bsbedge.com/,rubber;plastics;tubing;hoses;hose;assemblies;hydrostatic;testing,Know Your Standard - Bureau of Indian Standards,https://standards.bis.gov.in/website/know-your-standards,2026-09-07
IS 443 : Part 4 : 2016 ( ISO 8031 : 2009),Methods of Test for Rubber and Plastics Hoses Part 4 Determination of Electrical Resistance and Conductivity ( Third Revision ),,,,,,,,,,,https://standards.bis.gov.in/website/know-your-standards,https://standardsbis.bsbedge.com/,rubber;plastics;hoses;determination;electrical;resistance;conductivity;third;revision,Know Your Standard - Bureau of Indian Standards,https://standards.bis.gov.in/website/know-your-standards,2026-09-07
IS 443 : Part 5 : 2022 ( ISO 7662 : 1988),"Methods of Test for Rubber and Plastics-Tubing, Hoses and Hose Assemblies - Part 5 Rubber and Plastics Hoses-Determination of Abrasion of Lining",,,,,,,,,,,https://standards.bis.gov.in/website/know-your-standards,https://standardsbis.bsbedge.com/,rubber;plastics;tubing;hoses;hose;assemblies;determination;abrasion;lining,Know Your Standard - Bureau of Indian Standards,https://standards.bis.gov.in/website/know-your-standards,2026-09-07
IS 443 : Part 6 : 2022 ( ISO 6803 : 2017),"Methods of Test for Rubber and Plastics-Tubing, Hoses and Hose Assemblies - Part 6 Rubber and Plastics Hoses and Hose Assemblies-Hydraulic Pressure Impulse Test Without Flexing",,,,,,,,,,,https://standards.bis.gov.in/website/know-your-standards,https://standardsbis.bsbedge.com/,rubber;plastics;tubing;hoses;hose;assemblies;hydraulic;pressure;impulse;without;flexing,Know Your Standard - Bureau of Indian Standards,https://standards.bis.gov.in/website/know-your-standards,2026-09-07
IS 443 : Part 7 : 2022 ( ISO 8033 : 2016),"Methods of Test for Rubber and Plastics-Tubing, Hoses and Hose Assemblies - Part 7 Rubber and Plastics Hoses-Determination of Adhesion Between Components",,,,,,,,,,,https://standards.bis.gov.in/website/know-your-standards,https://standardsbis.bsbedge.com/,rubber;plastics;tubing;hoses;hose;assemblies;determination;adhesion;between;components,Know Your Standard - Bureau of Indian Standards,https://standards.bis.gov.in/website/know-your-standards,2026-09-07
IS 443 : Part 8 : 2023 ( ISO 4671 : 2022),"Methods of Test for Rubber and Plastics-Tubing, Hoses and Hose Assemblies - Part 8 Rubber and Plastics Hoses and Hose Assemblies-Methods of Measurement of the Dimensions of Hoses and the Lengths of Hose Assemblies",,,,,,,,,,,https://standards.bis.gov.in/website/know-your-standards,https://standardsbis.bsbedge.com/,rubber;plastics;tubing;hoses;hose;assemblies;measurement;dimensions;lengths,Know Your Standard - Bureau of Indian Standards,https://standards.bis.gov.in/website/know-your-standards,2026-09-07
IS 443 : Part 9 : 2023 ( ISO 7233 : 2021),"Methods of Test for Rubber and Plastics-Tubing, Hoses and Hose Assemblies - Part 9 Rubber and Plastics Hoses and Hose Assemblies-Determination of Resistance to Vacuum",,,,,,,,,,,https://standards.bis.gov.in/website/know-your-standards,https://standardsbis.bsbedge.com/,rubber;plastics;tubing;hoses;hose;assemblies;determination;resistance;vacuum,Know Your Standard - Bureau of Indian Standards,https://standards.bis.gov.in/website/know-your-standards,2026-09-07
IS 443 : Part 10 : 2023 ( ISO 10619-1 : 2017),"Methods of Test for Rubber and Plastics-Tubing, Hoses and Hose Assemblies - Part 10 Rubber and Plastics Hoses and Tubing-Measurement of Flexibility and Stiffness-Bending Tests at Ambient Temperature",,,,,,,,,,,https://standards.bis.gov.in/website/know-your-standards,https://standardsbis.bsbedge.com/,rubber;plastics;tubing;hoses;hose;assemblies;measurement;flexibility;stiffness;bending;ambient;temperature,Know Your Standard - Bureau of Indian Standards,https://standards.bis.gov.in/website/know-your-standards,2026-09-07
IS 443 : Part 11 : 2023 ( ISO 10619-2 : 2021),"Methods of Test for Rubber and Plastics-Tubing, Hoses and Hose Assemblies - Part 11 Rubber and Plastics Hoses and Tubing-Measurement of Flexibility and Stiffness-Bending Tests at Sub-Ambient Temperatures",,,,,,,,,,,https://standards.bis.gov.in/website/know-your-standards,https://standardsbis.bsbedge.com/,rubber;plastics;tubing;hoses;hose;assemblies;measurement;flexibility;stiffness;bending;sub;ambient,Know Your Standard - Bureau of Indian Standards,https://standards.bis.gov.in/website/know-your-standards,2026-09-07
IS 1146 : 2026,Rubber and Plastics Containers for Lead-Acid Storage Batteries - Specification,,,,,,,,,,,https://standards.bis.gov.in/website/know-your-standards,https://standardsbis.bsbedge.com/,rubber;plastics;containers;lead;acid;storage;batteries,Know Your Standard - Bureau of Indian Standards,https://standards.bis.gov.in/website/know-your-standards,2026-09-07
IS 1984 : Part 6 : 2024 ( ISO 8362-6 : 2010),Injection Containers and Accessories - Part 6 Caps Made of Aluminium-Plastics Combinations for Injection Vials,,,,,,,,,,,https://standards.bis.gov.in/website/know-your-standards,https://standardsbis.bsbedge.com/,injection;containers;accessories;caps;made;aluminium;plastics;combinations;vials,Know Your Standard - Bureau of Indian Standards,https://standards.bis.gov.in/website/know-your-standards,2026-09-07
IS 1984 : Part 7 : 2026 ( ISO 8362-7 : 2006),Injection Containers and Accessories - Part 7 Injection Caps Made of Aluminium- Plastics Combinations Without Overlapping Plastics Part,,,,,,,,,,,https://standards.bis.gov.in/website/know-your-standards,https://standardsbis.bsbedge.com/,injection;containers;accessories;caps;made;aluminium;plastics;combinations;without;overlapping,Know Your Standard - Bureau of Indian Standards,https://standards.bis.gov.in/website/know-your-standards,2026-09-07
IS 2798 : 1998,Methods of test for plastics containers,,,,,,,,,,,https://standards.bis.gov.in/website/know-your-standards,https://standardsbis.bsbedge.com/,plastics;containers,Know Your Standard - Bureau of Indian Standards,https://standards.bis.gov.in/website/know-your-standards,2026-09-07
IS 2828 : 2019 ( ISO 472 : 2013),Plastics — Vocabulary ( Second Revision ),,,,,,,,,,,https://standards.bis.gov.in/website/know-your-standards,https://standardsbis.bsbedge.com/,plastics;vocabulary;second;revision,Know Your Standard - Bureau of Indian Standards,https://standards.bis.gov.in/website/know-your-standards,2026-09-07
IS 3322 : 2023 ( ISO 8096 : 2005),Rubber or Plastics Coated Fabrics for Water Resistant Clothing-Specification,,,,,,,,,,,https://standards.bis.gov.in/website/know-your-standards,https://standardsbis.bsbedge.com/,rubber;plastics;coated;fabrics;water;resistant;clothing,Know Your Standard - Bureau of Indian Standards,https://standards.bis.gov.in/website/know-your-standards,2026-09-07
IS 3400 : Part 24 : 2021 ( ISO 8033 : 2016),Methods for Test for Volcanized Rubbers - Part 24 Rubber and Plastics Hose - Determination of Adhesion Between Components,,,,,,,,,,,https://standards.bis.gov.in/website/know-your-standards,https://standardsbis.bsbedge.com/,volcanized;rubbers;rubber;plastics;hose;determination;adhesion;between;components,Know Your Standard - Bureau of Indian Standards,https://standards.bis.gov.in/website/know-your-standards,2026-09-07
IS/ISO 3826 : Part 1 : 2019 ( ISO 3826-1:2019),Plastics collapsible containers for human blood and blood components Part 1 Conventional containers First Revision,,,,,,,,,,,https://standards.bis.gov.in/website/know-your-standards,https://standardsbis.bsbedge.com/,plastics;collapsible;containers;human;blood;components;conventional;first;revision,Know Your Standard - Bureau of Indian Standards,https://standards.bis.gov.in/website/know-your-standards,2026-09-07
IS/ISO 3826 : Part 2 : 2008 ( ISO 3826 : Part 2 : 2008),Plastics Collapsible Containers for Human Blood and Blood Components Part 2 Graphical Symbols for Use on Lables and Instruction Leaflets,,,,,,,,,,,https://standards.bis.gov.in/website/know-your-standards,https://standardsbis.bsbedge.com/,plastics;collapsible;containers;human;blood;components;graphical;symbols;use;lables;instruction;leaflets,Know Your Standard - Bureau of Indian Standards,https://standards.bis.gov.in/website/know-your-standards,2026-09-07
IS/ISO 3826 : Part 3 : 2006 ( ISO 3826 : Part 3 : 2006),Plastics Collapsible Containers for Human Blood and Blood Components Part 3 Blood Bag Systems with Integrated Features,,,,,,,,,,,https://standards.bis.gov.in/website/know-your-standards,https://standardsbis.bsbedge.com/,plastics;collapsible;containers;human;blood;components;bag;systems;integrated;features,Know Your Standard - Bureau of Indian Standards,https://standards.bis.gov.in/website/know-your-standards,2026-09-07
IS/ISO 3826 : Part 4 : 2015 ( ISO 3826 : Part 4 : 2015),Plastics Collapsible Containers for Human Blood and Blood Components Part 4 Aphaeresis Blood Bag Systems with Integrated Features,,,,,,,,,,,https://standards.bis.gov.in/website/know-your-standards,https://standardsbis.bsbedge.com/,plastics;collapsible;containers;human;blood;components;aphaeresis;bag;systems;integrated;features,Know Your Standard - Bureau of Indian Standards,https://standards.bis.gov.in/website/know-your-standards,2026-09-07
IS 4682 : Part 4 : 2024,Lining of Vessels and Equipment for Chemical Processes - Code of Practice - Part 4 Lining with Sheet Thermoplastics,,,,,,,,,,,https://standards.bis.gov.in/website/know-your-standards,https://standardsbis.bsbedge.com/,lining;vessels;equipment;chemical;processes;sheet;thermoplastics,Know Your Standard - Bureau of Indian Standards,https://standards.bis.gov.in/website/know-your-standards,2026-09-07
IS 5541 : 1970,"Spatula, Plastics, Clear and Colorless, Dental",,,,,,,,,,,https://standards.bis.gov.in/website/know-your-standards,https://standardsbis.bsbedge.com/,spatula;plastics;clear;colorless;dental,Know Your Standard - Bureau of Indian Standards,https://standards.bis.gov.in/website/know-your-standards,2026-09-07
IS 5687 : 1970,Glossary of terms relating to welding of plastics,,,,,,,,,,,https://standards.bis.gov.in/website/know-your-standards,https://standardsbis.bsbedge.com/,glossary;terms;relating;welding;plastics,Know Your Standard - Bureau of Indian Standards,https://standards.bis.gov.in/website/know-your-standards,2026-09-07
IS 3958 : 2021,Methods Of Sampling Cosmetics,,,,,,,,,,,https://standards.bis.gov.in/website/know-your-standards,https://standardsbis.bsbedge.com/,sampling;cosmetics,Know Your Standard - Bureau of Indian Standards,https://standards.bis.gov.in/website/know-your-standards,2026-09-07
IS 4011 : 2018,Methods of Test for Safety Evaluation of Cosmetics ( Third Revision ),,,,,,,,,,,https://standards.bis.gov.in/website/know-your-standards,https://standardsbis.bsbedge.com/,safety;evaluation;cosmetics;third;revision,Know Your Standard - Bureau of Indian Standards,https://standards.bis.gov.in/website/know-your-standards,2026-09-07
IS 4707 : Part 3 : 2025,Classification of Cosmetic Raw Materials and Adjuncts - Part 3 List of Preservatives Allowed in Cosmetics with Restriction,,,,,,,,,,,https://standards.bis.gov.in/website/know-your-standards,https://standardsbis.bsbedge.com/,classification;cosmetic;raw;materials;adjuncts;list;preservatives;allowed;cosmetics;restriction,Know Your Standard - Bureau of Indian Standards,https://standards.bis.gov.in/website/know-your-standards,2026-09-07
IS 4707 : Part 4 : 2022,Classification of Cosmetic Raw Materials and Adjuncts - Part 4 List of U.V. filters Allowed in Cosmetics with Restriction,,,,,,,,,,,https://standards.bis.gov.in/website/know-your-standards,https://standardsbis.bsbedge.com/,classification;cosmetic;raw;materials;adjuncts;list;filters;allowed;cosmetics;restriction,Know Your Standard - Bureau of Indian Standards,https://standards.bis.gov.in/website/know-your-standards,2026-09-07
IS 11377 : 2001,Guidelines for Hygienic Manufacture of Cosmetics,,,,,,,,,,,https://standards.bis.gov.in/website/know-your-standards,https://standardsbis.bsbedge.com/,guidelines;hygienic;manufacture;cosmetics,Know Your Standard - Bureau of Indian Standards,https://standards.bis.gov.in/website/know-your-standards,2026-09-07
IS 14648 : 2011,Methods of Test for Microbiological Examination of Cosmetics And Cosmetic Raw Materials,,,,,,,,,,,https://standards.bis.gov.in/website/know-your-standards,https://standardsbis.bsbedge.com/,microbiological;examination;cosmetics;cosmetic;raw;materials,Know Your Standard - Bureau of Indian Standards,https://standards.bis.gov.in/website/know-your-standards,2026-09-07
IS 15467 : 2004,Glossary of Terms - Cosmetics,,,,,,,,,,,https://standards.bis.gov.in/website/know-your-standards,https://standardsbis.bsbedge.com/,glossary;terms;cosmetics,Know Your Standard - Bureau of Indian Standards,https://standards.bis.gov.in/website/know-your-standards,2026-09-07
IS 15735 : 2006,Herbal cosmetics - General guidelines,,,,,,,,,,,https://standards.bis.gov.in/website/know-your-standards,https://standardsbis.bsbedge.com/,herbal;cosmetics;guidelines,Know Your Standard - Bureau of Indian Standards,https://standards.bis.gov.in/website/know-your-standards,2026-09-07
IS 16913 : 2018,"Methods of Test for Cosmetics — Determination of Heavy Metals (Arsenic, Cadmium, Lead and Mercury) by Atomic Absorption Spectrometry (AAS)",,,,,,,,,,,https://standards.bis.gov.in/website/know-your-standards,https://standardsbis.bsbedge.com/,cosmetics;determination;heavy;metals;arsenic;cadmium;lead;mercury;atomic;absorption;spectrometry;aas,Know Your Standard - Bureau of Indian Standards,https://standards.bis.gov.in/website/know-your-standards,2026-09-07
IS 17492 : 2021 ( ISO 24442 : 2011),Cosmetics - Sun Protection Test Methods - In vivo Determination of Sunscreen UVA Protection,,,,,,,,,,,https://standards.bis.gov.in/website/know-your-standards,https://standardsbis.bsbedge.com/,cosmetics;sun;protection;vivo;determination;sunscreen;uva,Know Your Standard - Bureau of Indian Standards,https://standards.bis.gov.in/website/know-your-standards,2026-09-07
IS 17493 : 2021 ( ISO 24443 : 2012),Cosmetics - Sun Protection Test Methods - In vitro Determination of Sunscreen UVA Protection,,,,,,,,,,,https://standards.bis.gov.in/website/know-your-standards,https://standardsbis.bsbedge.com/,cosmetics;sun;protection;vitro;determination;sunscreen;uva,Know Your Standard - Bureau of Indian Standards,https://standards.bis.gov.in/website/know-your-standards,2026-09-07
"IS 17494 : 2025 ( ISO 24444 : 2019, MOD)","Cosmetics - Sun Protection Test Methods - In Vivo Determination of Sun Protection Factor (SPF) - (ISO 24444 : 2019, MOD)",,,,,,,,,,,https://standards.bis.gov.in/website/know-your-standards,https://standardsbis.bsbedge.com/,cosmetics;sun;protection;vivo;determination;factor;spf;iso;mod,Know Your Standard - Bureau of Indian Standards,https://standards.bis.gov.in/website/know-your-standards,2026-09-07
IS 17495 : 2021 ( ISO/TR 17276 : 2014),Cosmetics - Analytical Approach for Screening and Quantification Methods for Heavy Metals in Cosmetics,,,,,,,,,,,https://standards.bis.gov.in/website/know-your-standards,https://standardsbis.bsbedge.com/,cosmetics;analytical;approach;screening;quantification;heavy;metals,Know Your Standard - Bureau of Indian Standards,https://standards.bis.gov.in/website/know-your-standards,2026-09-07
IS 17660 : 2021 ( ISO 16217 : 2020),Cosmetics Sun protection test methods Water immersion procedure for determining water resistance,,,,,,,,,,,https://standards.bis.gov.in/website/know-your-standards,https://standardsbis.bsbedge.com/,cosmetics;sun;protection;water;immersion;procedure;determining;resistance,Know Your Standard - Bureau of Indian Standards,https://standards.bis.gov.in/website/know-your-standards,2026-09-07
IS 19270 : 2025 ( ISO 11930 : 2019),Cosmetics - Microbiology - Evaluation of the Antimicrobial Protection of a Cosmetic Product,,,,,,,,,,,https://standards.bis.gov.in/website/know-your-standards,https://standardsbis.bsbedge.com/,cosmetics;microbiology;evaluation;antimicrobial;protection;cosmetic;product,Know Your Standard - Bureau of Indian Standards,https://standards.bis.gov.in/website/know-your-standards,2026-09-07
IS 19684 : 2026,Oral Rinses for Cosmetics - Specification,,,,,,,,,,,https://standards.bis.gov.in/website/know-your-standards,https://standardsbis.bsbedge.com/,oral;rinses;cosmetics,Know Your Standard - Bureau of Indian Standards,https://standards.bis.gov.in/website/know-your-standards,2026-09-07
IS 19685 : 2026,Sunscreen Cosmetics Products - Specification,,,,,,,,,,,https://standards.bis.gov.in/website/know-your-standards,https://standardsbis.bsbedge.com/,sunscreen;cosmetics;products,Know Your Standard - Bureau of Indian Standards,https://standards.bis.gov.in/website/know-your-standards,2026-09-07
IS 7394 : 2024,Plastics Containers for Reserve Fuel-Specification,,,,,,,,,,,https://standards.bis.gov.in/website/know-your-standards,https://standardsbis.bsbedge.com/,plastics;containers;reserve;fuel,Know Your Standard - Bureau of Indian Standards,https://standards.bis.gov.in/website/know-your-standards,2026-09-07
IS 7551 : 1975,Method of test for compatibility of plastics containers,,,,,,,,,,,https://standards.bis.gov.in/website/know-your-standards,https://standardsbis.bsbedge.com/,compatibility;plastics;containers,Know Your Standard - Bureau of Indian Standards,https://standards.bis.gov.in/website/know-your-standards,2026-09-07
IS 7792 : 2023,Plastics Containers - Handling - Code Of Practice,,,,,,,,,,,https://standards.bis.gov.in/website/know-your-standards,https://standardsbis.bsbedge.com/,plastics;containers;handling,Know Your Standard - Bureau of Indian Standards,https://standards.bis.gov.in/website/know-your-standards,2026-09-07
IS 15102 : 2002,Plastics Collapsible Containers for Human Blood and Blood Components,,,,,,,,,,,https://standards.bis.gov.in/website/know-your-standards,https://standardsbis.bsbedge.com/,plastics;collapsible;containers;human;blood;components,Know Your Standard - Bureau of Indian Standards,https://standards.bis.gov.in/website/know-your-standards,2026-09-07
IS 310 : Part 1 : 1951,Methods of sampling and test for lubricants: Part 1,,,,,,,,,,,https://standards.bis.gov.in/website/know-your-standards,https://standardsbis.bsbedge.com/,sampling;lubricants,Know Your Standard - Bureau of Indian Standards,https://standards.bis.gov.in/website/know-your-standards,2026-09-07
IS 310 : Part 2 : 1954,Methods of sampling and test for lubricants: Part 2,,,,,,,,,,,https://standards.bis.gov.in/website/know-your-standards,https://standardsbis.bsbedge.com/,sampling;lubricants,Know Your Standard - Bureau of Indian Standards,https://standards.bis.gov.in/website/know-your-standards,2026-09-07
"IS 494 (Active,Concurrent Running) : 1970",aluminium stearate for lubricants (Incorporated Amendement No.1),,,,,,,,,,,https://standards.bis.gov.in/website/know-your-standards,https://standardsbis.bsbedge.com/,aluminium;stearate;lubricants;incorporated;amendement,Know Your Standard - Bureau of Indian Standards,https://standards.bis.gov.in/website/know-your-standards,2026-09-07
IS 494 : 2024,Aluminium Stearate for Lubricants-Specification,,,,,,,,,,,https://standards.bis.gov.in/website/know-your-standards,https://standardsbis.bsbedge.com/,aluminium;stearate;lubricants,Know Your Standard - Bureau of Indian Standards,https://standards.bis.gov.in/website/know-your-standards,2026-09-07
IS 495 : 2023,Graphite Flake For Lubricants - Specification,,,,,,,,,,,https://standards.bis.gov.in/website/know-your-standards,https://standardsbis.bsbedge.com/,graphite;flake;lubricants,Know Your Standard - Bureau of Indian Standards,https://standards.bis.gov.in/website/know-your-standards,2026-09-07
IS 595 : 1954,Blown Rape (or Mustard) Oil for use in Lubricants (Incorporated Amendments No. 1 & 2 ),,,,,,,,,,,https://standards.bis.gov.in/website/know-your-standards,https://standardsbis.bsbedge.com/,blown;rape;mustard;oil;use;lubricants;incorporated;amendments,Know Your Standard - Bureau of Indian Standards,https://standards.bis.gov.in/website/know-your-standards,2026-09-07
IS 1088 : 1987,Lubricants For Clock Like Mechanisms And Precision Instruments,,,,,,,,,,,https://standards.bis.gov.in/website/know-your-standards,https://standardsbis.bsbedge.com/,lubricants;clock;like;mechanisms;precision;instruments,Know Your Standard - Bureau of Indian Standards,https://standards.bis.gov.in/website/know-your-standards,2026-09-07
IS 1118 : 2019,"Gear Lubricants, Multipurpose ( Extreme Pressure Gear Oil ) — Specification ( Second Revision )",,,,,,,,,,,https://standards.bis.gov.in/website/know-your-standards,https://standardsbis.bsbedge.com/,gear;lubricants;multipurpose;extreme;pressure;oil;second;revision,Know Your Standard - Bureau of Indian Standards,https://standards.bis.gov.in/website/know-your-standards,2026-09-07
IS 2297 : 2025,"Gear Lubricants, Compounded - Specification",,,,,,,,,,,https://standards.bis.gov.in/website/know-your-standards,https://standardsbis.bsbedge.com/,gear;lubricants;compounded,Know Your Standard - Bureau of Indian Standards,https://standards.bis.gov.in/website/know-your-standards,2026-09-07
IS/ISO 3156 : 1976 ( ISO 3156 : 1976),"Stranded Wire Ropes for Mine Hoisting - Impregnating Compounds, Lubricants and Service Dressings - Characteristics and Tests",,,,,,,,,,,https://standards.bis.gov.in/website/know-your-standards,https://standardsbis.bsbedge.com/,stranded;wire;ropes;mine;hoisting;impregnating;compounds;lubricants;service;dressings;characteristics,Know Your Standard - Bureau of Indian Standards,https://standards.bis.gov.in/website/know-your-standards,2026-09-07
IS 8406 : 1993,gear lubricants for enclosed industrial gear drives,,,,,,,,,,,https://standards.bis.gov.in/website/know-your-standards,https://standardsbis.bsbedge.com/,gear;lubricants;enclosed;industrial;drives,Know Your Standard - Bureau of Indian Standards,https://standards.bis.gov.in/website/know-your-standards,2026-09-07
IS 9182 : Part 1 : 1993,lubricants for wire ropes and fibre cores Part I lubricants for fibre core of wire ropes,,,,,,,,,,,https://standards.bis.gov.in/website/know-your-standards,https://standardsbis.bsbedge.com/,lubricants;wire;ropes;fibre;cores;core,Know Your Standard - Bureau of Indian Standards,https://standards.bis.gov.in/website/know-your-standards,2026-09-07
IS 9182 : Part 2 : 1993,lubricants for wire ropes and fibre cores Part II Lubricants for wire strends and ropes,,,,,,,,,,,https://standards.bis.gov.in/website/know-your-standards,https://standardsbis.bsbedge.com/,lubricants;wire;ropes;fibre;cores;strends,Know Your Standard - Bureau of Indian Standards,https://standards.bis.gov.in/website/know-your-standards,2026-09-07
IS 9182 : Part 3 : 1993,lubricants for wire ropes and fibre cores Part III Lubricants for rope dressing in service,,,,,,,,,,,https://standards.bis.gov.in/website/know-your-standards,https://standardsbis.bsbedge.com/,lubricants;wire;ropes;fibre;cores;iii;rope;dressing;service,Know Your Standard - Bureau of Indian Standards,https://standards.bis.gov.in/website/know-your-standards,2026-09-07
IS 9466 : 2020,Viscosity Classification For Industrial Liquid Lubricants ( First Revision ),,,,,,,,,,,https://standards.bis.gov.in/website/know-your-standards,https://standardsbis.bsbedge.com/,viscosity;classification;industrial;liquid;lubricants;first;revision,Know Your Standard - Bureau of Indian Standards,https://standards.bis.gov.in/website/know-your-standards,2026-09-07
IS 9554 : 1980,Lubricants for Open Gears,,,,,,,,,,,https://standards.bis.gov.in/website/know-your-standards,https://standardsbis.bsbedge.com/,lubricants;open;gears,Know Your Standard - Bureau of Indian Standards,https://standards.bis.gov.in/website/know-your-standards,2026-09-07
IS 11159 : Part 1 : 2020,"General Classification of Lubricants, Industrial Oils and Related Products Part 1 Class L ( First Revision )",,,,,,,,,,,https://standards.bis.gov.in/website/know-your-standards,https://standardsbis.bsbedge.com/,classification;lubricants;industrial;oils;related;products;class;first;revision,Know Your Standard - Bureau of Indian Standards,https://standards.bis.gov.in/website/know-your-standards,2026-09-07
IS 11159 : Part 2 : 2021,Classification of lubricants industrial oils and related products Part 2 Family A Total loss systems,,,,,,,,,,,https://standards.bis.gov.in/website/know-your-standards,https://standardsbis.bsbedge.com/,classification;lubricants;industrial;oils;related;products;family;total;loss;systems,Know Your Standard - Bureau of Indian Standards,https://standards.bis.gov.in/website/know-your-standards,2026-09-07
IS 11159 : Part 3 : 2021,General classification of lubricants industrial oils and related products Part 3 Family F Spindle bearings bearings and associated clutches,,,,,,,,,,,https://standards.bis.gov.in/website/know-your-standards,https://standardsbis.bsbedge.com/,classification;lubricants;industrial;oils;related;products;family;spindle;bearings;associated;clutches,Know Your Standard - Bureau of Indian Standards,https://standards.bis.gov.in/website/know-your-standards,2026-09-07
IS 5045 : 1989,"Dye Intermediates - Metanilic Acid, Technical",,,,,,,,,,,https://standards.bis.gov.in/website/know-your-standards,https://standardsbis.bsbedge.com/,dye;intermediates;metanilic;acid;technical,Know Your Standard - Bureau of Indian Standards,https://standards.bis.gov.in/website/know-your-standards,2026-09-07
IS 5299 : 2001,Methods of Sampling and Tests for Dye Intermediates,,,,,,,,,,,https://standards.bis.gov.in/website/know-your-standards,https://standardsbis.bsbedge.com/,sampling;dye;intermediates,Know Your Standard - Bureau of Indian Standards,https://standards.bis.gov.in/website/know-your-standards,2026-09-07
IS 12706 : 1989,Dye Intermediates - Naphthol AS-E,,,,,,,,,,,https://standards.bis.gov.in/website/know-your-standards,https://standardsbis.bsbedge.com/,dye;intermediates;naphthol,Know Your Standard - Bureau of Indian Standards,https://standards.bis.gov.in/website/know-your-standards,2026-09-07
IS 12707 : 1989,Dye Intermediates - Naphthol AS-D,,,,,,,,,,,https://standards.bis.gov.in/website/know-your-standards,https://standardsbis.bsbedge.com/,dye;intermediates;naphthol,Know Your Standard - Bureau of Indian Standards,https://standards.bis.gov.in/website/know-your-standards,2026-09-07
IS 7016 : Part 2 : 2022 ( ISO 1421 : 2016),Methods of Test for Rubber or Plastics Coated Fabrics Part 2 Determination of Tensile Strength and Elongation at Break,,,,,,,,,,,https://standards.bis.gov.in/website/know-your-standards,https://standardsbis.bsbedge.com/,rubber;plastics;coated;fabrics;determination;tensile;strength;elongation;break,Know Your Standard - Bureau of Indian Standards,https://standards.bis.gov.in/website/know-your-standards,2026-09-07
IS 7016 : Part 3 : Sec 1 : 2022 ( ISO 4674-1 : 2016),Methods of Test for Rubber or Plastics Coated Fabrics Part 3 Determination of Tear Resistance Section 1 Constant rate of tear methods,,,,,,,,,,,https://standards.bis.gov.in/website/know-your-standards,https://standardsbis.bsbedge.com/,rubber;plastics;coated;fabrics;determination;tear;resistance;section;constant;rate,Know Your Standard - Bureau of Indian Standards,https://standards.bis.gov.in/website/know-your-standards,2026-09-07
IS 7016 : Part 3 : Sec 2 : 2023 ( ISO 4674-2:2021),Methods Of Test For Rubber Or Plastics Coated Fabrics Part 3 Determination Of Tear Resistance Section 2 Ballistic Pendulum Method,,,,,,,,,,,https://standards.bis.gov.in/website/know-your-standards,https://standardsbis.bsbedge.com/,rubber;plastics;coated;fabrics;determination;tear;resistance;section;ballistic;pendulum,Know Your Standard - Bureau of Indian Standards,https://standards.bis.gov.in/website/know-your-standards,2026-09-07
IS 7016 : Part 4 : 2003 ( ISO 7854 : 1995),Methods of Test for Coated and Treated Fabrics - Part 4 : Rubber - or Plastics-Coated Fabrics - Determination of Resistance to Damage by Flexing,,,,,,,,,,,https://standards.bis.gov.in/website/know-your-standards,https://standardsbis.bsbedge.com/,coated;treated;fabrics;rubber;plastics;determination;resistance;damage;flexing,Know Your Standard - Bureau of Indian Standards,https://standards.bis.gov.in/website/know-your-standards,2026-09-07
IS 7016 : Part 5 : 2019 ( ISO 2411 : 2017),Methods of Test for Coated and Treated Fabrics Part 5 Rubber-or Plastics-Coated Fabrics — Determination of Coating Adhesion ( Third Revision ),,,,,,,,,,,https://standards.bis.gov.in/website/know-your-standards,https://standardsbis.bsbedge.com/,coated;treated;fabrics;rubber;plastics;determination;coating;adhesion;third;revision,Know Your Standard - Bureau of Indian Standards,https://standards.bis.gov.in/website/know-your-standards,2026-09-07
IS 7016 : Part 7 : 2023 ( ISO 1420:2016),Methods Of Test For Rubber Or Plastics Coated Fabrics Part 7 Determination Of Resistance To Penetration By Water,,,,,,,,,,,https://standards.bis.gov.in/website/know-your-standards,https://standardsbis.bsbedge.com/,rubber;plastics;coated;fabrics;determination;resistance;penetration;water,Know Your Standard - Bureau of Indian Standards,https://standards.bis.gov.in/website/know-your-standards,2026-09-07
IS 7016 : Part 8 : 2023 ( ISO 1419 : 2019),Methods of Test for Rubber or Plastics Coated Fabrics - Part 8 Accelerated Ageing,,,,,,,,,,,https://standards.bis.gov.in/website/know-your-standards,https://standardsbis.bsbedge.com/,rubber;plastics;coated;fabrics;accelerated;ageing,Know Your Standard - Bureau of Indian Standards,https://standards.bis.gov.in/website/know-your-standards,2026-09-07
IS 7016 : Part 9 : 2003 ( ISO 5978 : 1990),Methods of Test for Coated and Treated Fabrics - Part 9 : Rubber-or Plastics-Coated Fabrics - Determination of Blocking Resistance,,,,,,,,,,,https://standards.bis.gov.in/website/know-your-standards,https://standardsbis.bsbedge.com/,coated;treated;fabrics;rubber;plastics;determination;blocking;resistance,Know Your Standard - Bureau of Indian Standards,https://standards.bis.gov.in/website/know-your-standards,2026-09-07
IS 7016 : Part 10 : 2022 ( ISO 4675 : 2017),Methods of Test for Rubber or Plastics Coated Fabrics - Part 10 Low-Temperature Bend test,,,,,,,,,,,https://standards.bis.gov.in/website/know-your-standards,https://standardsbis.bsbedge.com/,rubber;plastics;coated;fabrics;low;temperature;bend,Know Your Standard - Bureau of Indian Standards,https://standards.bis.gov.in/website/know-your-standards,2026-09-07
IS 7016 : Part 1 : Sec 1 : 2022 ( ISO 2286-1 : 2016),"Methods of Test for Rubber or Plastics Coated Fabrics - Part 1 Determination of Roll Characteristics - Section 1 Methods for determination of length, width and net mass",,,,,,,,,,,https://standards.bis.gov.in/website/know-your-standards,https://standardsbis.bsbedge.com/,rubber;plastics;coated;fabrics;determination;roll;characteristics;section;length;width;net;mass,Know Your Standard - Bureau of Indian Standards,https://standards.bis.gov.in/website/know-your-standards,2026-09-07
IS 7016 : Part 11 : 2023 ( ISO 5979 : 1982),Methods of Test for Rubber or Plastics Coated Fabrics - Part 11 Determination of Flexibility- Flat Loop Method,,,,,,,,,,,https://standards.bis.gov.in/website/know-your-standards,https://standardsbis.bsbedge.com/,rubber;plastics;coated;fabrics;determination;flexibility;flat;loop,Know Your Standard - Bureau of Indian Standards,https://standards.bis.gov.in/website/know-your-standards,2026-09-07
IS 7016 : Part 13 : 2003 ( ISO 5473 : 1997),Method of Test for Coated and Treated Fabrics - Part 13 : Rubber - or Plastics-Coated Fabrics - Determination of Crush Resistance,,,,,,,,,,,https://standards.bis.gov.in/website/know-your-standards,https://standardsbis.bsbedge.com/,coated;treated;fabrics;rubber;plastics;determination;crush;resistance,Know Your Standard - Bureau of Indian Standards,https://standards.bis.gov.in/website/know-your-standards,2026-09-07
IS 101 : Part 5 : Sec 7 : 2024 ( ISO 7784-2 : 2023),"Methods of Sampling and Test for Paints, Varnishes and Related Products - Part 5 Mechanical Tests - Section 7 Determination of Resistance to Abrasion by Abrasive Rubber Wheels and Rotating Test Specimen",,,,,,,,,,,https://standards.bis.gov.in/website/know-your-standards,https://standardsbis.bsbedge.com/,sampling;paints;varnishes;related;products;mechanical;section;determination;resistance;abrasion;abrasive;rubber,Know Your Standard - Bureau of Indian Standards,https://standards.bis.gov.in/website/know-your-standards,2026-09-07
IS 2720 : Part 34 : 1972,Methods of test for soils: Part 34 Determination of density of soil in-place by rubber-balloon method,,,,,,,,,,,https://standards.bis.gov.in/website/know-your-standards,https://standardsbis.bsbedge.com/,soils;determination;density;soil;place;rubber;balloon,Know Your Standard - Bureau of Indian Standards,https://standards.bis.gov.in/website/know-your-standards,2026-09-07
IS 3400 : Part 1 : 2021 ( ISO 37 : 2017),Methods of Test for Vulcanized Rubber Part 1 Tensile Stress-Strain Properties,,,,,,,,,,,https://standards.bis.gov.in/website/know-your-standards,https://standardsbis.bsbedge.com/,vulcanized;rubber;tensile;stress;strain;properties,Know Your Standard - Bureau of Indian Standards,https://standards.bis.gov.in/website/know-your-standards,2026-09-07
IS 3400 : Part 2 : 2014 ( ISO 48 : 2010),"Methods of Test for Vulcanized Rubber Part 2 Rubber, Vulcanized or Thermoplastic - Determination of Hardness (Hardness Between 10 IRHD and 100 IRHD)",,,,,,,,,,,https://standards.bis.gov.in/website/know-your-standards,https://standardsbis.bsbedge.com/,vulcanized;rubber;thermoplastic;determination;hardness;between;irhd,Know Your Standard - Bureau of Indian Standards,https://standards.bis.gov.in/website/know-your-standards,2026-09-07
IS 3400 : Part 2 : Sec 2 : 2023 ( ISO 48-2 : 2018),"Methods of Test for Rubber, Vulcanized or Thermoplastic - Part 2 Determination of Hardness - Section 2 Hardness Between 10 IRHD and 100 IRHD",,,,,,,,,,,https://standards.bis.gov.in/website/know-your-standards,https://standardsbis.bsbedge.com/,rubber;vulcanized;thermoplastic;determination;hardness;section;between;irhd,Know Your Standard - Bureau of Indian Standards,https://standards.bis.gov.in/website/know-your-standards,2026-09-07
IS 3400 : Part 2 : Sec 3 : 2022 ( ISO 48-3 : 2018),"Methods of Test for Rubber, Vulcanized or Thermoplastic Part 2 Determination of Hardness Section 3 Dead-Load Hardness Using the Very Low Rubber Hardness (VLRH) Scale",,,,,,,,,,,https://standards.bis.gov.in/website/know-your-standards,https://standardsbis.bsbedge.com/,rubber;vulcanized;thermoplastic;determination;hardness;section;dead;load;using;very;low;vlrh,Know Your Standard - Bureau of Indian Standards,https://standards.bis.gov.in/website/know-your-standards,2026-09-07
IS 3400 : Part 2 : Sec 4 : 2022 ( ISO 48-4 : 2018),"Methods of Test for Rubber, Vulcanized or Thermoplastic Part 2 Determination of Hardness Section 4 Indentation Hardness by Durometer Method (Shore Hardness)",,,,,,,,,,,https://standards.bis.gov.in/website/know-your-standards,https://standardsbis.bsbedge.com/,rubber;vulcanized;thermoplastic;determination;hardness;section;indentation;durometer;shore,Know Your Standard - Bureau of Indian Standards,https://standards.bis.gov.in/website/know-your-standards,2026-09-07
IS 3400 : Part 2 : Sec 6 : 2023 ( ISO 48-6:2018),"Methods Of Test For Rubber, Vulcanized Or Thermoplastic Part 2 Determination Of Hardness Section 6 Apparent Hardness Of Rubber-Covered Rollers By Irhd Method",,,,,,,,,,,https://standards.bis.gov.in/website/know-your-standards,https://standardsbis.bsbedge.com/,rubber;vulcanized;thermoplastic;determination;hardness;section;apparent;covered;rollers;irhd,Know Your Standard - Bureau of Indian Standards,https://standards.bis.gov.in/website/know-your-standards,2026-09-07
IS 3400 : Part 28 : 2022 ( ISO 3384-1 : 2019),"Methods of Test For Rubber, Vulcanized or Thermoplastic - Part 28 Determination of Stress Relaxation in Compression-Testing at Constant Temperature",,,,,,,,,,,https://standards.bis.gov.in/website/know-your-standards,https://standardsbis.bsbedge.com/,rubber;vulcanized;thermoplastic;determination;stress;relaxation;compression;testing;constant;temperature,Know Your Standard - Bureau of Indian Standards,https://standards.bis.gov.in/website/know-your-standards,2026-09-07
IS 3400 : Part 3 : 2021 ( ISO 4649:2017),Methods of Test for Vulcanized Rubber Part 3 Abrasion Resistance using a Rotating Cylindrical Drum Device,,,,,,,,,,,https://standards.bis.gov.in/website/know-your-standards,https://standardsbis.bsbedge.com/,vulcanized;rubber;abrasion;resistance;using;rotating;cylindrical;drum;device,Know Your Standard - Bureau of Indian Standards,https://standards.bis.gov.in/website/know-your-standards,2026-09-07
IS 3400 : Part 4 : 2012 ( ISO 188 : 2011),Methods of Test for Vulcanized Rubbers Part 4 Accelerated Ageing and Heat Resistance,,,,,,,,,,,https://standards.bis.gov.in/website/know-your-standards,https://standardsbis.bsbedge.com/,vulcanized;rubbers;accelerated;ageing;heat;resistance,Know Your Standard - Bureau of Indian Standards,https://standards.bis.gov.in/website/know-your-standards,2026-09-07
IS 3400 : Part 5 : 2022 ( ISO 36 : 2020),"Methods of Test For Rubber, Vulcanized or Thermoplastic - Part 5 Adhesion of Rubbers to Textile Fabrics",,,,,,,,,,,https://standards.bis.gov.in/website/know-your-standards,https://standardsbis.bsbedge.com/,rubber;vulcanized;thermoplastic;adhesion;rubbers;textile;fabrics,Know Your Standard - Bureau of Indian Standards,https://standards.bis.gov.in/website/know-your-standards,2026-09-07
IS 3400 : Part 6 : 2018 ( ISO 1817 : 2015),Methods of Test for Vulcanized Rubbers Part 6 Determination of the Effect of Liquids (Fourth Revision),,,,,,,,,,,https://standards.bis.gov.in/website/know-your-standards,https://standardsbis.bsbedge.com/,vulcanized;rubbers;determination;effect;liquids;fourth;revision,Know Your Standard - Bureau of Indian Standards,https://standards.bis.gov.in/website/know-your-standards,2026-09-07
IS 3400 : Part 7 : 2021 ( ISO 132 : 2017),Methods of Test for Vulcanized Rubber Part 7: Determination of flex cracking and crack growth De Mattia,,,,,,,,,,,https://standards.bis.gov.in/website/know-your-standards,https://standardsbis.bsbedge.com/,vulcanized;rubber;determination;flex;cracking;crack;growth;mattia,Know Your Standard - Bureau of Indian Standards,https://standards.bis.gov.in/website/know-your-standards,2026-09-07
IS 19436 : 2025 ( ISO 24584 : 2022),Textiles - Smart Textiles - Test Method for Sheet Resistance of Conductive Textiles using Non-Contact Type,,,,,,,,,,,https://standards.bis.gov.in/website/know-your-standards,https://standardsbis.bsbedge.com/,textiles;smart;sheet;resistance;conductive;using;non;contact;type,Know Your Standard - Bureau of Indian Standards,https://standards.bis.gov.in/website/know-your-standards,2026-09-07
IS 19437 : 2025 ( ISO/TR 23383 : 2020),"Textiles and Textile Products - Smart (Intelligent) Textiles - Definitions, Categorisation, Applications and Standardization Needs",,,,,,,,,,,https://standards.bis.gov.in/website/know-your-standards,https://standardsbis.bsbedge.com/,textiles;textile;products;smart;intelligent;definitions;categorisation;applications;standardization;needs,Know Your Standard - Bureau of Indian Standards,https://standards.bis.gov.in/website/know-your-standards,2026-09-07
IS 4456 : Part 1 : 2026,Chemical Resistant Mortars - Methods of Test - Part 1 Silicate type and Resin type,,,,,,,,,,,https://standards.bis.gov.in/website/know-your-standards,https://standardsbis.bsbedge.com/,chemical;resistant;mortars;silicate;type;resin,Know Your Standard - Bureau of Indian Standards,https://standards.bis.gov.in/website/know-your-standards,2026-09-07
IS 4456 : Part 2 : 2026,Chemical Resistant Mortars - Methods of Test - Part 2 Sulphur type,,,,,,,,,,,https://standards.bis.gov.in/website/know-your-standards,https://standardsbis.bsbedge.com/,chemical;resistant;mortars;sulphur;type,Know Your Standard - Bureau of Indian Standards,https://standards.bis.gov.in/website/know-your-standards,2026-09-07
IS 19 : 1949,Procedures for Testing Cotton Textiles and Cordages (other than jute) for Resistance to Attack by Micro-organisms,,,,,,,,,,,https://standards.bis.gov.in/website/know-your-standards,https://standardsbis.bsbedge.com/,procedures;testing;cotton;textiles;cordages;other;than;jute;resistance;attack;micro;organisms,Know Your Standard - Bureau of Indian Standards,https://standards.bis.gov.in/website/know-your-standards,2026-09-07
IS 1386 : 2024,Textiles-Cotton Cordages for Resistance to Attack by Micro-organisms-Methods of Test,,,,,,,,,,,https://standards.bis.gov.in/website/know-your-standards,https://standardsbis.bsbedge.com/,textiles;cotton;cordages;resistance;attack;micro;organisms,Know Your Standard - Bureau of Indian Standards,https://standards.bis.gov.in/website/know-your-standards,2026-09-07
IS 1633 : 2024,Textiles - Method for Testing Jute Cordages for Resistance to Attack by Micro-organisms,,,,,,,,,,,https://standards.bis.gov.in/website/know-your-standards,https://standardsbis.bsbedge.com/,textiles;testing;jute;cordages;resistance;attack;micro;organisms,Know Your Standard - Bureau of Indian Standards,https://standards.bis.gov.in/website/know-your-standards,2026-09-07
IS 1815 : 2024,Method for Detection and Estimation of Damage in Cotton Yarn and Cordage Due to Micro-Organisms,,,,,,,,,,,https://standards.bis.gov.in/website/know-your-standards,https://standardsbis.bsbedge.com/,detection;estimation;damage;cotton;yarn;cordage;due;micro;organisms,Know Your Standard - Bureau of Indian Standards,https://standards.bis.gov.in/website/know-your-standards,2026-09-07
IS 2011 : 1984,Methods for detection and estimation of damage in jute yarn and cordage due to micro-organisms,,,,,,,,,,,https://standards.bis.gov.in/website/know-your-standards,https://standardsbis.bsbedge.com/,detection;estimation;damage;jute;yarn;cordage;due;micro;organisms,Know Your Standard - Bureau of Indian Standards,https://standards.bis.gov.in/website/know-your-standards,2026-09-07
IS 3256 - (Active) : 1980,Code For Inland Packaging Of Ropes And Cordages - (Vaild upto 04 February 2027),,,,,,,,,,,https://standards.bis.gov.in/website/know-your-standards,https://standardsbis.bsbedge.com/,inland;packaging;ropes;cordages;vaild;upto;february,Know Your Standard - Bureau of Indian Standards,https://standards.bis.gov.in/website/know-your-standards,2026-09-07
IS 3256 : 2026,Textiles - Inland Packaging of Ropes and Cordages - Code of Practice,,,,,,,,,,,https://standards.bis.gov.in/website/know-your-standards,https://standardsbis.bsbedge.com/,textiles;inland;packaging;ropes;cordages,Know Your Standard - Bureau of Indian Standards,https://standards.bis.gov.in/website/know-your-standards,2026-09-07
IS 3871 : 2013 ( ISO 1968 : 2004),Fibre ropes and cordage- Vocabulary,,,,,,,,,,,https://standards.bis.gov.in/website/know-your-standards,https://standardsbis.bsbedge.com/,fibre;ropes;cordage;vocabulary,Know Your Standard - Bureau of Indian Standards,https://standards.bis.gov.in/website/know-your-standards,2026-09-07
IS 7071 : Part 4 : 1986,Methods of physical test for ropes and cordages: Part 4 Breaking load and elongation at break,,,,,,,,,,,https://standards.bis.gov.in/website/know-your-standards,https://standardsbis.bsbedge.com/,physical;ropes;cordages;breaking;load;elongation;break,Know Your Standard - Bureau of Indian Standards,https://standards.bis.gov.in/website/know-your-standards,2026-09-07
IS 7071 : Part 1 to 3 : 1989,Ropes and Cordages - Methods of Physical Test,,,,,,,,,,,https://standards.bis.gov.in/website/know-your-standards,https://standardsbis.bsbedge.com/,ropes;cordages;physical,Know Your Standard - Bureau of Indian Standards,https://standards.bis.gov.in/website/know-your-standards,2026-09-07
IS 9560 : 2023,Textiles - Colour Code for Identification of Ropes and Cordage,,,,,,,,,,,https://standards.bis.gov.in/website/know-your-standards,https://standardsbis.bsbedge.com/,textiles;colour;identification;ropes;cordage,Know Your Standard - Bureau of Indian Standards,https://standards.bis.gov.in/website/know-your-standards,2026-09-07
IS 14438 : 1997,Audio cords and cordages for telecommunication specification,,,,,,,,,,,https://standards.bis.gov.in/website/know-your-standards,https://standardsbis.bsbedge.com/,audio;cords;cordages;telecommunication,Know Your Standard - Bureau of Indian Standards,https://standards.bis.gov.in/website/know-your-standards,2026-09-07
IS 17361 : Part 4 : 2020 ( ISO 11111-4 : 2005),"Textile Machinery - Safety Requirements Part 4 Yarn Processing, Cordage and Rope Manufacturing Machinery",,,,,,,,,,,https://standards.bis.gov.in/website/know-your-standards,https://standardsbis.bsbedge.com/,textile;machinery;safety;yarn;processing;cordage;rope;manufacturing,Know Your Standard - Bureau of Indian Standards,https://standards.bis.gov.in/website/know-your-standards,2026-09-07
IS 17362 : Part 4 : 2020 ( ISO 9902-4 : 2001),"Textile machinery — Noise test code Part 4 Yarn processing, cordage and rope manufacturing machinery",,,,,,,,,,,https://standards.bis.gov.in/website/know-your-standards,https://standardsbis.bsbedge.com/,textile;machinery;noise;yarn;processing;cordage;rope;manufacturing,Know Your Standard - Bureau of Indian Standards,https://standards.bis.gov.in/website/know-your-standards,2026-09-07
IS 834 : 2006,Textiles- Ring Spun Grey Cotton Yarn for Hosiery,,,,,,,,,,,https://standards.bis.gov.in/website/know-your-standards,https://standardsbis.bsbedge.com/,textiles;ring;spun;grey;cotton;yarn;hosiery,Know Your Standard - Bureau of Indian Standards,https://standards.bis.gov.in/website/know-your-standards,2026-09-07
IS 2518 : 2025,Textiles - Seaworthy Packaging of Wool Hosiery Yarn and Goods - Code of Practice,,,,,,,,,,,https://standards.bis.gov.in/website/know-your-standards,https://standardsbis.bsbedge.com/,textiles;seaworthy;packaging;wool;hosiery;yarn;goods,Know Your Standard - Bureau of Indian Standards,https://standards.bis.gov.in/website/know-your-standards,2026-09-07
IS 3086 : 2025,Textiles - Seaworthy Packaging of Cotton Hosiery Yarn and Goods - Code of Practice,,,,,,,,,,,https://standards.bis.gov.in/website/know-your-standards,https://standardsbis.bsbedge.com/,textiles;seaworthy;packaging;cotton;hosiery;yarn;goods,Know Your Standard - Bureau of Indian Standards,https://standards.bis.gov.in/website/know-your-standards,2026-09-07
IS 3325 : 2025,Textiles - Inland Packaging of Cotton Hosiery Yarn and Goods - Code of Practice,,,,,,,,,,,https://standards.bis.gov.in/website/know-your-standards,https://standardsbis.bsbedge.com/,textiles;inland;packaging;cotton;hosiery;yarn;goods,Know Your Standard - Bureau of Indian Standards,https://standards.bis.gov.in/website/know-your-standards,2026-09-07
IS 3353 : 2025,Textiles - Inland Packing of Wool Hosiery Yarn and Goods - Code of Practice,,,,,,,,,,,https://standards.bis.gov.in/website/know-your-standards,https://standardsbis.bsbedge.com/,textiles;inland;packing;wool;hosiery;yarn;goods,Know Your Standard - Bureau of Indian Standards,https://standards.bis.gov.in/website/know-your-standards,2026-09-07
IS 3530 : 2025,Textiles - Inland Packing of Wool Hosiery Yarn and Goods - Code of Practice,,,,,,,,,,,https://standards.bis.gov.in/website/know-your-standards,https://standardsbis.bsbedge.com/,textiles;inland;packing;wool;hosiery;yarn;goods,Know Your Standard - Bureau of Indian Standards,https://standards.bis.gov.in/website/know-your-standards,2026-09-07
IS 3596 : 2025,Textiles - Glossary of Terms Relating to Hosiery,,,,,,,,,,,https://standards.bis.gov.in/website/know-your-standards,https://standardsbis.bsbedge.com/,textiles;glossary;terms;relating;hosiery,Know Your Standard - Bureau of Indian Standards,https://standards.bis.gov.in/website/know-your-standards,2026-09-07
IS 7026 : 2023,"Textiles-Hosiery Yarn, Worsted-Specification",,,,,,,,,,,https://standards.bis.gov.in/website/know-your-standards,https://standardsbis.bsbedge.com/,textiles;hosiery;yarn;worsted,Know Your Standard - Bureau of Indian Standards,https://standards.bis.gov.in/website/know-your-standards,2026-09-07
IS 15336 : 2003,Textiles - Acrylic Yarn for Hosiery,,,,,,,,,,,https://standards.bis.gov.in/website/know-your-standards,https://standardsbis.bsbedge.com/,textiles;acrylic;yarn;hosiery,Know Your Standard - Bureau of Indian Standards,https://standards.bis.gov.in/website/know-your-standards,2026-09-07
IS 714 : 1992,Textiles-Cotton Reinforcing Tapes for Aerospace Purposes,,,,,,,,,,,https://standards.bis.gov.in/website/know-your-standards,https://standardsbis.bsbedge.com/,textiles;cotton;reinforcing;tapes;aerospace;purposes,Know Your Standard - Bureau of Indian Standards,https://standards.bis.gov.in/website/know-your-standards,2026-09-07
IS 1376 : 1998,Textiles - Cotton sewing threads for aerospace purposes,,,,,,,,,,,https://standards.bis.gov.in/website/know-your-standards,https://standardsbis.bsbedge.com/,textiles;cotton;sewing;threads;aerospace;purposes,Know Your Standard - Bureau of Indian Standards,https://standards.bis.gov.in/website/know-your-standards,2026-09-07
IS 1402 : 2024,Textiles-Braided Cotton Cord for Aerospace Purposes-Specification,,,,,,,,,,,https://standards.bis.gov.in/website/know-your-standards,https://standardsbis.bsbedge.com/,textiles;braided;cotton;cord;aerospace;purposes,Know Your Standard - Bureau of Indian Standards,https://standards.bis.gov.in/website/know-your-standards,2026-09-07
IS 2196 : 2024,Textiles-Linen (Flax) Sewing Thread for Aerospace Purposes - Specification,,,,,,,,,,,https://standards.bis.gov.in/website/know-your-standards,https://standardsbis.bsbedge.com/,textiles;linen;flax;sewing;thread;aerospace;purposes,Know Your Standard - Bureau of Indian Standards,https://standards.bis.gov.in/website/know-your-standards,2026-09-07
IS 3255 : 2024,Textiles-Scoured or Dyed Cotton Tapes for Aerospace Purposes-Specification,,,,,,,,,,,https://standards.bis.gov.in/website/know-your-standards,https://standardsbis.bsbedge.com/,textiles;scoured;dyed;cotton;tapes;aerospace;purposes,Know Your Standard - Bureau of Indian Standards,https://standards.bis.gov.in/website/know-your-standards,2026-09-07
IS 4227 : 2024,Textiles-Braided Nylon Cords for Aerospace Purposes-Specification,,,,,,,,,,,https://standards.bis.gov.in/website/know-your-standards,https://standardsbis.bsbedge.com/,textiles;braided;nylon;cords;aerospace;purposes,Know Your Standard - Bureau of Indian Standards,https://standards.bis.gov.in/website/know-your-standards,2026-09-07
IS 4228 : 2023,Textiles - Nylon Tapes for Aerospace Purposes - Specification,,,,,,,,,,,https://standards.bis.gov.in/website/know-your-standards,https://standardsbis.bsbedge.com/,textiles;nylon;tapes;aerospace;purposes,Know Your Standard - Bureau of Indian Standards,https://standards.bis.gov.in/website/know-your-standards,2026-09-07
IS 4229 : 2024,Textiles-Nylon Sewing Threads for Aerospace Purposes-Specification,,,,,,,,,,,https://standards.bis.gov.in/website/know-your-standards,https://standardsbis.bsbedge.com/,textiles;nylon;sewing;threads;aerospace;purposes,Know Your Standard - Bureau of Indian Standards,https://standards.bis.gov.in/website/know-your-standards,2026-09-07
IS 5746 : Part 1 : 2025,Textiles - Woven Glass Fibres Fabrics for Plastic Laminates for Aerospace Purposes - Specification - Part 1 Loom-State Fabrics,,,,,,,,,,,https://standards.bis.gov.in/website/know-your-standards,https://standardsbis.bsbedge.com/,textiles;woven;glass;fibres;fabrics;plastic;laminates;aerospace;purposes;loom;state,Know Your Standard - Bureau of Indian Standards,https://standards.bis.gov.in/website/know-your-standards,2026-09-07
IS 5746 : Part 2 : 2025,Textiles - Woven Glass Fibres Fabrics for Plastic Laminates for Aerospace Purposes - Specification - Part 2 Desized Fabrics,,,,,,,,,,,https://standards.bis.gov.in/website/know-your-standards,https://standardsbis.bsbedge.com/,textiles;woven;glass;fibres;fabrics;plastic;laminates;aerospace;purposes;desized,Know Your Standard - Bureau of Indian Standards,https://standards.bis.gov.in/website/know-your-standards,2026-09-07
IS 5746 : Part 3 : 2025,Textiles - Woven Glass Fibres Fabrics for Plastic Laminates for Aerospace Purposes - Specification - Part 3 Finished Fabrics for Use with Polyester Resin Systems,,,,,,,,,,,https://standards.bis.gov.in/website/know-your-standards,https://standardsbis.bsbedge.com/,textiles;woven;glass;fibres;fabrics;plastic;laminates;aerospace;purposes;finished;use;polyester,Know Your Standard - Bureau of Indian Standards,https://standards.bis.gov.in/website/know-your-standards,2026-09-07
IS 6349 : 2024,Textiles-Tubular Nylon Tapes for Aerospace Applications-Specification,,,,,,,,,,,https://standards.bis.gov.in/website/know-your-standards,https://standardsbis.bsbedge.com/,textiles;tubular;nylon;tapes;aerospace;applications,Know Your Standard - Bureau of Indian Standards,https://standards.bis.gov.in/website/know-your-standards,2026-09-07
IS 9267 : 2021,Textiles - Tubular nylon webbing for aerospace purposes - Specification (first revision),,,,,,,,,,,https://standards.bis.gov.in/website/know-your-standards,https://standardsbis.bsbedge.com/,textiles;tubular;nylon;webbing;aerospace;purposes;first;revision,Know Your Standard - Bureau of Indian Standards,https://standards.bis.gov.in/website/know-your-standards,2026-09-07
IS 11367 : 1985,Glossary of terms relating to textile materials for aerospace purposes,,,,,,,,,,,https://standards.bis.gov.in/website/know-your-standards,https://standardsbis.bsbedge.com/,glossary;terms;relating;textile;materials;aerospace;purposes,Know Your Standard - Bureau of Indian Standards,https://standards.bis.gov.in/website/know-your-standards,2026-09-07
IS 11916 - (Active) : 2001,Textiles - Continuous Filament Glass Yarn for Aerospace and other Purposes - (Vaild upto 04 February 2027),,,,,,,,,,,https://standards.bis.gov.in/website/know-your-standards,https://standardsbis.bsbedge.com/,textiles;continuous;filament;glass;yarn;aerospace;other;purposes;vaild;upto;february,Know Your Standard - Bureau of Indian Standards,https://standards.bis.gov.in/website/know-your-standards,2026-09-07
IS 11916 : 2026,Textiles - Continuous Filament Glass Yarn for Aerospace and Other Purposes - Specification,,,,,,,,,,,https://standards.bis.gov.in/website/know-your-standards,https://standardsbis.bsbedge.com/,textiles;continuous;filament;glass;yarn;aerospace;other;purposes,Know Your Standard - Bureau of Indian Standards,https://standards.bis.gov.in/website/know-your-standards,2026-09-07
IS 9936 : 2023,Textiles Manila Nylon Polyester And Polypropylene Ropes For Marine Purpose Guide On Equivalence,,,,,,,,,,,https://standards.bis.gov.in/website/know-your-standards,https://standardsbis.bsbedge.com/,textiles;manila;nylon;polyester;polypropylene;ropes;marine;purpose;guide;equivalence,Know Your Standard - Bureau of Indian Standards,https://standards.bis.gov.in/website/know-your-standards,2026-09-07
IS 15798 : Part 2 : 2021,Textiles Requirements for Labelling and Marking Specification Part 2 Fabrics Apparels and Made-up Items Consumer Textiles First Revision,,,,,,,,,,,https://standards.bis.gov.in/website/know-your-standards,https://standardsbis.bsbedge.com/,textiles;labelling;marking;fabrics;apparels;made;items;consumer;first;revision,Know Your Standard - Bureau of Indian Standards,https://standards.bis.gov.in/website/know-your-standards,2026-09-07
IS 8014 : 1983,Classification and nomenclature of dyeing and finishing machinery,,,,,,,,,,,https://standards.bis.gov.in/website/know-your-standards,https://standardsbis.bsbedge.com/,classification;nomenclature;dyeing;finishing;machinery,Know Your Standard - Bureau of Indian Standards,https://standards.bis.gov.in/website/know-your-standards,2026-09-07
IS 9765 : 2021 ( ISO 5250 : 2003),Textile machinery and accessories Dyeing and finishing machinery Terms for tentering and heat-treatment machinery (First Revision),,,,,,,,,,,https://standards.bis.gov.in/website/know-your-standards,https://standardsbis.bsbedge.com/,textile;machinery;accessories;dyeing;finishing;terms;tentering;heat;treatment;first;revision,Know Your Standard - Bureau of Indian Standards,https://standards.bis.gov.in/website/know-your-standards,2026-09-07
IS 10598 : 2023,Textiles Guide Rollers For Dyeing And Finishing Machinery Specification,,,,,,,,,,,https://standards.bis.gov.in/website/know-your-standards,https://standardsbis.bsbedge.com/,textiles;guide;rollers;dyeing;finishing;machinery,Know Your Standard - Bureau of Indian Standards,https://standards.bis.gov.in/website/know-your-standards,2026-09-07
IS 11049 : 2014 ( ISO 5248 : 2003),Textile Machinery and Accessories — Dyeing and Finishing Machinery — Vocabulary of Ancillary Devices,,,,,,,,,,,https://standards.bis.gov.in/website/know-your-standards,https://standardsbis.bsbedge.com/,textile;machinery;accessories;dyeing;finishing;vocabulary;ancillary;devices,Know Your Standard - Bureau of Indian Standards,https://standards.bis.gov.in/website/know-your-standards,2026-09-07
IS 17361 : Part 7 : 2020 ( ISO 11111-7 : 2005),Textile Machinery - Safety Requirements Part 7 Dyeing and Finishing Machinery,,,,,,,,,,,https://standards.bis.gov.in/website/know-your-standards,https://standardsbis.bsbedge.com/,textile;machinery;safety;dyeing;finishing,Know Your Standard - Bureau of Indian Standards,https://standards.bis.gov.in/website/know-your-standards,2026-09-07
IS 17362 : Part 7 : 2020 ( ISO 9902-7 : 2001),Textile Machinery - Noise Test Code Part 7 Dyeing and Finishing Machinery,,,,,,,,,,,https://standards.bis.gov.in/website/know-your-standards,https://standardsbis.bsbedge.com/,textile;machinery;noise;dyeing;finishing,Know Your Standard - Bureau of Indian Standards,https://standards.bis.gov.in/website/know-your-standards,2026-09-07
IS 6153 : 1971,Protective Leather Clothing,,,,,,,,,,,https://standards.bis.gov.in/website/know-your-standards,https://standardsbis.bsbedge.com/,protective;leather;clothing,Know Your Standard - Bureau of Indian Standards,https://standards.bis.gov.in/website/know-your-standards,2026-09-07
IS 6994 : Part 9 : 2021 ( ISO 13999-1 :1999),Protection of Arms and Hands Part 9 Protective clothing - Gloves and arm guards protecting against cuts and stabs by hand knives- Chain-mail gloves and arm guards,,,,,,,,,,,https://standards.bis.gov.in/website/know-your-standards,https://standardsbis.bsbedge.com/,protection;arms;hands;protective;clothing;gloves;arm;guards;protecting;against;cuts;stabs,Know Your Standard - Bureau of Indian Standards,https://standards.bis.gov.in/website/know-your-standards,2026-09-07
IS 6994 : Part 10 : 2021 ( ISO 13999-2 : 2003),Protection of Arms and Hands Part 10 Protective clothing- Gloves and arm guards protecting against cuts and stabs by hand knives - Gloves and arm guards made of material other than chain mail,,,,,,,,,,,https://standards.bis.gov.in/website/know-your-standards,https://standardsbis.bsbedge.com/,protection;arms;hands;protective;clothing;gloves;arm;guards;protecting;against;cuts;stabs,Know Your Standard - Bureau of Indian Standards,https://standards.bis.gov.in/website/know-your-standards,2026-09-07
IS 6994 : Part 11 : 2021 ( ISO 13999-3 : 2002),"Protection of Arms and Hands Part 11 Protective clothing â€“ Gloves and arm guards protecting against cuts and stabs by hand knives - Impact cut test for fabric, leather and other materials",,,,,,,,,,,https://standards.bis.gov.in/website/know-your-standards,https://standardsbis.bsbedge.com/,protection;arms;hands;protective;clothing;gloves;arm;guards;protecting;against;cuts;stabs,Know Your Standard - Bureau of Indian Standards,https://standards.bis.gov.in/website/know-your-standards,2026-09-07
IS 6994 : Part 12 : 2021 ( ISO 11393-4 : 2018),Protection of Arms and Hands Part 12 Protective clothing for users of handheld chainsaws â€” Performance requirements and test methods for protective gloves,,,,,,,,,,,https://standards.bis.gov.in/website/know-your-standards,https://standardsbis.bsbedge.com/,protection;arms;hands;protective;clothing;users;handheld;chainsaws;performance;gloves,Know Your Standard - Bureau of Indian Standards,https://standards.bis.gov.in/website/know-your-standards,2026-09-07
IS 8519 : 2024,"Guide for Selection of Occupational Protective Clothing - Body Protection (Selection, Care and Maintenance)",,,,,,,,,,,https://standards.bis.gov.in/website/know-your-standards,https://standardsbis.bsbedge.com/,guide;selection;occupational;protective;clothing;body;protection;care;maintenance,Know Your Standard - Bureau of Indian Standards,https://standards.bis.gov.in/website/know-your-standards,2026-09-07
IS 10386 : Part 2 : 2013,"Safety Code for Construction, Operation and Maintenance of River Vally Projects Part 2 Amenities, Protective Clothing and Equipment",,,,,,,,,,,https://standards.bis.gov.in/website/know-your-standards,https://standardsbis.bsbedge.com/,safety;construction;operation;maintenance;river;vally;projects;amenities;protective;clothing;equipment,Know Your Standard - Bureau of Indian Standards,https://standards.bis.gov.in/website/know-your-standards,2026-09-07
IS 15071 : 2002,Chemical Protective Clothing Specification,,,,,,,,,,,https://standards.bis.gov.in/website/know-your-standards,https://standardsbis.bsbedge.com/,chemical;protective;clothing,Know Your Standard - Bureau of Indian Standards,https://standards.bis.gov.in/website/know-your-standards,2026-09-07
IS 15748 : 2022 ( ISO 11612 : 2015),Protective Clothing-Clothing to Protect Against Heat and Flame-Minimum Performance Requirements,,,,,,,,,,,https://standards.bis.gov.in/website/know-your-standards,https://standardsbis.bsbedge.com/,protective;clothing;protect;against;heat;flame;minimum;performance,Know Your Standard - Bureau of Indian Standards,https://standards.bis.gov.in/website/know-your-standards,2026-09-07
IS 15758 : Part 1 : 2020 ( ISO 9151 : 2016),Textiles — Protective Clothing Part 1 Determination of Heat Transmission on Exposure to Flame ( First Revision),,,,,,,,,,,https://standards.bis.gov.in/website/know-your-standards,https://standardsbis.bsbedge.com/,textiles;protective;clothing;determination;heat;transmission;exposure;flame;first;revision,Know Your Standard - Bureau of Indian Standards,https://standards.bis.gov.in/website/know-your-standards,2026-09-07
IS 15758 : Part 2 : 2007 ( ISO 6942 : 2002),Textiles - Protective clothing : Part 2 Assessment of material assemblies when exposed to source of radiant heat,,,,,,,,,,,https://standards.bis.gov.in/website/know-your-standards,https://standardsbis.bsbedge.com/,textiles;protective;clothing;assessment;material;assemblies;when;exposed;source;radiant;heat,Know Your Standard - Bureau of Indian Standards,https://standards.bis.gov.in/website/know-your-standards,2026-09-07
IS 15758 : Part 3 : 2007 ( ISO 6530 : 2005),Textiles - Protective clothing : Part 3 Test Methods for resistance of materials to penetration by liquids,,,,,,,,,,,https://standards.bis.gov.in/website/know-your-standards,https://standardsbis.bsbedge.com/,textiles;protective;clothing;resistance;materials;penetration;liquids,Know Your Standard - Bureau of Indian Standards,https://standards.bis.gov.in/website/know-your-standards,2026-09-07
IS 15758 : Part 4 : 2020 ( ISO 15025 : 2016),Textiles — Protective Clothing Part 4 Method of Test for Limited Flame Spread ( First Revision),,,,,,,,,,,https://standards.bis.gov.in/website/know-your-standards,https://standardsbis.bsbedge.com/,textiles;protective;clothing;limited;flame;spread;first;revision,Know Your Standard - Bureau of Indian Standards,https://standards.bis.gov.in/website/know-your-standards,2026-09-07
IS 15758 : Part 5 : 2020 ( ISO 9185 : 2007),Textiles — Protective Clothing Part 5 Assessment of Resistance of Materials to Molten Metal Splash ( First Revision ),,,,,,,,,,,https://standards.bis.gov.in/website/know-your-standards,https://standardsbis.bsbedge.com/,textiles;protective;clothing;assessment;resistance;materials;molten;metal;splash;first;revision,Know Your Standard - Bureau of Indian Standards,https://standards.bis.gov.in/website/know-your-standards,2026-09-07
IS 16545 : 2016 ( ISO 16604 : 2004),Clothing for Protection Against Contact with Blood and Body Fluids - Determination of Resistance of Protective Clothing Materials to Penetration by Blood-Borne Pathagens - Test Method Using Phi-X174 Bacteriophage,,,,,,,,,,,https://standards.bis.gov.in/website/know-your-standards,https://standardsbis.bsbedge.com/,clothing;protection;against;contact;blood;body;fluids;determination;resistance;protective;materials;penetration,Know Your Standard - Bureau of Indian Standards,https://standards.bis.gov.in/website/know-your-standards,2026-09-07
IS 16546 : 2016 ( ISO 16603 : 2004),Clothing for Protection Against Contact with Blood and Body Fluids - Determination of the Resistance of Protective Clothing Materials to Penetration by Blood and Body Fluids - Test Method Using Synthetic Blood,,,,,,,,,,,https://standards.bis.gov.in/website/know-your-standards,https://standardsbis.bsbedge.com/,clothing;protection;against;contact;blood;body;fluids;determination;resistance;protective;materials;penetration,Know Your Standard - Bureau of Indian Standards,https://standards.bis.gov.in/website/know-your-standards,2026-09-07
IS 16655 : 2017 ( ISO 11611 : 2015),Textiles- Protective Clothing for Use in Welding and Allied Processes,,,,,,,,,,,https://standards.bis.gov.in/website/know-your-standards,https://standardsbis.bsbedge.com/,textiles;protective;clothing;use;welding;allied;processes,Know Your Standard - Bureau of Indian Standards,https://standards.bis.gov.in/website/know-your-standards,2026-09-07
IS 16890 : 2024,Textiles-Protective Clothing for Firefighters-Specification,,,,,,,,,,,https://standards.bis.gov.in/website/know-your-standards,https://standardsbis.bsbedge.com/,textiles;protective;clothing;firefighters,Know Your Standard - Bureau of Indian Standards,https://standards.bis.gov.in/website/know-your-standards,2026-09-07
IS 17377 : Part 1 : 2020,Textiles — Nuclear Biological Chemical ( NBC ) Permeable Protective Clothing Part 1 Qualitative Method of Determining Breakthrough Time on Exposure to Chemical Warfare Agent — Sulfur Mustard ( HD ),,,,,,,,,,,https://standards.bis.gov.in/website/know-your-standards,https://standardsbis.bsbedge.com/,textiles;nuclear;biological;chemical;nbc;permeable;protective;clothing;qualitative;determining;breakthrough;time,Know Your Standard - Bureau of Indian Standards,https://standards.bis.gov.in/website/know-your-standards,2026-09-07
IS 17462 : Part 1 : 2020 ( ISO 12127-1 : 2015),Clothing for Protection against Heat and Flame - Determination of Contact Heat Transmission through Protective Clothing or Constituent Materials Part 1 Contact Heat Produced by Heating Cylinder,,,,,,,,,,,https://standards.bis.gov.in/website/know-your-standards,https://standardsbis.bsbedge.com/,clothing;protection;against;heat;flame;determination;contact;transmission;through;protective;constituent;materials,Know Your Standard - Bureau of Indian Standards,https://standards.bis.gov.in/website/know-your-standards,2026-09-07
IS 17462 : Part 2 : 2020 ( ISO 12127-2 : 2007),Clothing for Protection against Heat and Flame â€” Determination of Contact Heat Transmission through Protective Clothing or Constituent Materials Part 2 Test Method using Contact Heat Produced by Dropping Small Cylinders,,,,,,,,,,,https://standards.bis.gov.in/website/know-your-standards,https://standardsbis.bsbedge.com/,clothing;protection;against;heat;flame;determination;contact;transmission;through;protective;constituent;materials,Know Your Standard - Bureau of Indian Standards,https://standards.bis.gov.in/website/know-your-standards,2026-09-07
IS 17463 : 2020 ( ISO 13994:2005),Clothing for protection against liquid chemicals Determination of the resistance of protective clothing materials to penetration by liquids under pressure,,,,,,,,,,,https://standards.bis.gov.in/website/know-your-standards,https://standardsbis.bsbedge.com/,clothing;protection;against;liquid;chemicals;determination;resistance;protective;materials;penetration;liquids;under,Know Your Standard - Bureau of Indian Standards,https://standards.bis.gov.in/website/know-your-standards,2026-09-07
IS 17464 : 2020 ( ISO 13995 : 2000),Protective Clothing - Mechanical Properties - Test Method for the Determination of the Resistance to Puncture and Dynamic,,,,,,,,,,,https://standards.bis.gov.in/website/know-your-standards,https://standardsbis.bsbedge.com/,protective;clothing;mechanical;properties;determination;resistance;puncture;dynamic,Know Your Standard - Bureau of Indian Standards,https://standards.bis.gov.in/website/know-your-standards,2026-09-07
IS 17465 : 2020 ( ISO 13996 : 1999),Protective Clothing - Mechanical Properties - Determination of Resistance to Puncture,,,,,,,,,,,https://standards.bis.gov.in/website/know-your-standards,https://standardsbis.bsbedge.com/,protective;clothing;mechanical;properties;determination;resistance;puncture,Know Your Standard - Bureau of Indian Standards,https://standards.bis.gov.in/website/know-your-standards,2026-09-07
IS 17466 : 2020 ( ISO 13997 : 1999),Protective Clothing - Mechanical Properties - Determination of Resistance to Cutting by Sharp Objects,,,,,,,,,,,https://standards.bis.gov.in/website/know-your-standards,https://standardsbis.bsbedge.com/,protective;clothing;mechanical;properties;determination;resistance;cutting;sharp;objects,Know Your Standard - Bureau of Indian Standards,https://standards.bis.gov.in/website/know-your-standards,2026-09-07
IS 6566 : 2020 ( ISO 668 : 2020),"Series 1 Freight Containers â€” Classification, Dimensions and Ratings ( Fourth Revision )",,,,,,,,,,,https://standards.bis.gov.in/website/know-your-standards,https://standardsbis.bsbedge.com/,series;freight;containers;classification;dimensions;ratings;fourth;revision,Know Your Standard - Bureau of Indian Standards,https://standards.bis.gov.in/website/know-your-standards,2026-09-07
IS 6569 : 2004 ( ISO 830 : 1999),Freight containers - Vocabulary,,,,,,,,,,,https://standards.bis.gov.in/website/know-your-standards,https://standardsbis.bsbedge.com/,freight;containers;vocabulary,Know Your Standard - Bureau of Indian Standards,https://standards.bis.gov.in/website/know-your-standards,2026-09-07
IS 6865 : 1973,Pallets for Use in ISO Series 1 Freight Containers,,,,,,,,,,,https://standards.bis.gov.in/website/know-your-standards,https://standardsbis.bsbedge.com/,pallets;use;iso;series;freight;containers,Know Your Standard - Bureau of Indian Standards,https://standards.bis.gov.in/website/know-your-standards,2026-09-07
IS 6927 : Part 1 : 1973,ISO series 1 platform freight containers: Part 1 General requirements,,,,,,,,,,,https://standards.bis.gov.in/website/know-your-standards,https://standardsbis.bsbedge.com/,iso;series;platform;freight;containers,Know Your Standard - Bureau of Indian Standards,https://standards.bis.gov.in/website/know-your-standards,2026-09-07
IS 6927 : Part 2 : 1973,ISO series 1 platform freight containers Part 2 Testing,,,,,,,,,,,https://standards.bis.gov.in/website/know-your-standards,https://standardsbis.bsbedge.com/,iso;series;platform;freight;containers;testing,Know Your Standard - Bureau of Indian Standards,https://standards.bis.gov.in/website/know-your-standards,2026-09-07
IS 6928 : 2001 ( ISO 6346 : 1995),"Freight Containers - Coding, Identification and Marking",,,,,,,,,,,https://standards.bis.gov.in/website/know-your-standards,https://standardsbis.bsbedge.com/,freight;containers;coding;identification;marking,Know Your Standard - Bureau of Indian Standards,https://standards.bis.gov.in/website/know-your-standards,2026-09-07
IS 6929 : Part 1 : 1985,ISO series 1 general cargo freight containers for general purposes: Part 1 General requirements,,,,,,,,,,,https://standards.bis.gov.in/website/know-your-standards,https://standardsbis.bsbedge.com/,iso;series;cargo;freight;containers;purposes,Know Your Standard - Bureau of Indian Standards,https://standards.bis.gov.in/website/know-your-standards,2026-09-07
IS 6929 : Part 2 : 1985,ISO series 1 general cargo freight containers for general purposes: Part 2 Testing,,,,,,,,,,,https://standards.bis.gov.in/website/know-your-standards,https://standardsbis.bsbedge.com/,iso;series;cargo;freight;containers;purposes;testing,Know Your Standard - Bureau of Indian Standards,https://standards.bis.gov.in/website/know-your-standards,2026-09-07
IS 7195 : Part 1 : 1974,Domestic freight containers: Part 1 Dimensions and ratings,,,,,,,,,,,https://standards.bis.gov.in/website/know-your-standards,https://standardsbis.bsbedge.com/,domestic;freight;containers;dimensions;ratings,Know Your Standard - Bureau of Indian Standards,https://standards.bis.gov.in/website/know-your-standards,2026-09-07
IS 7195 : Part 2 : 1975,Domestic freight containers: Part 2 Corner fittings,,,,,,,,,,,https://standards.bis.gov.in/website/know-your-standards,https://standardsbis.bsbedge.com/,domestic;freight;containers;corner;fittings,Know Your Standard - Bureau of Indian Standards,https://standards.bis.gov.in/website/know-your-standards,2026-09-07
IS 7195 : Part 3 : 1974,Domestic freight containers: Part 3 Handling and maintenance,,,,,,,,,,,https://standards.bis.gov.in/website/know-your-standards,https://standardsbis.bsbedge.com/,domestic;freight;containers;handling;maintenance,Know Your Standard - Bureau of Indian Standards,https://standards.bis.gov.in/website/know-your-standards,2026-09-07
IS 7622 : 2021 ( ISO 3874 : 2017),Series 1 Freight Containers - Handling and Securing ( Third Revision ),,,,,,,,,,,https://standards.bis.gov.in/website/know-your-standards,https://standardsbis.bsbedge.com/,series;freight;containers;handling;securing;third;revision,Know Your Standard - Bureau of Indian Standards,https://standards.bis.gov.in/website/know-your-standards,2026-09-07
IS 7694 : 2021 ( ISO 1161 : 2016),Series 1 freight containers Corner and intermediate fittings Specifications,,,,,,,,,,,https://standards.bis.gov.in/website/know-your-standards,https://standardsbis.bsbedge.com/,series;freight;containers;corner;intermediate;fittings,Know Your Standard - Bureau of Indian Standards,https://standards.bis.gov.in/website/know-your-standards,2026-09-07
IS 7865 : 1975,General requirements of 8 tonnes hooks for lifting ISO series 1 freight containers of upto 30 tonnes capacity,,,,,,,,,,,https://standards.bis.gov.in/website/know-your-standards,https://standardsbis.bsbedge.com/,tonnes;hooks;lifting;iso;series;freight;containers;upto;capacity,Know Your Standard - Bureau of Indian Standards,https://standards.bis.gov.in/website/know-your-standards,2026-09-07
IS 7917 : 1994 ( ISO 8323 : 1985),Freight Containers - Air/Surface (Intermodal) General Purpose Containers and Tests,,,,,,,,,,,https://standards.bis.gov.in/website/know-your-standards,https://standardsbis.bsbedge.com/,freight;containers;air;surface;intermodal;purpose,Know Your Standard - Bureau of Indian Standards,https://standards.bis.gov.in/website/know-your-standards,2026-09-07
IS 8575 : Part 1 : 1977,"Series 1 freight containers, platform based open-sided with complete superstructure: Part 1 General requirements",,,,,,,,,,,https://standards.bis.gov.in/website/know-your-standards,https://standardsbis.bsbedge.com/,series;freight;containers;platform;based;open;sided;complete;superstructure,Know Your Standard - Bureau of Indian Standards,https://standards.bis.gov.in/website/know-your-standards,2026-09-07
IS 8575 : Part 2 : 1977,"Series 1 freight containers, platform based open-sided with complete superstructure: Part 2 Testing",,,,,,,,,,,https://standards.bis.gov.in/website/know-your-standards,https://standardsbis.bsbedge.com/,series;freight;containers;platform;based;open;sided;complete;superstructure;testing,Know Your Standard - Bureau of Indian Standards,https://standards.bis.gov.in/website/know-your-standards,2026-09-07
IS 9384 : 1979,Consolidated Data Plate for Freight Containers,,,,,,,,,,,https://standards.bis.gov.in/website/know-your-standards,https://standardsbis.bsbedge.com/,consolidated;data;plate;freight;containers,Know Your Standard - Bureau of Indian Standards,https://standards.bis.gov.in/website/know-your-standards,2026-09-07
IS 10223 : 2023,"General Requirements for Tow-Castor, System for Transportation of Freight Containers",,,,,,,,,,,https://standards.bis.gov.in/website/know-your-standards,https://standardsbis.bsbedge.com/,tow;castor;system;transportation;freight;containers,Know Your Standard - Bureau of Indian Standards,https://standards.bis.gov.in/website/know-your-standards,2026-09-07
IS/ISO 10368 : 2006 ( ISO 10368:2006),Freight Thermal Containers Remote Condition Monitoring,,,,,,,,,,,https://standards.bis.gov.in/website/know-your-standards,https://standardsbis.bsbedge.com/,freight;thermal;containers;remote;condition;monitoring,Know Your Standard - Bureau of Indian Standards,https://standards.bis.gov.in/website/know-your-standards,2026-09-07
IS 10880 : 2006,Twistlocks for Lifting Freight Containers,,,,,,,,,,,https://standards.bis.gov.in/website/know-your-standards,https://standardsbis.bsbedge.com/,twistlocks;lifting;freight;containers,Know Your Standard - Bureau of Indian Standards,https://standards.bis.gov.in/website/know-your-standards,2026-09-07
IS 11466 : Part 1 : 1985,"Guidelines for packing, stowage and securing of cargo inside the freight containers, Part 1 General cargo",,,,,,,,,,,https://standards.bis.gov.in/website/know-your-standards,https://standardsbis.bsbedge.com/,guidelines;packing;stowage;securing;cargo;inside;freight;containers,Know Your Standard - Bureau of Indian Standards,https://standards.bis.gov.in/website/know-your-standards,2026-09-07
IS 11466 : Part 2 : 1985,"Guidelines for packing, stowage and securing of cargo inside the freight containers, Part 2 Dangerous goods",,,,,,,,,,,https://standards.bis.gov.in/website/know-your-standards,https://standardsbis.bsbedge.com/,guidelines;packing;stowage;securing;cargo;inside;freight;containers;dangerous;goods,Know Your Standard - Bureau of Indian Standards,https://standards.bis.gov.in/website/know-your-standards,2026-09-07
IS 13112 : 1991,Cargo securing systems for general purpose freight containers - General requirements,,,,,,,,,,,https://standards.bis.gov.in/website/know-your-standards,https://standardsbis.bsbedge.com/,cargo;securing;systems;purpose;freight;containers,Know Your Standard - Bureau of Indian Standards,https://standards.bis.gov.in/website/know-your-standards,2026-09-07
IS 13288 : Part 1 : 2021 ( ISO 1496-1 : 2013),Series 1 Freight Containers - Specification and Testing Part 1 General Cargo Containers for General Purposes ( First Revision ),,,,,,,,,,,https://standards.bis.gov.in/website/know-your-standards,https://standardsbis.bsbedge.com/,series;freight;containers;testing;cargo;purposes;first;revision,Know Your Standard - Bureau of Indian Standards,https://standards.bis.gov.in/website/know-your-standards,2026-09-07
IS 17799 : 2022,Unmanned Aerial Vehicles UAV - Drones for Agricultural Purposes,,,,,,,,,,,https://standards.bis.gov.in/website/know-your-standards,https://standardsbis.bsbedge.com/,unmanned;aerial;vehicles;uav;drones;agricultural;purposes,Know Your Standard - Bureau of Indian Standards,https://standards.bis.gov.in/website/know-your-standards,2026-09-07
IS 18381 : Part 1 : 2023,Unmanned Aerial Vehicles (Uav) - General Requirements - Part 1 Applications Other Than Military Purposes,,,,,,,,,,,https://standards.bis.gov.in/website/know-your-standards,https://standardsbis.bsbedge.com/,unmanned;aerial;vehicles;uav;applications;other;than;military;purposes,Know Your Standard - Bureau of Indian Standards,https://standards.bis.gov.in/website/know-your-standards,2026-09-07
IS 7079 : 2008,Automotive vehicles - Brake hose assemblies for hydraulic braking systems used with non-petroleum base brake fluid,,,,,,,,,,,https://standards.bis.gov.in/website/know-your-standards,https://standardsbis.bsbedge.com/,automotive;vehicles;brake;hose;assemblies;hydraulic;braking;systems;used;non;petroleum;base,Know Your Standard - Bureau of Indian Standards,https://standards.bis.gov.in/website/know-your-standards,2026-09-07
IS 11852 : Part 1 : 2001,Automotive Vehicles - Brakes And Braking Systems : Part 1 Terminology,,,,,,,,,,,https://standards.bis.gov.in/website/know-your-standards,https://standardsbis.bsbedge.com/,automotive;vehicles;brakes;braking;systems;terminology,Know Your Standard - Bureau of Indian Standards,https://standards.bis.gov.in/website/know-your-standards,2026-09-07
IS 11852 : Part 2 : 2001,Automotive Vehicles - Brakes and Braking Systems - Part 2 : General Functions and Features,,,,,,,,,,,https://standards.bis.gov.in/website/know-your-standards,https://standardsbis.bsbedge.com/,automotive;vehicles;brakes;braking;systems;functions;features,Know Your Standard - Bureau of Indian Standards,https://standards.bis.gov.in/website/know-your-standards,2026-09-07
IS 11852 : Part 3 : 2001,Automotive vehicles - brakes and braking systems : Part 3 Performance requirements and evaluation,,,,,,,,,,,https://standards.bis.gov.in/website/know-your-standards,https://standardsbis.bsbedge.com/,automotive;vehicles;brakes;braking;systems;performance;evaluation,Know Your Standard - Bureau of Indian Standards,https://standards.bis.gov.in/website/know-your-standards,2026-09-07
IS 11852 : Part 4 : 2001,Automotive Vehicles - Brakes and Braking Systems - Part 4 Compressed Air and Air Assisted Brakes - Special Requirements,,,,,,,,,,,https://standards.bis.gov.in/website/know-your-standards,https://standardsbis.bsbedge.com/,automotive;vehicles;brakes;braking;systems;compressed;air;assisted;special,Know Your Standard - Bureau of Indian Standards,https://standards.bis.gov.in/website/know-your-standards,2026-09-07
IS 11852 : Part 5 : 2001,Automotive Vehicles - Brakes And Braking Systems : Part 5 Compressed Air And Air Assisted Brakes - Pressure Test Connections,,,,,,,,,,,https://standards.bis.gov.in/website/know-your-standards,https://standardsbis.bsbedge.com/,automotive;vehicles;brakes;braking;systems;compressed;air;assisted;pressure;connections,Know Your Standard - Bureau of Indian Standards,https://standards.bis.gov.in/website/know-your-standards,2026-09-07
IS 11852 : Part 6 : 2001,Automotive Vehicles - Brakes And Braking Systems : Part 6 Vacuum Braking System - Special Requirements,,,,,,,,,,,https://standards.bis.gov.in/website/know-your-standards,https://standardsbis.bsbedge.com/,automotive;vehicles;brakes;braking;systems;vacuum;system;special,Know Your Standard - Bureau of Indian Standards,https://standards.bis.gov.in/website/know-your-standards,2026-09-07
IS 11852 : Part 7 : 2001,Automotive Vehicles - Brakes and Braking Systems - Part 7 : Inertia Dynamometer Test Method for Brake Lining,,,,,,,,,,,https://standards.bis.gov.in/website/know-your-standards,https://standardsbis.bsbedge.com/,automotive;vehicles;brakes;braking;systems;inertia;dynamometer;brake;lining,Know Your Standard - Bureau of Indian Standards,https://standards.bis.gov.in/website/know-your-standards,2026-09-07
IS 11852 : Part 8 : 2001,Automotive Vehicles - Brakes and Braking Systems - Part 8 : Test Procedures,,,,,,,,,,,https://standards.bis.gov.in/website/know-your-standards,https://standardsbis.bsbedge.com/,automotive;vehicles;brakes;braking;systems;procedures,Know Your Standard - Bureau of Indian Standards,https://standards.bis.gov.in/website/know-your-standards,2026-09-07
IS 11852 : Part 9 : 2003,Automotive Vehicles - Brakes and Braking Systems - Part 9 : Requirements for Vehicles Equipped with Anti-Lock Braking Systems,,,,,,,,,,,https://standards.bis.gov.in/website/know-your-standards,https://standardsbis.bsbedge.com/,automotive;vehicles;brakes;braking;systems;equipped;anti;lock,Know Your Standard - Bureau of Indian Standards,https://standards.bis.gov.in/website/know-your-standards,2026-09-07
IS 12821 : 2017,"Automotive Vehicles - Braking Systems, Tube Connections - Dimensions (First Revision)",,,,,,,,,,,https://standards.bis.gov.in/website/know-your-standards,https://standardsbis.bsbedge.com/,automotive;vehicles;braking;systems;tube;connections;dimensions;first;revision,Know Your Standard - Bureau of Indian Standards,https://standards.bis.gov.in/website/know-your-standards,2026-09-07
IS 12831 : 1989,Automotive Vehicles - Braking Systems - Banjo Bolt Connections - Dimensions,,,,,,,,,,,https://standards.bis.gov.in/website/know-your-standards,https://standardsbis.bsbedge.com/,automotive;vehicles;braking;systems;banjo;bolt;connections;dimensions,Know Your Standard - Bureau of Indian Standards,https://standards.bis.gov.in/website/know-your-standards,2026-09-07
IS 12884 : 2015,"Automotive Vechicles - Braking Systems, Rubber Boots for Brake Wheel Cylinders - Performance Requirements (First Revision)",,,,,,,,,,,https://standards.bis.gov.in/website/know-your-standards,https://standardsbis.bsbedge.com/,automotive;vechicles;braking;systems;rubber;boots;brake;wheel;cylinders;performance;first;revision,Know Your Standard - Bureau of Indian Standards,https://standards.bis.gov.in/website/know-your-standards,2026-09-07
IS 13207 : 2024,Automotive Vehicles-Hydraulic Braking Systems-Wheel Cylinder Performance Requirements,,,,,,,,,,,https://standards.bis.gov.in/website/know-your-standards,https://standardsbis.bsbedge.com/,automotive;vehicles;hydraulic;braking;systems;wheel;cylinder;performance,Know Your Standard - Bureau of Indian Standards,https://standards.bis.gov.in/website/know-your-standards,2026-09-07
IS 13224 : 1991,Automotive Vehicle Hydraulic Braking Systems - Master Cylinder - Performance Requirements,,,,,,,,,,,https://standards.bis.gov.in/website/know-your-standards,https://standardsbis.bsbedge.com/,automotive;vehicle;hydraulic;braking;systems;master;cylinder;performance,Know Your Standard - Bureau of Indian Standards,https://standards.bis.gov.in/website/know-your-standards,2026-09-07
IS 13225 : 2024,Automotive Vehicles-Hydraulic Braking Systems-Rubber Cups-Specification,,,,,,,,,,,https://standards.bis.gov.in/website/know-your-standards,https://standardsbis.bsbedge.com/,automotive;vehicles;hydraulic;braking;systems;rubber;cups,Know Your Standard - Bureau of Indian Standards,https://standards.bis.gov.in/website/know-your-standards,2026-09-07
IS 13249 : 2014 ( IEC Pub 636  : 1979),Automotive Vehicles - Braking Systems - Rubber Seal for Disc Brake Cylinder - Performance Requirements,,,,,,,,,,,https://standards.bis.gov.in/website/know-your-standards,https://standardsbis.bsbedge.com/,automotive;vehicles;braking;systems;rubber;seal;disc;brake;cylinder;performance,Know Your Standard - Bureau of Indian Standards,https://standards.bis.gov.in/website/know-your-standards,2026-09-07
IS 13453 : 1994,Automotive Vehicles - Braking Systems - Method of Test on Brake Dynamometer for Two and Three Wheelers,,,,,,,,,,,https://standards.bis.gov.in/website/know-your-standards,https://standardsbis.bsbedge.com/,automotive;vehicles;braking;systems;brake;dynamometer;two;three;wheelers,Know Your Standard - Bureau of Indian Standards,https://standards.bis.gov.in/website/know-your-standards,2026-09-07
IS 14121 : 1995,Automotive vehicles - braking systems - test procedure for two and three wheelers,,,,,,,,,,,https://standards.bis.gov.in/website/know-your-standards,https://standardsbis.bsbedge.com/,automotive;vehicles;braking;systems;procedure;two;three;wheelers,Know Your Standard - Bureau of Indian Standards,https://standards.bis.gov.in/website/know-your-standards,2026-09-07
IS 10250 : 1982,Severities for Environmental Test for Automotive Electrical Equipment,,,,,,,,,,,https://standards.bis.gov.in/website/know-your-standards,https://standardsbis.bsbedge.com/,severities;environmental;automotive;electrical;equipment,Know Your Standard - Bureau of Indian Standards,https://standards.bis.gov.in/website/know-your-standards,2026-09-07
IS 623 : 2025,Bicycles - Bicycle Frames - Specification,,,,,,,,,,,https://standards.bis.gov.in/website/know-your-standards,https://standardsbis.bsbedge.com/,bicycles;bicycle;frames,Know Your Standard - Bureau of Indian Standards,https://standards.bis.gov.in/website/know-your-standards,2026-09-07
IS 625 : 2025,Bicycles Handle Bar - Specification,,,,,,,,,,,https://standards.bis.gov.in/website/know-your-standards,https://standardsbis.bsbedge.com/,bicycles;handle;bar,Know Your Standard - Bureau of Indian Standards,https://standards.bis.gov.in/website/know-your-standards,2026-09-07
IS 628 : 2025,Bicycles - Pedal Assembly - Specification,,,,,,,,,,,https://standards.bis.gov.in/website/know-your-standards,https://standardsbis.bsbedge.com/,bicycles;pedal;assembly,Know Your Standard - Bureau of Indian Standards,https://standards.bis.gov.in/website/know-your-standards,2026-09-07
IS 629 : 2025,Bicycles - Hub Assembly - Specification,,,,,,,,,,,https://standards.bis.gov.in/website/know-your-standards,https://standardsbis.bsbedge.com/,bicycles;hub;assembly,Know Your Standard - Bureau of Indian Standards,https://standards.bis.gov.in/website/know-your-standards,2026-09-07
IS 960 : 2005,Bicycles Rim Tapes and Buckles,,,,,,,,,,,https://standards.bis.gov.in/website/know-your-standards,https://standardsbis.bsbedge.com/,bicycles;rim;tapes;buckles,Know Your Standard - Bureau of Indian Standards,https://standards.bis.gov.in/website/know-your-standards,2026-09-07
IS 1281 : 2025,Bicycles - Cranks and Chain Wheels - Specification,,,,,,,,,,,https://standards.bis.gov.in/website/know-your-standards,https://standardsbis.bsbedge.com/,bicycles;cranks;chain;wheels,Know Your Standard - Bureau of Indian Standards,https://standards.bis.gov.in/website/know-your-standards,2026-09-07
IS 1283 : 1995,Bicycles - Free-wheels,,,,,,,,,,,https://standards.bis.gov.in/website/know-your-standards,https://standardsbis.bsbedge.com/,bicycles;free;wheels,Know Your Standard - Bureau of Indian Standards,https://standards.bis.gov.in/website/know-your-standards,2026-09-07
IS 2061 : 2025,Bicycles - Front Forks - Specification,,,,,,,,,,,https://standards.bis.gov.in/website/know-your-standards,https://standardsbis.bsbedge.com/,bicycles;front;forks,Know Your Standard - Bureau of Indian Standards,https://standards.bis.gov.in/website/know-your-standards,2026-09-07
IS 8715 : 1978,Code of practice for packaging of bicycles for export,,,,,,,,,,,https://standards.bis.gov.in/website/know-your-standards,https://standardsbis.bsbedge.com/,packaging;bicycles;export,Know Your Standard - Bureau of Indian Standards,https://standards.bis.gov.in/website/know-your-standards,2026-09-07
IS 10613 : 2023,Cycles-Safety and Performance Requirements for Bicycles,,,,,,,,,,,https://standards.bis.gov.in/website/know-your-standards,https://standardsbis.bsbedge.com/,cycles;safety;performance;bicycles,Know Your Standard - Bureau of Indian Standards,https://standards.bis.gov.in/website/know-your-standards,2026-09-07
IS 10616 : 1983,Methods of tests for bicycles and sub-assemblies,,,,,,,,,,,https://standards.bis.gov.in/website/know-your-standards,https://standardsbis.bsbedge.com/,bicycles;sub;assemblies,Know Your Standard - Bureau of Indian Standards,https://standards.bis.gov.in/website/know-your-standards,2026-09-07
IS 14221 : Part 1 : 2015,Retro-Reflective Tapes - Specification Part 1 Bicycles ( First Revision ),,,,,,,,,,,https://standards.bis.gov.in/website/know-your-standards,https://standardsbis.bsbedge.com/,retro;reflective;tapes;bicycles;first;revision,Know Your Standard - Bureau of Indian Standards,https://standards.bis.gov.in/website/know-your-standards,2026-09-07
IS 14363 : 2018 ( ISO 11243 : 2016),Cycles- Luggage Carriers for Bicycles- Requirements & Test Methods (Second Revision),,,,,,,,,,,https://standards.bis.gov.in/website/know-your-standards,https://standardsbis.bsbedge.com/,cycles;luggage;carriers;bicycles;second;revision,Know Your Standard - Bureau of Indian Standards,https://standards.bis.gov.in/website/know-your-standards,2026-09-07
IS 15184 : 2002,Bicycles - Steel Balls,,,,,,,,,,,https://standards.bis.gov.in/website/know-your-standards,https://standardsbis.bsbedge.com/,bicycles;steel;balls,Know Your Standard - Bureau of Indian Standards,https://standards.bis.gov.in/website/know-your-standards,2026-09-07
IS 15533 : 2024 ( ISO 8098 : 2023),Cycles - Safety Requirements for Bicycles for Young Children,,,,,,,,,,,https://standards.bis.gov.in/website/know-your-standards,https://standardsbis.bsbedge.com/,cycles;safety;bicycles;young;children,Know Your Standard - Bureau of Indian Standards,https://standards.bis.gov.in/website/know-your-standards,2026-09-07
IS 17801 : Part 2 : 2022 ( ISO 20957-5 : 2016),"Stationary Training Equipment - Part 2 Stationary Exercise Bicycles and Upper Body Crank Training Equipment, Additional Specific Safety Requirements and Test Methods",,,,,,,,,,,https://standards.bis.gov.in/website/know-your-standards,https://standardsbis.bsbedge.com/,stationary;training;equipment;exercise;bicycles;upper;body;crank;additional;specific;safety,Know Your Standard - Bureau of Indian Standards,https://standards.bis.gov.in/website/know-your-standards,2026-09-07
IS 18808 : 2025,"Protective Helmet for Users of Bicycles, Skateboards and Roller Skates - Specification",,,,,,,,,,,https://standards.bis.gov.in/website/know-your-standards,https://standardsbis.bsbedge.com/,protective;helmet;users;bicycles;skateboards;roller;skates,Know Your Standard - Bureau of Indian Standards,https://standards.bis.gov.in/website/know-your-standards,2026-09-07
IS 19034 : 2024,BMX Bicycles-Safety Requirements and Methods of Test,,,,,,,,,,,https://standards.bis.gov.in/website/know-your-standards,https://standardsbis.bsbedge.com/,bmx;bicycles;safety,Know Your Standard - Bureau of Indian Standards,https://standards.bis.gov.in/website/know-your-standards,2026-09-07
IS 19307 : 2025,Bicycles Brakes - Specification,,,,,,,,,,,https://standards.bis.gov.in/website/know-your-standards,https://standardsbis.bsbedge.com/,bicycles;brakes,Know Your Standard - Bureau of Indian Standards,https://standards.bis.gov.in/website/know-your-standards,2026-09-07
IS 1252 : 2025,Hot Rolled Steel Sections for Shipbuilding - Dimensions and Tolerances,,,,,,,,,,,https://standards.bis.gov.in/website/know-your-standards,https://standardsbis.bsbedge.com/,hot;rolled;steel;sections;shipbuilding;dimensions;tolerances,Know Your Standard - Bureau of Indian Standards,https://standards.bis.gov.in/website/know-your-standards,2026-09-07
IS 1864 : 1979,Hot-rolled steel L-sections for shipbuilding -,,,,,,,,,,,https://standards.bis.gov.in/website/know-your-standards,https://standardsbis.bsbedge.com/,hot;rolled;steel;sections;shipbuilding,Know Your Standard - Bureau of Indian Standards,https://standards.bis.gov.in/website/know-your-standards,2026-09-07
IS 3261 : 1980,Carbon Steel Forgings For Shipbuilding Industry,,,,,,,,,,,https://standards.bis.gov.in/website/know-your-standards,https://standardsbis.bsbedge.com/,carbon;steel;forgings;shipbuilding;industry,Know Your Standard - Bureau of Indian Standards,https://standards.bis.gov.in/website/know-your-standards,2026-09-07
IS 3298 : 1981,Mild Steel Rivet Bars For Shipbuilding,,,,,,,,,,,https://standards.bis.gov.in/website/know-your-standards,https://standardsbis.bsbedge.com/,mild;steel;rivet;bars;shipbuilding,Know Your Standard - Bureau of Indian Standards,https://standards.bis.gov.in/website/know-your-standards,2026-09-07
IS 3947 : 1994,"Shipbuilding - Testing, installation and maintenance of marine portable fire appliances - Code of practice",,,,,,,,,,,https://standards.bis.gov.in/website/know-your-standards,https://standardsbis.bsbedge.com/,shipbuilding;testing;installation;maintenance;marine;portable;fire;appliances,Know Your Standard - Bureau of Indian Standards,https://standards.bis.gov.in/website/know-your-standards,2026-09-07
IS 3979 : 1998,Shipbuilding - Testing of Marine Diesel Engines - Code of Practice,,,,,,,,,,,https://standards.bis.gov.in/website/know-your-standards,https://standardsbis.bsbedge.com/,shipbuilding;testing;marine;diesel;engines,Know Your Standard - Bureau of Indian Standards,https://standards.bis.gov.in/website/know-your-standards,2026-09-07
IS 4337 : 1967,Shipbuilding - goose-neck and derrick heel fittings for light load derricks,,,,,,,,,,,https://standards.bis.gov.in/website/know-your-standards,https://standardsbis.bsbedge.com/,shipbuilding;goose;neck;derrick;heel;fittings;light;load;derricks,Know Your Standard - Bureau of Indian Standards,https://standards.bis.gov.in/website/know-your-standards,2026-09-07
IS 4484 : 2013,Shipbuilding — Electrically Welded Stud Link Anchor Chains and Connecting Shackles and Swivels,,,,,,,,,,,https://standards.bis.gov.in/website/know-your-standards,https://standardsbis.bsbedge.com/,shipbuilding;electrically;welded;stud;link;anchor;chains;connecting;shackles;swivels,Know Your Standard - Bureau of Indian Standards,https://standards.bis.gov.in/website/know-your-standards,2026-09-07
IS 4562 : 1997,"Shipbuilding - Portable Chemical Fire Extinguishers, Foam Type for Marine Use",,,,,,,,,,,https://standards.bis.gov.in/website/know-your-standards,https://standardsbis.bsbedge.com/,shipbuilding;portable;chemical;fire;extinguishers;foam;type;marine;use,Know Your Standard - Bureau of Indian Standards,https://standards.bis.gov.in/website/know-your-standards,2026-09-07
IS 4732 : 1968,Specificaiton for Rivets for Shipbuilding,,,,,,,,,,,https://standards.bis.gov.in/website/know-your-standards,https://standardsbis.bsbedge.com/,specificaiton;rivets;shipbuilding,Know Your Standard - Bureau of Indian Standards,https://standards.bis.gov.in/website/know-your-standards,2026-09-07
IS 5113 : 2021 ( ISO 3730:2012),Shipbuilding and marine structures - Mooring winches (Third Revision),,,,,,,,,,,https://standards.bis.gov.in/website/know-your-standards,https://standardsbis.bsbedge.com/,shipbuilding;marine;structures;mooring;winches;third;revision,Know Your Standard - Bureau of Indian Standards,https://standards.bis.gov.in/website/know-your-standards,2026-09-07
IS 5221 : 1997,Shipbuilding - Bearngs for derric gosseneck assemblies and components,,,,,,,,,,,https://standards.bis.gov.in/website/know-your-standards,https://standardsbis.bsbedge.com/,shipbuilding;bearngs;derric;gosseneck;assemblies;components,Know Your Standard - Bureau of Indian Standards,https://standards.bis.gov.in/website/know-your-standards,2026-09-07
IS 5289 : 1989,Shipbuilding - Magnetic Compasses and Binnacles - Glossary of Terms,,,,,,,,,,,https://standards.bis.gov.in/website/know-your-standards,https://standardsbis.bsbedge.com/,shipbuilding;magnetic;compasses;binnacles;glossary;terms,Know Your Standard - Bureau of Indian Standards,https://standards.bis.gov.in/website/know-your-standards,2026-09-07
IS 5474 : 2012,ShipBuilding — Ships' Side Scuttles,,,,,,,,,,,https://standards.bis.gov.in/website/know-your-standards,https://standardsbis.bsbedge.com/,shipbuilding;ships;side;scuttles,Know Your Standard - Bureau of Indian Standards,https://standards.bis.gov.in/website/know-your-standards,2026-09-07
IS 5876 : 2008,Shipbuilding - Hopper Scuppers,,,,,,,,,,,https://standards.bis.gov.in/website/know-your-standards,https://standardsbis.bsbedge.com/,shipbuilding;hopper;scuppers,Know Your Standard - Bureau of Indian Standards,https://standards.bis.gov.in/website/know-your-standards,2026-09-07
IS 5971 : 2011,Shipbuilding — Strum Boxes,,,,,,,,,,,https://standards.bis.gov.in/website/know-your-standards,https://standardsbis.bsbedge.com/,shipbuilding;strum;boxes,Know Your Standard - Bureau of Indian Standards,https://standards.bis.gov.in/website/know-your-standards,2026-09-07
IS 7937 : 2012 ( ISO 4568 : 2006),Shipbuilding- Sea- Going Vessels- Windlasses and anchor capstans,,,,,,,,,,,https://standards.bis.gov.in/website/know-your-standards,https://standardsbis.bsbedge.com/,shipbuilding;sea;going;vessels;windlasses;anchor;capstans,Know Your Standard - Bureau of Indian Standards,https://standards.bis.gov.in/website/know-your-standards,2026-09-07
IS 8150 : 1997,"Shipbuilding - 45 Litre Capacity Chemical Foam Type Fire Engine, for Marine Use",,,,,,,,,,,https://standards.bis.gov.in/website/know-your-standards,https://standardsbis.bsbedge.com/,shipbuilding;litre;capacity;chemical;foam;type;fire;engine;marine;use,Know Your Standard - Bureau of Indian Standards,https://standards.bis.gov.in/website/know-your-standards,2026-09-07
IS 8450 : 2009 ( ISO 9519 : 1990),Shipbuilding and marine structures - rungs for dog-step ladders,,,,,,,,,,,https://standards.bis.gov.in/website/know-your-standards,https://standardsbis.bsbedge.com/,shipbuilding;marine;structures;rungs;dog;step;ladders,Know Your Standard - Bureau of Indian Standards,https://standards.bis.gov.in/website/know-your-standards,2026-09-07
IS 8638 : 2006 ( ISO 2269 : 1992),"Shipbuilding - Class A magnetic compasses, azimuth reading devices and binnacles - Tests and certifications",,,,,,,,,,,https://standards.bis.gov.in/website/know-your-standards,https://standardsbis.bsbedge.com/,shipbuilding;class;magnetic;compasses;azimuth;reading;devices;binnacles;certifications,Know Your Standard - Bureau of Indian Standards,https://standards.bis.gov.in/website/know-your-standards,2026-09-07
IS 8638 : Part 1 to 3 : 1989,"Shipbuilding - Class A magnetic compasses, binnacles and azimuth reading devices - Code for testing and certification",,,,,,,,,,,https://standards.bis.gov.in/website/know-your-standards,https://standardsbis.bsbedge.com/,shipbuilding;class;magnetic;compasses;binnacles;azimuth;reading;devices;testing;certification,Know Your Standard - Bureau of Indian Standards,https://standards.bis.gov.in/website/know-your-standards,2026-09-07
IS 8650 : 2015,Shipbuilding and Marine Structures - Deck Machinery - Vocabulary and Symbols (Second Revision),,,,,,,,,,,https://standards.bis.gov.in/website/know-your-standards,https://standardsbis.bsbedge.com/,shipbuilding;marine;structures;deck;machinery;vocabulary;symbols;second;revision,Know Your Standard - Bureau of Indian Standards,https://standards.bis.gov.in/website/know-your-standards,2026-09-07
IS 8712 : Part 1 : 1978,"Guidelines for co-ordination of dimensions in shipbuilding, Part 1 Principles of dimensional co-ordination",,,,,,,,,,,https://standards.bis.gov.in/website/know-your-standards,https://standardsbis.bsbedge.com/,guidelines;ordination;dimensions;shipbuilding;principles;dimensional,Know Your Standard - Bureau of Indian Standards,https://standards.bis.gov.in/website/know-your-standards,2026-09-07
IS 8712 : Part 2 : 1978,"Guidelines for co-ordination of dimensions in shipbuilding, Part 2 Glossary of terms",,,,,,,,,,,https://standards.bis.gov.in/website/know-your-standards,https://standardsbis.bsbedge.com/,guidelines;ordination;dimensions;shipbuilding;glossary;terms,Know Your Standard - Bureau of Indian Standards,https://standards.bis.gov.in/website/know-your-standards,2026-09-07
IS 7774 : Part 1 : 1975,Glossary of terms relating to transport tractors and trailers: Part 1 Basic terms,,,,,,,,,,,https://standards.bis.gov.in/website/know-your-standards,https://standardsbis.bsbedge.com/,glossary;terms;relating;transport;tractors;trailers;basic,Know Your Standard - Bureau of Indian Standards,https://standards.bis.gov.in/website/know-your-standards,2026-09-07
IS 7774 : Part 2 : 2003,Glossary of Terms Relating to Transport Tractors and Trailers: Part 2 Dimensions,,,,,,,,,,,https://standards.bis.gov.in/website/know-your-standards,https://standardsbis.bsbedge.com/,glossary;terms;relating;transport;tractors;trailers;dimensions,Know Your Standard - Bureau of Indian Standards,https://standards.bis.gov.in/website/know-your-standards,2026-09-07
IS 12606 : 1989,Transport Tractors and Trailers - Static Load on Ball Couplings,,,,,,,,,,,https://standards.bis.gov.in/website/know-your-standards,https://standardsbis.bsbedge.com/,transport;tractors;trailers;static;load;ball;couplings,Know Your Standard - Bureau of Indian Standards,https://standards.bis.gov.in/website/know-your-standards,2026-09-07
IS 15101 : 2002,Transport Tractors and Trailers Fifth Wheel Couplings - Strength Tests,,,,,,,,,,,https://standards.bis.gov.in/website/know-your-standards,https://standardsbis.bsbedge.com/,transport;tractors;trailers;fifth;wheel;couplings;strength,Know Your Standard - Bureau of Indian Standards,https://standards.bis.gov.in/website/know-your-standards,2026-09-07
IS/ISO 3691 : Part 6 : 2021 ( ISO 3691-6 : 2021),Industrial Trucks-Safety Requirments and Verification - Part 6 Burden and Personnel Carriers,,,,,,,,,,,https://standards.bis.gov.in/website/know-your-standards,https://standardsbis.bsbedge.com/,industrial;trucks;safety;requirments;verification;burden;personnel;carriers,Know Your Standard - Bureau of Indian Standards,https://standards.bis.gov.in/website/know-your-standards,2026-09-07
IS 4357 : 2017 ( ISO 22915-2 : 2008),Industrial Trucks - Counterbalanced Trucks with Mast - Verification of Stability (Third Revision),,,,,,,,,,,https://standards.bis.gov.in/website/know-your-standards,https://standardsbis.bsbedge.com/,industrial;trucks;counterbalanced;mast;verification;stability;third;revision,Know Your Standard - Bureau of Indian Standards,https://standards.bis.gov.in/website/know-your-standards,2026-09-07
IS 4660 : 1993,Powered Industrial Trucks - Terminology,,,,,,,,,,,https://standards.bis.gov.in/website/know-your-standards,https://standardsbis.bsbedge.com/,powered;industrial;trucks;terminology,Know Your Standard - Bureau of Indian Standards,https://standards.bis.gov.in/website/know-your-standards,2026-09-07
IS 5008 : Part 1 : 1987,Data Sheet for Industrial Towing Trucks - Part 1 : I.C. Engine Powered,,,,,,,,,,,https://standards.bis.gov.in/website/know-your-standards,https://standardsbis.bsbedge.com/,data;sheet;industrial;towing;trucks;engine;powered,Know Your Standard - Bureau of Indian Standards,https://standards.bis.gov.in/website/know-your-standards,2026-09-07
IS 6305 : Part 1 : 1980,"Safety code for powered industrial trucks, Part 1 Application, operation and maintenance",,,,,,,,,,,https://standards.bis.gov.in/website/know-your-standards,https://standardsbis.bsbedge.com/,safety;powered;industrial;trucks;application;operation;maintenance,Know Your Standard - Bureau of Indian Standards,https://standards.bis.gov.in/website/know-your-standards,2026-09-07
IS 6305 : Part 2 : 1980,Safety Code for Powered Industrial Trucks - Part II : Manufacture,,,,,,,,,,,https://standards.bis.gov.in/website/know-your-standards,https://standardsbis.bsbedge.com/,safety;powered;industrial;trucks;manufacture,Know Your Standard - Bureau of Indian Standards,https://standards.bis.gov.in/website/know-your-standards,2026-09-07
IS 6765 : 1980,Powered Industrial Truck - Parameters for Designation for Rated Capacity and Capacity - Part 1 : Powered High Lift Trucks,,,,,,,,,,,https://standards.bis.gov.in/website/know-your-standards,https://standardsbis.bsbedge.com/,powered;industrial;truck;parameters;designation;rated;capacity;high;lift;trucks,Know Your Standard - Bureau of Indian Standards,https://standards.bis.gov.in/website/know-your-standards,2026-09-07
IS 6765 : Part 1 : 2003,Powered Industrial Truck - Parameters for Designation of Rated Capacity and Capacity - Part 1 : Powered High Lift Trucks,,,,,,,,,,,https://standards.bis.gov.in/website/know-your-standards,https://standardsbis.bsbedge.com/,powered;industrial;truck;parameters;designation;rated;capacity;high;lift;trucks,Know Your Standard - Bureau of Indian Standards,https://standards.bis.gov.in/website/know-your-standards,2026-09-07
IS 7217 : 1990,Classification and nomenclature of powered industrial trucks,,,,,,,,,,,https://standards.bis.gov.in/website/know-your-standards,https://standardsbis.bsbedge.com/,classification;nomenclature;powered;industrial;trucks,Know Your Standard - Bureau of Indian Standards,https://standards.bis.gov.in/website/know-your-standards,2026-09-07
IS 7309 : 2018 ( ISO 22915-3 : 2014),Industrial Trucks — Verification of Stability Reach and Straddle Trucks ( Second Revision ),,,,,,,,,,,https://standards.bis.gov.in/website/know-your-standards,https://standardsbis.bsbedge.com/,industrial;trucks;verification;stability;reach;straddle;second;revision,Know Your Standard - Bureau of Indian Standards,https://standards.bis.gov.in/website/know-your-standards,2026-09-07
"IS 7496 : 2024 ( ISO 5053 : 1987, MOD)","Direction of Travel-Controls for Industrial Tractors and Powered Industrial Trucks - Specification - (ISO 5053 : 1987, MOD)",,,,,,,,,,,https://standards.bis.gov.in/website/know-your-standards,https://standardsbis.bsbedge.com/,direction;travel;controls;industrial;tractors;powered;trucks;iso;mod,Know Your Standard - Bureau of Indian Standards,https://standards.bis.gov.in/website/know-your-standards,2026-09-07
IS 7552 : 2024 ( ISO 22915-8 : 2018),Industrial Trucks-Verification of Stability-Additional Stability Test for Trucks Operating in the Special Condition of Stacking with Mast Tilted Forward and Load Elevated,,,,,,,,,,,https://standards.bis.gov.in/website/know-your-standards,https://standardsbis.bsbedge.com/,industrial;trucks;verification;stability;additional;operating;special;condition;stacking;mast;tilted;forward,Know Your Standard - Bureau of Indian Standards,https://standards.bis.gov.in/website/know-your-standards,2026-09-07
IS 7553 : 2003,Control Symbols for Powered Industrial Trucks,,,,,,,,,,,https://standards.bis.gov.in/website/know-your-standards,https://standardsbis.bsbedge.com/,control;symbols;powered;industrial;trucks,Know Your Standard - Bureau of Indian Standards,https://standards.bis.gov.in/website/know-your-standards,2026-09-07
IS 7621 : 2018 ( ISO 6055 : 2004),Industrial Trucks — Overhead Guards — Specification and Testing ( Second Revision ),,,,,,,,,,,https://standards.bis.gov.in/website/know-your-standards,https://standardsbis.bsbedge.com/,industrial;trucks;overhead;guards;testing;second;revision,Know Your Standard - Bureau of Indian Standards,https://standards.bis.gov.in/website/know-your-standards,2026-09-07
IS 7631 : 2024 ( ISO 22915-4 : 2018),"Industrial Trucks-Pallet Stackers, Double Stackers and Order-Picking Trucks with Operator Position Elevating up to and Including 1 200 mm Lift Height-Verification of Stability",,,,,,,,,,,https://standards.bis.gov.in/website/know-your-standards,https://standardsbis.bsbedge.com/,industrial;trucks;pallet;stackers;double;order;picking;operator;position;elevating;including;lift,Know Your Standard - Bureau of Indian Standards,https://standards.bis.gov.in/website/know-your-standards,2026-09-07
IS 7862 : 1975,Glossary of terms relating to safety aspects concerning operating areas of industrial trucks,,,,,,,,,,,https://standards.bis.gov.in/website/know-your-standards,https://standardsbis.bsbedge.com/,glossary;terms;relating;safety;aspects;concerning;operating;areas;industrial;trucks,Know Your Standard - Bureau of Indian Standards,https://standards.bis.gov.in/website/know-your-standards,2026-09-07
IS 8790 : Part 1 : 2025,Powered Industrial Trucks Working in Hazardous Areas - General Requirements - Part 1 Internal Combustion Engine Powered Trucks,,,,,,,,,,,https://standards.bis.gov.in/website/know-your-standards,https://standardsbis.bsbedge.com/,powered;industrial;trucks;working;hazardous;areas;internal;combustion;engine,Know Your Standard - Bureau of Indian Standards,https://standards.bis.gov.in/website/know-your-standards,2026-09-07
IS 8790 : Part 2 : 1978,"General requirements of powered industrial trucks working in hazardous areas, Part 2 Electric battery powered industrial trucks",,,,,,,,,,,https://standards.bis.gov.in/website/know-your-standards,https://standardsbis.bsbedge.com/,powered;industrial;trucks;working;hazardous;areas;electric;battery,Know Your Standard - Bureau of Indian Standards,https://standards.bis.gov.in/website/know-your-standards,2026-09-07
IS 9099 : Part 1 : 2024,Performance Testing of Powered Industrial Trucks Working in Hazardous Areas - Part 1 Internal Combustion Engine Powered,,,,,,,,,,,https://standards.bis.gov.in/website/know-your-standards,https://standardsbis.bsbedge.com/,performance;testing;powered;industrial;trucks;working;hazardous;areas;internal;combustion;engine,Know Your Standard - Bureau of Indian Standards,https://standards.bis.gov.in/website/know-your-standards,2026-09-07
IS 9099 : Part 2 : 2024,Performance Testing of Powered Industrial Trucks Working in Hazardous Areas - Part 2 Electric Battery Powered Industrial Trucks,,,,,,,,,,,https://standards.bis.gov.in/website/know-your-standards,https://standardsbis.bsbedge.com/,performance;testing;powered;industrial;trucks;working;hazardous;areas;electric;battery,Know Your Standard - Bureau of Indian Standards,https://standards.bis.gov.in/website/know-your-standards,2026-09-07
IS 9701 : 2019,Powered Industrial Trucks and Tractors — Brake Performance and Component Strength ( Second Revision ),,,,,,,,,,,https://standards.bis.gov.in/website/know-your-standards,https://standardsbis.bsbedge.com/,powered;industrial;trucks;tractors;brake;performance;component;strength;second;revision,Know Your Standard - Bureau of Indian Standards,https://standards.bis.gov.in/website/know-your-standards,2026-09-07
IS 11094 : 1984,Strength performance requirements of service brake components of powered industrial trucks,,,,,,,,,,,https://standards.bis.gov.in/website/know-your-standards,https://standardsbis.bsbedge.com/,strength;performance;service;brake;components;powered;industrial;trucks,Know Your Standard - Bureau of Indian Standards,https://standards.bis.gov.in/website/know-your-standards,2026-09-07
IS 12157 : 2026,Requirements for Construction of Work Platform of Powered Industrial Trucks (For Maintenance Purposes),,,,,,,,,,,https://standards.bis.gov.in/website/know-your-standards,https://standardsbis.bsbedge.com/,construction;work;platform;powered;industrial;trucks;maintenance;purposes,Know Your Standard - Bureau of Indian Standards,https://standards.bis.gov.in/website/know-your-standards,2026-09-07
IS 12157 - (Active) : 1987,Requirements for Construction of Work Platform of Powered Industrial Trucks(for Maintenance Purposes) - (Vaild upto 09 January 2027),,,,,,,,,,,https://standards.bis.gov.in/website/know-your-standards,https://standardsbis.bsbedge.com/,construction;work;platform;powered;industrial;trucks;maintenance;purposes;vaild;upto;january,Know Your Standard - Bureau of Indian Standards,https://standards.bis.gov.in/website/know-your-standards,2026-09-07
IS 12726 : 2024 ( ISO 22915-21 : 2019),Industrial Trucks-Order-Picking Trucks with Operator Position Elevating Above 1 200 mm-Verification of Stability,,,,,,,,,,,https://standards.bis.gov.in/website/know-your-standards,https://standardsbis.bsbedge.com/,industrial;trucks;order;picking;operator;position;elevating;above;verification;stability,Know Your Standard - Bureau of Indian Standards,https://standards.bis.gov.in/website/know-your-standards,2026-09-07
IS 7028 : Part 1 : 2002,"Performance Tests for Complete, Filled Transport Packages - Part 1 : Stacking Tests Using Static Load",,,,,,,,,,,https://standards.bis.gov.in/website/know-your-standards,https://standardsbis.bsbedge.com/,performance;complete;filled;transport;packages;stacking;using;static;load,Know Your Standard - Bureau of Indian Standards,https://standards.bis.gov.in/website/know-your-standards,2026-09-07
IS 7028 : Part 2 : 2002,"Performance Tests for Complete, Filled Transport Packages - Part 2 : Vibration Test at Fixed Low Frequency",,,,,,,,,,,https://standards.bis.gov.in/website/know-your-standards,https://standardsbis.bsbedge.com/,performance;complete;filled;transport;packages;vibration;fixed;low;frequency,Know Your Standard - Bureau of Indian Standards,https://standards.bis.gov.in/website/know-your-standards,2026-09-07
IS 7028 : Part 3 : 2002,"Performance Tests for Complete, Filled Transport Packages - Part 3 : Horizontal Impact Tests (Horizontal or Inclined Test; Pendulum Test)",,,,,,,,,,,https://standards.bis.gov.in/website/know-your-standards,https://standardsbis.bsbedge.com/,performance;complete;filled;transport;packages;horizontal;impact;inclined;pendulum,Know Your Standard - Bureau of Indian Standards,https://standards.bis.gov.in/website/know-your-standards,2026-09-07
IS 7028 : Part 4 : 1987,"Performance tests for complete, filled transport packages: Part 4 Vertical impact drop test",,,,,,,,,,,https://standards.bis.gov.in/website/know-your-standards,https://standardsbis.bsbedge.com/,performance;complete;filled;transport;packages;vertical;impact;drop,Know Your Standard - Bureau of Indian Standards,https://standards.bis.gov.in/website/know-your-standards,2026-09-07
IS 7028 : Part 5 : 1987,"Performance tests for complete, filled transport packages: Part 5 Rolling test",,,,,,,,,,,https://standards.bis.gov.in/website/know-your-standards,https://standardsbis.bsbedge.com/,performance;complete;filled;transport;packages;rolling,Know Your Standard - Bureau of Indian Standards,https://standards.bis.gov.in/website/know-your-standards,2026-09-07
IS 7028 : Part 6 : 1987,"Performance tests for complete, filled transport packages: Part 6 Compression test",,,,,,,,,,,https://standards.bis.gov.in/website/know-your-standards,https://standardsbis.bsbedge.com/,performance;complete;filled;transport;packages;compression,Know Your Standard - Bureau of Indian Standards,https://standards.bis.gov.in/website/know-your-standards,2026-09-07
IS 7028 : Part 7 : 2002,"Performance Tests for Complete, Filled Transport Packages - Part 7 : Low Pressure Test",,,,,,,,,,,https://standards.bis.gov.in/website/know-your-standards,https://standardsbis.bsbedge.com/,performance;complete;filled;transport;packages;low;pressure,Know Your Standard - Bureau of Indian Standards,https://standards.bis.gov.in/website/know-your-standards,2026-09-07
IS 7028 : Part 8 : 2002,"Performance Tests for Complete, Filled Transport Packages - Part 8 : Water Spray Test",,,,,,,,,,,https://standards.bis.gov.in/website/know-your-standards,https://standardsbis.bsbedge.com/,performance;complete;filled;transport;packages;water;spray,Know Your Standard - Bureau of Indian Standards,https://standards.bis.gov.in/website/know-your-standards,2026-09-07
IS 7028 : Part 9 : 2020 ( ISO 12048 : 1994),"Packaging — Complete, Filled Transport Packages Part 9 Compression and Stacking Tests Using a Compression Tester",,,,,,,,,,,https://standards.bis.gov.in/website/know-your-standards,https://standardsbis.bsbedge.com/,packaging;complete;filled;transport;packages;compression;stacking;using;tester,Know Your Standard - Bureau of Indian Standards,https://standards.bis.gov.in/website/know-your-standards,2026-09-07
IS 7028 : Part 10 : 1986,"Performance tests for complete, filled transport packages:Part 10 Water immersion test",,,,,,,,,,,https://standards.bis.gov.in/website/know-your-standards,https://standardsbis.bsbedge.com/,performance;complete;filled;transport;packages;water;immersion,Know Your Standard - Bureau of Indian Standards,https://standards.bis.gov.in/website/know-your-standards,2026-09-07
IS 7028 : Part 11 : 1986,"Performance tests for complete, filled transport packages: Part 11 Toppling test",,,,,,,,,,,https://standards.bis.gov.in/website/know-your-standards,https://standardsbis.bsbedge.com/,performance;complete;filled;transport;packages;toppling,Know Your Standard - Bureau of Indian Standards,https://standards.bis.gov.in/website/know-your-standards,2026-09-07
IS 7028 : Part 12 : 2002,"Performance Tests for Complete, Filled Transport Packages - Part 12 : Vibration Tests Using a Sinusoidal Variable Frequency",,,,,,,,,,,https://standards.bis.gov.in/website/know-your-standards,https://standardsbis.bsbedge.com/,performance;complete;filled;transport;packages;vibration;using;sinusoidal;variable;frequency,Know Your Standard - Bureau of Indian Standards,https://standards.bis.gov.in/website/know-your-standards,2026-09-07
IS 7030 : 1988,"Identification of parts for complete, filled transport packages when testing",,,,,,,,,,,https://standards.bis.gov.in/website/know-your-standards,https://standardsbis.bsbedge.com/,identification;parts;complete;filled;transport;packages;when;testing,Know Your Standard - Bureau of Indian Standards,https://standards.bis.gov.in/website/know-your-standards,2026-09-07
IS 7031 : 2002,"Method of Conditioning for Testing of Complete, Filled Transport Packages",,,,,,,,,,,https://standards.bis.gov.in/website/know-your-standards,https://standardsbis.bsbedge.com/,conditioning;testing;complete;filled;transport;packages,Know Your Standard - Bureau of Indian Standards,https://standards.bis.gov.in/website/know-your-standards,2026-09-07
IS 8470 : 2018 ( ISO 3394 : 2012),"Packaging-Complete, Filled Transport Packages and Unit Loads-Dimensions of Rigid Rectangular Packages",,,,,,,,,,,https://standards.bis.gov.in/website/know-your-standards,https://standardsbis.bsbedge.com/,packaging;complete;filled;transport;packages;unit;loads;dimensions;rigid;rectangular,Know Your Standard - Bureau of Indian Standards,https://standards.bis.gov.in/website/know-your-standards,2026-09-07
IS 9732 : 1981,Method for recording information for distribution trials for complete filled transport packages,,,,,,,,,,,https://standards.bis.gov.in/website/know-your-standards,https://standardsbis.bsbedge.com/,recording;information;distribution;trials;complete;filled;transport;packages,Know Your Standard - Bureau of Indian Standards,https://standards.bis.gov.in/website/know-your-standards,2026-09-07
IS 9733 : 2024 ( ISO 4180 : 2019),"Packaging-Complete, Filled Transport Packages-General Rules for The Compilation of Performance Test Schedules",,,,,,,,,,,https://standards.bis.gov.in/website/know-your-standards,https://standardsbis.bsbedge.com/,packaging;complete;filled;transport;packages;rules;compilation;performance;schedules,Know Your Standard - Bureau of Indian Standards,https://standards.bis.gov.in/website/know-your-standards,2026-09-07
IS 9733 : Part 2 : 1989,"Guidelines for the compilation of performance tests schedules of complete, filled transport packages: Part 2 Quantitative data",,,,,,,,,,,https://standards.bis.gov.in/website/know-your-standards,https://standardsbis.bsbedge.com/,guidelines;compilation;performance;schedules;complete;filled;transport;packages;quantitative;data,Know Your Standard - Bureau of Indian Standards,https://standards.bis.gov.in/website/know-your-standards,2026-09-07
IS 14208 : 2018 ( ISO 3676 : 2012),"Packaging - Complete , Filled Transport Packages and Unit Loads - Unit Load Dimensions (first Revision)",,,,,,,,,,,https://standards.bis.gov.in/website/know-your-standards,https://standardsbis.bsbedge.com/,packaging;complete;filled;transport;packages;unit;loads;load;dimensions;first;revision,Know Your Standard - Bureau of Indian Standards,https://standards.bis.gov.in/website/know-your-standards,2026-09-07
IS 15526 : 2004,"Packaging - Complete, Filled Transport Packages - Stability Testing of Unit Loads",,,,,,,,,,,https://standards.bis.gov.in/website/know-your-standards,https://standardsbis.bsbedge.com/,packaging;complete;filled;transport;packages;stability;testing;unit;loads,Know Your Standard - Bureau of Indian Standards,https://standards.bis.gov.in/website/know-your-standards,2026-09-07
IS 15763 : 2020 ( ISO 13355 : 2016),"Packaging — Complete, Filled Transport Packages and Unit Loads — Vertical Random Vibration Test ( First Revision )",,,,,,,,,,,https://standards.bis.gov.in/website/know-your-standards,https://standardsbis.bsbedge.com/,packaging;complete;filled;transport;packages;unit;loads;vertical;random;vibration;first;revision,Know Your Standard - Bureau of Indian Standards,https://standards.bis.gov.in/website/know-your-standards,2026-09-07
IS 15771 : 2008,"Packaging - Complete, filled transport packages and unit loads - Impact test by rotational drop",,,,,,,,,,,https://standards.bis.gov.in/website/know-your-standards,https://standardsbis.bsbedge.com/,packaging;complete;filled;transport;packages;unit;loads;impact;rotational;drop,Know Your Standard - Bureau of Indian Standards,https://standards.bis.gov.in/website/know-your-standards,2026-09-07
IS/ISO 16106 : 2020 ( ISO 16106 : 2020),Transport packages for dangerous goods Dangerous goods packagings intermediate bulk containers IBCs and large packagings Guidelines for the application of ISO 9001,,,,,,,,,,,https://standards.bis.gov.in/website/know-your-standards,https://standardsbis.bsbedge.com/,transport;packages;dangerous;goods;packagings;intermediate;bulk;containers;ibcs;large;guidelines;application,Know Your Standard - Bureau of Indian Standards,https://standards.bis.gov.in/website/know-your-standards,2026-09-07
IS/ISO/TR 12859 : 2009 ( ISO/TR 12859 : 2009),Intelligent Transport Systems-System Architecture-Privacy Aspects in ITS Standards and Systems,,,,,,,,,,,https://standards.bis.gov.in/website/know-your-standards,https://standardsbis.bsbedge.com/,intelligent;transport;systems;system;architecture;privacy;aspects;its;standards,Know Your Standard - Bureau of Indian Standards,https://standards.bis.gov.in/website/know-your-standards,2026-09-07
IS 15754 : 2006 ( ISO 21214 : 2006),"Intelligent Transport Systems - Continuous Air Interface, Long And Medium Range (calm) - Infra-red Systems",,,,,,,,,,,https://standards.bis.gov.in/website/know-your-standards,https://standardsbis.bsbedge.com/,intelligent;transport;systems;continuous;air;interface;long;medium;range;calm;infra;red,Know Your Standard - Bureau of Indian Standards,https://standards.bis.gov.in/website/know-your-standards,2026-09-07
IS 17270 : 2019,Intelligent Transport Systems ( ITS ) : Reverse Parking Alert System ( RPAS ),,,,,,,,,,,https://standards.bis.gov.in/website/know-your-standards,https://standardsbis.bsbedge.com/,intelligent;transport;systems;its;reverse;parking;alert;system;rpas,Know Your Standard - Bureau of Indian Standards,https://standards.bis.gov.in/website/know-your-standards,2026-09-07
IS/ISO 21214 : 2015 ( ISO 21214 : 2015),Intelligent Transport Systems — Communications Access for Land Mobiles (CALM) — Infra-Red Systems,,,,,,,,,,,https://standards.bis.gov.in/website/know-your-standards,https://standardsbis.bsbedge.com/,intelligent;transport;systems;communications;access;land;mobiles;calm;infra;red,Know Your Standard - Bureau of Indian Standards,https://standards.bis.gov.in/website/know-your-standards,2026-09-07
IS 1191 : 2016,Hydrometry - Vocabulary and Symbols(Third Revision),,,,,,,,,,,https://standards.bis.gov.in/website/know-your-standards,https://standardsbis.bsbedge.com/,hydrometry;vocabulary;symbols;third;revision,Know Your Standard - Bureau of Indian Standards,https://standards.bis.gov.in/website/know-your-standards,2026-09-07
IS 1192 : 2013 ( ISO 748 : 2007),Hydrometry - Measurement of Liquid Flow in Open Channels Using Current-Meters or Floats,,,,,,,,,,,https://standards.bis.gov.in/website/know-your-standards,https://standardsbis.bsbedge.com/,hydrometry;measurement;liquid;flow;open;channels;using;current;meters;floats,Know Your Standard - Bureau of Indian Standards,https://standards.bis.gov.in/website/know-your-standards,2026-09-07
IS 3910 : 2013 ( ISO 2537 : 2007),Hydrometry - Rotating-Element Current-Meters,,,,,,,,,,,https://standards.bis.gov.in/website/know-your-standards,https://standardsbis.bsbedge.com/,hydrometry;rotating;element;current;meters,Know Your Standard - Bureau of Indian Standards,https://standards.bis.gov.in/website/know-your-standards,2026-09-07
IS 3912 : 2013 ( ISO 3454 : 2008),Hydrometry - Direct Depth Sounding and Suspension Equipment,,,,,,,,,,,https://standards.bis.gov.in/website/know-your-standards,https://standardsbis.bsbedge.com/,hydrometry;direct;depth;sounding;suspension;equipment,Know Your Standard - Bureau of Indian Standards,https://standards.bis.gov.in/website/know-your-standards,2026-09-07
IS 3913 : 2014,Hydrometry Functional Requirements and Characteristics of Suspended-Sediment Samplers,,,,,,,,,,,https://standards.bis.gov.in/website/know-your-standards,https://standardsbis.bsbedge.com/,hydrometry;functional;characteristics;suspended;sediment;samplers,Know Your Standard - Bureau of Indian Standards,https://standards.bis.gov.in/website/know-your-standards,2026-09-07
IS 6339 : 2013,"Hydrometry -Sediment in Streams and Canals - Determination of Concentration, Particle Size Distribution and Relative Density",,,,,,,,,,,https://standards.bis.gov.in/website/know-your-standards,https://standardsbis.bsbedge.com/,hydrometry;sediment;streams;canals;determination;concentration;particle;size;distribution;relative;density,Know Your Standard - Bureau of Indian Standards,https://standards.bis.gov.in/website/know-your-standards,2026-09-07
IS 9108 : 2020 ( ISO 1438 : 2017),Hydrometry — Open Channel Flow Measurement Using Thin-Plate Weirs ( Second Revision ),,,,,,,,,,,https://standards.bis.gov.in/website/know-your-standards,https://standardsbis.bsbedge.com/,hydrometry;open;channel;flow;measurement;using;thin;plate;weirs;second;revision,Know Your Standard - Bureau of Indian Standards,https://standards.bis.gov.in/website/know-your-standards,2026-09-07
IS 13371 : 2014 ( ISO 3455 : 2007),Hydrometry — Calibration of Current-Meters in Straight Open Tanks,,,,,,,,,,,https://standards.bis.gov.in/website/know-your-standards,https://standardsbis.bsbedge.com/,hydrometry;calibration;current;meters;straight;open;tanks,Know Your Standard - Bureau of Indian Standards,https://standards.bis.gov.in/website/know-your-standards,2026-09-07
IS 13665 : 2017 ( ISO 6421 : 2012),Hydrometry - Methods for Assessment of Reservoir Sedimentation (First Revision),,,,,,,,,,,https://standards.bis.gov.in/website/know-your-standards,https://standardsbis.bsbedge.com/,hydrometry;assessment;reservoir;sedimentation;first;revision,Know Your Standard - Bureau of Indian Standards,https://standards.bis.gov.in/website/know-your-standards,2026-09-07
IS 14359 : 2014 ( ISO 4366 : 2007),Hydrometry — Echo Sounders for Water Depth Measurements,,,,,,,,,,,https://standards.bis.gov.in/website/know-your-standards,https://standardsbis.bsbedge.com/,hydrometry;echo;sounders;water;depth;measurements,Know Your Standard - Bureau of Indian Standards,https://standards.bis.gov.in/website/know-your-standards,2026-09-07
IS 14573 : 2014 ( ISO 1088 : 2007),Hydrometry — Velocity-Area Methods Using Current-Meters — Collection and Processing of Data for Determination of Uncertainties in Flow Measurement,,,,,,,,,,,https://standards.bis.gov.in/website/know-your-standards,https://standardsbis.bsbedge.com/,hydrometry;velocity;area;using;current;meters;collection;processing;data;determination;uncertainties;flow,Know Your Standard - Bureau of Indian Standards,https://standards.bis.gov.in/website/know-your-standards,2026-09-07
IS 14673 : 2022 ( ISO 4360 : 2020),Hydrometry-Open Channel FlowMeasurement Using TriangularProfile Weirs,,,,,,,,,,,https://standards.bis.gov.in/website/know-your-standards,https://standardsbis.bsbedge.com/,hydrometry;open;channel;flowmeasurement;using;triangularprofile;weirs,Know Your Standard - Bureau of Indian Standards,https://standards.bis.gov.in/website/know-your-standards,2026-09-07
IS 14974 : 2018 ( ISO 3846 : 2008),Hydrometry — Open Channel Flow Measurement Using Rectangular Broad Crested Weirs ( First Revision ),,,,,,,,,,,https://standards.bis.gov.in/website/know-your-standards,https://standardsbis.bsbedge.com/,hydrometry;open;channel;flow;measurement;using;rectangular;broad;crested;weirs;first;revision,Know Your Standard - Bureau of Indian Standards,https://standards.bis.gov.in/website/know-your-standards,2026-09-07
IS 15117 : 2018 ( ISO 4375 : 2014),Hydrometry — Cableway Systems for Stream Gauging ( First Revision ),,,,,,,,,,,https://standards.bis.gov.in/website/know-your-standards,https://standardsbis.bsbedge.com/,hydrometry;cableway;systems;stream;gauging;first;revision,Know Your Standard - Bureau of Indian Standards,https://standards.bis.gov.in/website/know-your-standards,2026-09-07
IS 15118 : 2014 ( ISO 4373 : 2008),Hydrometry — Water Level Measuring Devices,,,,,,,,,,,https://standards.bis.gov.in/website/know-your-standards,https://standardsbis.bsbedge.com/,hydrometry;water;level;measuring;devices,Know Your Standard - Bureau of Indian Standards,https://standards.bis.gov.in/website/know-your-standards,2026-09-07
IS 15119 : Part 2 : 2014 ( ISO 1100-2 : 2010),Hydrometry — Measurement of Liquid Flow in Open Channels Part 2 Determination of the Stage-Discharge Relationship,,,,,,,,,,,https://standards.bis.gov.in/website/know-your-standards,https://standardsbis.bsbedge.com/,hydrometry;measurement;liquid;flow;open;channels;determination;stage;discharge;relationship,Know Your Standard - Bureau of Indian Standards,https://standards.bis.gov.in/website/know-your-standards,2026-09-07
IS 15122 : 2014 ( ISO 2425 : 2010),Hydrometry — Measurement of Liquid Flow in Open Channels Under Tidal Conditions,,,,,,,,,,,https://standards.bis.gov.in/website/know-your-standards,https://standardsbis.bsbedge.com/,hydrometry;measurement;liquid;flow;open;channels;under;tidal;conditions,Know Your Standard - Bureau of Indian Standards,https://standards.bis.gov.in/website/know-your-standards,2026-09-07
IS 15352 : 2018 ( ISO 6420 : 2016),Hydrometry — Position Fixing Equipment for Hydrometric Boats ( First Revision ),,,,,,,,,,,https://standards.bis.gov.in/website/know-your-standards,https://standardsbis.bsbedge.com/,hydrometry;position;fixing;equipment;hydrometric;boats;first;revision,Know Your Standard - Bureau of Indian Standards,https://standards.bis.gov.in/website/know-your-standards,2026-09-07
IS 15527 : 2020 ( ISO/TR 9210 : 2017),Hydrometry - Measurement in Meandering River and in Streams with Unstable Boundaries ( First Revision ),,,,,,,,,,,https://standards.bis.gov.in/website/know-your-standards,https://standardsbis.bsbedge.com/,hydrometry;measurement;meandering;river;streams;unstable;boundaries;first;revision,Know Your Standard - Bureau of Indian Standards,https://standards.bis.gov.in/website/know-your-standards,2026-09-07
IS 15646 : 2017 ( ISO/TR 9824 : 2007),Hydrometry- Measurement of Free Surface Flow in Closed Conduits (First Revision),,,,,,,,,,,https://standards.bis.gov.in/website/know-your-standards,https://standardsbis.bsbedge.com/,hydrometry;measurement;free;surface;flow;closed;conduits;first;revision,Know Your Standard - Bureau of Indian Standards,https://standards.bis.gov.in/website/know-your-standards,2026-09-07
IS 15755 : 2025,Hydrometry - Geophysical Logging of Boreholes for Hydrogeological Purposes - Considerations and Guidelines for Making Measurements,,,,,,,,,,,https://standards.bis.gov.in/website/know-your-standards,https://standardsbis.bsbedge.com/,hydrometry;geophysical;logging;boreholes;hydrogeological;purposes;considerations;guidelines;making;measurements,Know Your Standard - Bureau of Indian Standards,https://standards.bis.gov.in/website/know-your-standards,2026-09-07
IS 15772 : 2014 ( ISO 9825 : 2005),Hydrometry Field Measurement of Discharge in Large Rivers and Rivers in Flood,,,,,,,,,,,https://standards.bis.gov.in/website/know-your-standards,https://standardsbis.bsbedge.com/,hydrometry;field;measurement;discharge;large;rivers;flood,Know Your Standard - Bureau of Indian Standards,https://standards.bis.gov.in/website/know-your-standards,2026-09-07
IS 15823 : 2009,Hydrometry - Computing stream flow using and unsteady flow model,,,,,,,,,,,https://standards.bis.gov.in/website/know-your-standards,https://standardsbis.bsbedge.com/,hydrometry;computing;stream;flow;using;unsteady;model,Know Your Standard - Bureau of Indian Standards,https://standards.bis.gov.in/website/know-your-standards,2026-09-07
IS 15847 : 2020 ( ISO 9123 : 2017),Hydrometry - Stage-fall-discharge Relationship ( First Revision ),,,,,,,,,,,https://standards.bis.gov.in/website/know-your-standards,https://standardsbis.bsbedge.com/,hydrometry;stage;fall;discharge;relationship;first;revision,Know Your Standard - Bureau of Indian Standards,https://standards.bis.gov.in/website/know-your-standards,2026-09-07
IS 16094 : 2018,Hydrometry — Measuring the Water Level in a Well Using Automated Pressure Transducer Methods — Guidelines,,,,,,,,,,,https://standards.bis.gov.in/website/know-your-standards,https://standardsbis.bsbedge.com/,hydrometry;measuring;water;level;well;using;automated;pressure;transducer;guidelines,Know Your Standard - Bureau of Indian Standards,https://standards.bis.gov.in/website/know-your-standards,2026-09-07
IS 4008 : 1985,Guide for presentation of project report for river valley projects,,,,,,,,,,,https://standards.bis.gov.in/website/know-your-standards,https://standardsbis.bsbedge.com/,guide;presentation;project;report;river;valley;projects,Know Your Standard - Bureau of Indian Standards,https://standards.bis.gov.in/website/know-your-standards,2026-09-07
IS 4186 : 2024,Preparation of Project Report for River Valley Projects-Guide,,,,,,,,,,,https://standards.bis.gov.in/website/know-your-standards,https://standardsbis.bsbedge.com/,preparation;project;report;river;valley;projects;guide,Know Your Standard - Bureau of Indian Standards,https://standards.bis.gov.in/website/know-your-standards,2026-09-07
"IS 4186 (Active,Concurrent Running) : 1985",Guide for preparation of project report for river valley projects,,,,,,,,,,,https://standards.bis.gov.in/website/know-your-standards,https://standardsbis.bsbedge.com/,guide;preparation;project;report;river;valley;projects,Know Your Standard - Bureau of Indian Standards,https://standards.bis.gov.in/website/know-your-standards,2026-09-07
IS 4410 : Part 1 : 1991,Glossary of terms relating to river valley projects: Part 1 Irrigation practice,,,,,,,,,,,https://standards.bis.gov.in/website/know-your-standards,https://standardsbis.bsbedge.com/,glossary;terms;relating;river;valley;projects;irrigation,Know Your Standard - Bureau of Indian Standards,https://standards.bis.gov.in/website/know-your-standards,2026-09-07
IS 4410 : Part 2 : 1967,Glossary of terms relating to river valley projects: Part 2 Project planning,,,,,,,,,,,https://standards.bis.gov.in/website/know-your-standards,https://standardsbis.bsbedge.com/,glossary;terms;relating;river;valley;projects;project;planning,Know Your Standard - Bureau of Indian Standards,https://standards.bis.gov.in/website/know-your-standards,2026-09-07
IS 4410 : Part 3 : 1988,Glossary of terms relating to river valley projects: Part 3 River and river training,,,,,,,,,,,https://standards.bis.gov.in/website/know-your-standards,https://standardsbis.bsbedge.com/,glossary;terms;relating;river;valley;projects;training,Know Your Standard - Bureau of Indian Standards,https://standards.bis.gov.in/website/know-your-standards,2026-09-07
IS 4410 : Part 5 : 2023,Glossary of Terms Relating to River Valley Projects - PART 5 Canals,,,,,,,,,,,https://standards.bis.gov.in/website/know-your-standards,https://standardsbis.bsbedge.com/,glossary;terms;relating;river;valley;projects;canals,Know Your Standard - Bureau of Indian Standards,https://standards.bis.gov.in/website/know-your-standards,2026-09-07
IS 4410 : Part 6 : 2022,Glossary of Terms Relating to River Valley Projects - Part 6 Reservoirs,,,,,,,,,,,https://standards.bis.gov.in/website/know-your-standards,https://standardsbis.bsbedge.com/,glossary;terms;relating;river;valley;projects;reservoirs,Know Your Standard - Bureau of Indian Standards,https://standards.bis.gov.in/website/know-your-standards,2026-09-07
IS 4410 : Part 7 : 1982,Glossary of terms relating to river valley projects: Part 7 Engineering geology,,,,,,,,,,,https://standards.bis.gov.in/website/know-your-standards,https://standardsbis.bsbedge.com/,glossary;terms;relating;river;valley;projects;engineering;geology,Know Your Standard - Bureau of Indian Standards,https://standards.bis.gov.in/website/know-your-standards,2026-09-07
IS 4410 : Part 8 : 1992,Glossary of terms relating to river valley projects: Part 8 Dams and dam section,,,,,,,,,,,https://standards.bis.gov.in/website/know-your-standards,https://standardsbis.bsbedge.com/,glossary;terms;relating;river;valley;projects;dams;dam;section,Know Your Standard - Bureau of Indian Standards,https://standards.bis.gov.in/website/know-your-standards,2026-09-07
IS 4410 : Part 9 : 1982,Glossary of terms relating to river valley projects: Part 9 Spillways and syphons,,,,,,,,,,,https://standards.bis.gov.in/website/know-your-standards,https://standardsbis.bsbedge.com/,glossary;terms;relating;river;valley;projects;spillways;syphons,Know Your Standard - Bureau of Indian Standards,https://standards.bis.gov.in/website/know-your-standards,2026-09-07
IS 4410 : Part 10 : 1988,Glossary of terms relating to river valley projects: Part 10 Hydro-electric Power station including water conductor system,,,,,,,,,,,https://standards.bis.gov.in/website/know-your-standards,https://standardsbis.bsbedge.com/,glossary;terms;relating;river;valley;projects;hydro;electric;power;station;including;water,Know Your Standard - Bureau of Indian Standards,https://standards.bis.gov.in/website/know-your-standards,2026-09-07
IS 4410 : Part 11 : Sec 2 : 1972,Glossary of Terms Relating to River Valley Projects - Part XI : Hydrology - Section 2 : Precipitation and Run off,,,,,,,,,,,https://standards.bis.gov.in/website/know-your-standards,https://standardsbis.bsbedge.com/,glossary;terms;relating;river;valley;projects;hydrology;section;precipitation;run;off,Know Your Standard - Bureau of Indian Standards,https://standards.bis.gov.in/website/know-your-standards,2026-09-07
IS 4410 : Part 11 : Sec 3 : 1973,Glossary of terms relating to river valley projects: Part 11 Hydrology: Section 3: Infiltration and water losses,,,,,,,,,,,https://standards.bis.gov.in/website/know-your-standards,https://standardsbis.bsbedge.com/,glossary;terms;relating;river;valley;projects;hydrology;section;infiltration;water;losses,Know Your Standard - Bureau of Indian Standards,https://standards.bis.gov.in/website/know-your-standards,2026-09-07
IS 4410 : Part 11 : Sec 4 : 1973,Glossary of Terms Relating to River Valley Projects : Part XI : Hydrology - Section 4 : Hydrographs,,,,,,,,,,,https://standards.bis.gov.in/website/know-your-standards,https://standardsbis.bsbedge.com/,glossary;terms;relating;river;valley;projects;hydrology;section;hydrographs,Know Your Standard - Bureau of Indian Standards,https://standards.bis.gov.in/website/know-your-standards,2026-09-07
IS 4410 : Part 11 : Sec 5 : 1977,Glossary of terms relating to river valley projects: Part 11 Hydrology Section 5 Floods,,,,,,,,,,,https://standards.bis.gov.in/website/know-your-standards,https://standardsbis.bsbedge.com/,glossary;terms;relating;river;valley;projects;hydrology;section;floods,Know Your Standard - Bureau of Indian Standards,https://standards.bis.gov.in/website/know-your-standards,2026-09-07
IS 4410 : Part 11 : Sec 6 : 2018,Glossary of Terms Relating to River Valley Projects Part 11 Hydrology Section 6 Groundwater ( Second Revision ),,,,,,,,,,,https://standards.bis.gov.in/website/know-your-standards,https://standardsbis.bsbedge.com/,glossary;terms;relating;river;valley;projects;hydrology;section;groundwater;second;revision,Know Your Standard - Bureau of Indian Standards,https://standards.bis.gov.in/website/know-your-standards,2026-09-07
IS 4410 : Part 11 : Sec 7 : 1984,Glossary of Terms Relating to River Valley Projects - Part 11 : Hydrology - Section 7 : Quality of Water,,,,,,,,,,,https://standards.bis.gov.in/website/know-your-standards,https://standardsbis.bsbedge.com/,glossary;terms;relating;river;valley;projects;hydrology;section;quality;water,Know Your Standard - Bureau of Indian Standards,https://standards.bis.gov.in/website/know-your-standards,2026-09-07
IS 4410 : Part 12 : 1993,Glossary of terms relating to river valley projects: Part 12 Diversion works,,,,,,,,,,,https://standards.bis.gov.in/website/know-your-standards,https://standardsbis.bsbedge.com/,glossary;terms;relating;river;valley;projects;diversion;works,Know Your Standard - Bureau of Indian Standards,https://standards.bis.gov.in/website/know-your-standards,2026-09-07
IS 4410 : Part 13 : 1985,"Glossary of terms relating to river valley projects: Part 13 Operation, maintenance and repair of river valley projects",,,,,,,,,,,https://standards.bis.gov.in/website/know-your-standards,https://standardsbis.bsbedge.com/,glossary;terms;relating;river;valley;projects;operation;maintenance;repair,Know Your Standard - Bureau of Indian Standards,https://standards.bis.gov.in/website/know-your-standards,2026-09-07
IS 4410 : Part 14 : Sec 1 : 1977,Glossary of Terms Relating to River Valley Projects - Part XIV : Soil Conservation and Reclamation - Section 1 : Soil Conservation,,,,,,,,,,,https://standards.bis.gov.in/website/know-your-standards,https://standardsbis.bsbedge.com/,glossary;terms;relating;river;valley;projects;xiv;soil;conservation;reclamation;section,Know Your Standard - Bureau of Indian Standards,https://standards.bis.gov.in/website/know-your-standards,2026-09-07
IS 4410 : Part 14 : Sec 2 : 1977,Glossary of terms relating to river valley projects: Part 14 Soil conservation and reclamation Section 2 Reclamation,,,,,,,,,,,https://standards.bis.gov.in/website/know-your-standards,https://standardsbis.bsbedge.com/,glossary;terms;relating;river;valley;projects;soil;conservation;reclamation;section,Know Your Standard - Bureau of Indian Standards,https://standards.bis.gov.in/website/know-your-standards,2026-09-07
IS 4410 : Part 15 : Sec 1 : 2023,Glossary of Terms Relating to River Valley Projects - Part 15 Canal Structures - Section 1 General Terms,,,,,,,,,,,https://standards.bis.gov.in/website/know-your-standards,https://standardsbis.bsbedge.com/,glossary;terms;relating;river;valley;projects;canal;structures;section,Know Your Standard - Bureau of Indian Standards,https://standards.bis.gov.in/website/know-your-standards,2026-09-07
IS 4410 : Part 15 : Sec 2 : 2023,Glossary of Terms Relating to River Valley Projects - Part 15 Canal Structures - Section 2 Transitions,,,,,,,,,,,https://standards.bis.gov.in/website/know-your-standards,https://standardsbis.bsbedge.com/,glossary;terms;relating;river;valley;projects;canal;structures;section;transitions,Know Your Standard - Bureau of Indian Standards,https://standards.bis.gov.in/website/know-your-standards,2026-09-07
IS 14330 : 1996,Groundwater investigations for hydraulic structures - Guidelines,,,,,,,,,,,https://standards.bis.gov.in/website/know-your-standards,https://standardsbis.bsbedge.com/,groundwater;investigations;hydraulic;structures;guidelines,Know Your Standard - Bureau of Indian Standards,https://standards.bis.gov.in/website/know-your-standards,2026-09-07
IS 10386 : Part 9 : 1998,Safety code for operation and maintenance of river valley projects Part 9 Canals and cross drainage works,,,,,,,,,,,https://standards.bis.gov.in/website/know-your-standards,https://standardsbis.bsbedge.com/,safety;operation;maintenance;river;valley;projects;canals;cross;drainage;works,Know Your Standard - Bureau of Indian Standards,https://standards.bis.gov.in/website/know-your-standards,2026-09-07
IS 11385 : 2008,Subsurface exploration for canals and cross drainage works - Code of practice,,,,,,,,,,,https://standards.bis.gov.in/website/know-your-standards,https://standardsbis.bsbedge.com/,subsurface;exploration;canals;cross;drainage;works,Know Your Standard - Bureau of Indian Standards,https://standards.bis.gov.in/website/know-your-standards,2026-09-07
IS 10824 : 1984,Code of practice for Amenities in Hydroelectric Power Houses,,,,,,,,,,,https://standards.bis.gov.in/website/know-your-standards,https://standardsbis.bsbedge.com/,amenities;hydroelectric;power;houses,Know Your Standard - Bureau of Indian Standards,https://standards.bis.gov.in/website/know-your-standards,2026-09-07
IS 12800 : Part 3 : 1991,"Guidelines for Selection of Hydraulic Turbine, Preliminary Dimensioning and Layout of Surface Hydroelectric Power Houses - Part 3 : Small, Mini and Micro Hydroelectric Power Houses",,,,,,,,,,,https://standards.bis.gov.in/website/know-your-standards,https://standardsbis.bsbedge.com/,guidelines;selection;hydraulic;turbine;preliminary;dimensioning;layout;surface;hydroelectric;power;houses;small,Know Your Standard - Bureau of Indian Standards,https://standards.bis.gov.in/website/know-your-standards,2026-09-07
IS 19225 : 2025,Public Bus Transport Services - Guidelines,,,,,,,,,,,https://standards.bis.gov.in/website/know-your-standards,https://standardsbis.bsbedge.com/,public;bus;transport;services;guidelines,Know Your Standard - Bureau of Indian Standards,https://standards.bis.gov.in/website/know-your-standards,2026-09-07
IS/ISO/TS 12812 : Part 2 : 2017 ( ISO/TS 12812-2 : 2017),Core banking - Mobile financial services - Part 2: Security and data protection for mobile financial services,,,,,,,,,,,https://standards.bis.gov.in/website/know-your-standards,https://standardsbis.bsbedge.com/,core;banking;mobile;financial;services;security;data;protection,Know Your Standard - Bureau of Indian Standards,https://standards.bis.gov.in/website/know-your-standards,2026-09-07
IS 15255 : 2002,Banking and Related Financial Services - Information Interchange - Documenetary Credit Form,,,,,,,,,,,https://standards.bis.gov.in/website/know-your-standards,https://standardsbis.bsbedge.com/,banking;related;financial;services;information;interchange;documenetary;credit;form,Know Your Standard - Bureau of Indian Standards,https://standards.bis.gov.in/website/know-your-standards,2026-09-07
IS 15639 : 2006,Banking and related financial services - information interchange - Collection order form,,,,,,,,,,,https://standards.bis.gov.in/website/know-your-standards,https://standardsbis.bsbedge.com/,banking;related;financial;services;information;interchange;collection;order;form,Know Your Standard - Bureau of Indian Standards,https://standards.bis.gov.in/website/know-your-standards,2026-09-07
IS/ISO/TR 19038 : 2005 ( ISO/TR 19038 : 2005),Banking and Related Financial Services — Triple DEA — Modes of Operation — Implementation Guidelines,,,,,,,,,,,https://standards.bis.gov.in/website/know-your-standards,https://standardsbis.bsbedge.com/,banking;related;financial;services;triple;dea;modes;operation;implementation;guidelines,Know Your Standard - Bureau of Indian Standards,https://standards.bis.gov.in/website/know-your-standards,2026-09-07
IS/ISO 20038 : 2017 ( ISO 20038 : 2017),Banking and related financial services - Key wrap using AES,,,,,,,,,,,https://standards.bis.gov.in/website/know-your-standards,https://standardsbis.bsbedge.com/,banking;related;financial;services;key;wrap;using;aes,Know Your Standard - Bureau of Indian Standards,https://standards.bis.gov.in/website/know-your-standards,2026-09-07
IS 19756 : 2026,Benchmarking of Environmental Monitoring Services - Guidelines,,,,,,,,,,,https://standards.bis.gov.in/website/know-your-standards,https://standardsbis.bsbedge.com/,benchmarking;environmental;monitoring;services;guidelines,Know Your Standard - Bureau of Indian Standards,https://standards.bis.gov.in/website/know-your-standards,2026-09-07
IS/ISO/IEC 24762 : 2008,Information Technology-Security Techniques-Guidelines for Information and Communications Technology Disaster Recovery Services,,,,,,,,,,,https://standards.bis.gov.in/website/know-your-standards,https://standardsbis.bsbedge.com/,information;technology;security;techniques;guidelines;communications;disaster;recovery;services,Know Your Standard - Bureau of Indian Standards,https://standards.bis.gov.in/website/know-your-standards,2026-09-07
IS 18225 : 2023,Media and Entertainment Services-Categorization of Programmes Offered by Skill Development Service Providers,,,,,,,,,,,https://standards.bis.gov.in/website/know-your-standards,https://standardsbis.bsbedge.com/,media;entertainment;services;categorization;programmes;offered;skill;development;service;providers,Know Your Standard - Bureau of Indian Standards,https://standards.bis.gov.in/website/know-your-standards,2026-09-07
IS 18234 : 2023,Media and Entertainment ï¿½ Event Management Servicesï¿½ Vocabulary and Categorization of Events and Venues,,,,,,,,,,,https://standards.bis.gov.in/website/know-your-standards,https://standardsbis.bsbedge.com/,media;entertainment;event;management;services;vocabulary;categorization;events;venues,Know Your Standard - Bureau of Indian Standards,https://standards.bis.gov.in/website/know-your-standards,2026-09-07
IS 19226 : 2025,Media and Entertainment - New Media Services - Vocabulary,,,,,,,,,,,https://standards.bis.gov.in/website/know-your-standards,https://standardsbis.bsbedge.com/,media;entertainment;new;services;vocabulary,Know Your Standard - Bureau of Indian Standards,https://standards.bis.gov.in/website/know-your-standards,2026-09-07
IS 19692 : 2026,Media and Entertainment - Sound and Music Services - Vocabulary,,,,,,,,,,,https://standards.bis.gov.in/website/know-your-standards,https://standardsbis.bsbedge.com/,media;entertainment;sound;music;services;vocabulary,Know Your Standard - Bureau of Indian Standards,https://standards.bis.gov.in/website/know-your-standards,2026-09-07
IS 17390 : 2020 ( ISO/TS 24520 : 2017),Service Activities Relating to Drinking Water Supply Systems and Wastewater Systems — Crisis Management — Good Practice for Technical Aspects,,,,,,,,,,,https://standards.bis.gov.in/website/know-your-standards,https://standardsbis.bsbedge.com/,service;activities;relating;drinking;water;supply;systems;wastewater;crisis;management;good;technical,Know Your Standard - Bureau of Indian Standards,https://standards.bis.gov.in/website/know-your-standards,2026-09-07
IS 17391 : 2020 ( ISO 24523 : 2017),Service Activities Relating to Drinking Water Supply Systems and Wastewater Systems — Guidelines for Benchmarking of Water Utilities,,,,,,,,,,,https://standards.bis.gov.in/website/know-your-standards,https://standardsbis.bsbedge.com/,service;activities;relating;drinking;water;supply;systems;wastewater;guidelines;benchmarking;utilities,Know Your Standard - Bureau of Indian Standards,https://standards.bis.gov.in/website/know-your-standards,2026-09-07
IS 17395 : Part 3 : 2020 ( ISO 24516-3 : 2017),Guidelines for the Management of Assets of Water Supply and Wastewater Systems Part 3 Wastewater Collection Networks,,,,,,,,,,,https://standards.bis.gov.in/website/know-your-standards,https://standardsbis.bsbedge.com/,guidelines;management;assets;water;supply;wastewater;systems;collection;networks,Know Your Standard - Bureau of Indian Standards,https://standards.bis.gov.in/website/know-your-standards,2026-09-07
IS 17676 : Part 1 : 2021 ( ISO 24516- 1 - 2016),Guidelines for the management of assets of water supply and wastewater systems Part 1:Drinking water distribution networks,,,,,,,,,,,https://standards.bis.gov.in/website/know-your-standards,https://standardsbis.bsbedge.com/,guidelines;management;assets;water;supply;wastewater;systems;drinking;distribution;networks,Know Your Standard - Bureau of Indian Standards,https://standards.bis.gov.in/website/know-your-standards,2026-09-07
IS 19201 : 2025,Terminology for Medical Value Travel Services and Wellness Services,,,,,,,,,,,https://standards.bis.gov.in/website/know-your-standards,https://standardsbis.bsbedge.com/,terminology;medical;value;travel;services;wellness,Know Your Standard - Bureau of Indian Standards,https://standards.bis.gov.in/website/know-your-standards,2026-09-07
IS 16421 : 2025,Supply Chain Management - Glossary of Terms,,,,,,,,,,,https://standards.bis.gov.in/website/know-your-standards,https://standardsbis.bsbedge.com/,supply;chain;management;glossary;terms,Know Your Standard - Bureau of Indian Standards,https://standards.bis.gov.in/website/know-your-standards,2026-09-07
IS/ISO/TS 22318 : 2021 ( ISO/TS 22318 : 2021),Security and Resilience - Business Continuity Management Systems- Guidelines for Supply Chain Continuity Management,,,,,,,,,,,https://standards.bis.gov.in/website/know-your-standards,https://standardsbis.bsbedge.com/,security;resilience;business;continuity;management;systems;guidelines;supply;chain,Know Your Standard - Bureau of Indian Standards,https://standards.bis.gov.in/website/know-your-standards,2026-09-07
IS/ISO 28003 : 2007 ( ISO 28003 : 2007),Security Management Systems for the Supply Chain-Requirements for Bodies Providing Audit and Certification of Supply Chain Security Management Systems,,,,,,,,,,,https://standards.bis.gov.in/website/know-your-standards,https://standardsbis.bsbedge.com/,security;management;systems;supply;chain;bodies;providing;audit;certification,Know Your Standard - Bureau of Indian Standards,https://standards.bis.gov.in/website/know-your-standards,2026-09-07
IS/ISO 28004 : Part 4 : 2014 ( ISO 28004-4 : 2014),Security Management Systems for the Supply Chain-Guidelines for the implementation of ISO 28000 - Part 4 Additional Specific Guidance on Implementing ISO 28000 if Compliance with ISO 28001 is a Management Objective,,,,,,,,,,,https://standards.bis.gov.in/website/know-your-standards,https://standardsbis.bsbedge.com/,security;management;systems;supply;chain;guidelines;implementation;iso;additional;specific;guidance;implementing,Know Your Standard - Bureau of Indian Standards,https://standards.bis.gov.in/website/know-your-standards,2026-09-07
IS 19175 : 2025 ( ISO 31512 : 2024),Cold Chain Logistics Services in Business to Business (B to B) Sector - Requirements and Guidelines for Storage and Transport,,,,,,,,,,,https://standards.bis.gov.in/website/know-your-standards,https://standardsbis.bsbedge.com/,cold;chain;logistics;services;business;sector;guidelines;storage;transport,Know Your Standard - Bureau of Indian Standards,https://standards.bis.gov.in/website/know-your-standards,2026-09-07
IS 19177 : 2025 ( ISO 31511 : 2024),Requirements for Contactless Delivery Services in Cold Chain Logistics,,,,,,,,,,,https://standards.bis.gov.in/website/know-your-standards,https://standardsbis.bsbedge.com/,contactless;delivery;services;cold;chain;logistics,Know Your Standard - Bureau of Indian Standards,https://standards.bis.gov.in/website/know-your-standards,2026-09-07
IS 19591 : 2026 ( ISO 31510 : 2025),Cold Chain Logistics - Vocabulary,,,,,,,,,,,https://standards.bis.gov.in/website/know-your-standards,https://standardsbis.bsbedge.com/,cold;chain;logistics;vocabulary,Know Your Standard - Bureau of Indian Standards,https://standards.bis.gov.in/website/know-your-standards,2026-09-07
IS 19696 : 2026 ( ISO/TS 31514 : 2025),Requirements and Recommendations for Food Traceability in Cold Chain Logistics,,,,,,,,,,,https://standards.bis.gov.in/website/know-your-standards,https://standardsbis.bsbedge.com/,recommendations;food;traceability;cold;chain;logistics,Know Your Standard - Bureau of Indian Standards,https://standards.bis.gov.in/website/know-your-standards,2026-09-07
IS 18706 : Part 6 : 2024,Ayurveda-Glossary of Terms - Part 6 Standardized Terminology for Treatment,,,,,,,,,,,https://standards.bis.gov.in/website/know-your-standards,https://standardsbis.bsbedge.com/,ayurveda;glossary;terms;standardized;terminology;treatment,Know Your Standard - Bureau of Indian Standards,https://standards.bis.gov.in/website/know-your-standards,2026-09-07
IS 19231 : 2025,Ayurveda - Glossary of Terms Standardized Terminology for Preventive and Promotive Health,,,,,,,,,,,https://standards.bis.gov.in/website/know-your-standards,https://standardsbis.bsbedge.com/,ayurveda;glossary;terms;standardized;terminology;preventive;promotive;health,Know Your Standard - Bureau of Indian Standards,https://standards.bis.gov.in/website/know-your-standards,2026-09-07
IS 19471 : 2026 ( ISO/TS 6204 : 2024),Health Informatics - Categorial Structures for Representation of Ayurvedic Medicinal Water - Decocting Process in Ayurveda,,,,,,,,,,,https://standards.bis.gov.in/website/know-your-standards,https://standardsbis.bsbedge.com/,health;informatics;categorial;structures;representation;ayurvedic;medicinal;water;decocting;process;ayurveda,Know Your Standard - Bureau of Indian Standards,https://standards.bis.gov.in/website/know-your-standards,2026-09-07
IS 19792 : 2026,"Pharmacovigilance Centre for Ayurveda, Siddha, Sowa-Rigpa, Unani and Homoeopathy (ASU & H) Systems - Service Requirements",,,,,,,,,,,https://standards.bis.gov.in/website/know-your-standards,https://standardsbis.bsbedge.com/,pharmacovigilance;centre;ayurveda;siddha;sowa;rigpa;unani;homoeopathy;asu;systems;service,Know Your Standard - Bureau of Indian Standards,https://standards.bis.gov.in/website/know-your-standards,2026-09-07
IS 17873 : 2022,Cotton Yoga Mat-Specification,,,,,,,,,,,https://standards.bis.gov.in/website/know-your-standards,https://standardsbis.bsbedge.com/,cotton;yoga;mat,Know Your Standard - Bureau of Indian Standards,https://standards.bis.gov.in/website/know-your-standards,2026-09-07
IS 17874 : Part 1 : 2022,Glossary of Yoga Terminology - Part 1 Standardized Terminology for Commonly Used Terms Related to Yoga,,,,,,,,,,,https://standards.bis.gov.in/website/know-your-standards,https://standardsbis.bsbedge.com/,glossary;yoga;terminology;standardized;commonly;used;terms;related,Know Your Standard - Bureau of Indian Standards,https://standards.bis.gov.in/website/know-your-standards,2026-09-07
IS 17874 : Part 2 : 2026,Glossary of Yoga Terminology - Part 2 Commonly Used Terms from Gheranda Samhita,,,,,,,,,,,https://standards.bis.gov.in/website/know-your-standards,https://standardsbis.bsbedge.com/,glossary;yoga;terminology;commonly;used;terms;from;gheranda;samhita,Know Your Standard - Bureau of Indian Standards,https://standards.bis.gov.in/website/know-your-standards,2026-09-07
IS 17874 : Part 3 : 2026,Glossary of Yoga Terminology - Part 3 Commonly Used Terms from Hatha Yoga Pradipika,,,,,,,,,,,https://standards.bis.gov.in/website/know-your-standards,https://standardsbis.bsbedge.com/,glossary;yoga;terminology;commonly;used;terms;from;hatha;pradipika,Know Your Standard - Bureau of Indian Standards,https://standards.bis.gov.in/website/know-your-standards,2026-09-07
IS 17913 : 2022,Yoga Centre-Service Requirements,,,,,,,,,,,https://standards.bis.gov.in/website/know-your-standards,https://standardsbis.bsbedge.com/,yoga;centre;service,Know Your Standard - Bureau of Indian Standards,https://standards.bis.gov.in/website/know-your-standards,2026-09-07
IS 19114 : 2025,Common Yoga Protocol - Yoga Practices,,,,,,,,,,,https://standards.bis.gov.in/website/know-your-standards,https://standardsbis.bsbedge.com/,common;yoga;protocol;practices,Know Your Standard - Bureau of Indian Standards,https://standards.bis.gov.in/website/know-your-standards,2026-09-07
IS 18750 : Part 1 : 2024,Unani Medicine-Glossary of Terms -Part 1 Standardized Terminology Used for Fundamental Principles,,,,,,,,,,,https://standards.bis.gov.in/website/know-your-standards,https://standardsbis.bsbedge.com/,unani;medicine;glossary;terms;standardized;terminology;used;fundamental;principles,Know Your Standard - Bureau of Indian Standards,https://standards.bis.gov.in/website/know-your-standards,2026-09-07
IS 18750 : Part 2 : 2024,Unani Medicine-Glossary of Terms - Part 2 Standardized Terminology Used for Diseases of Head and Nervous System,,,,,,,,,,,https://standards.bis.gov.in/website/know-your-standards,https://standardsbis.bsbedge.com/,unani;medicine;glossary;terms;standardized;terminology;used;diseases;head;nervous;system,Know Your Standard - Bureau of Indian Standards,https://standards.bis.gov.in/website/know-your-standards,2026-09-07
IS 18750 : Part 3 : 2024,Unani Medicine-Glossary of Terms - Part 3 Standardized Terminology Used for Diseases of Eye,,,,,,,,,,,https://standards.bis.gov.in/website/know-your-standards,https://standardsbis.bsbedge.com/,unani;medicine;glossary;terms;standardized;terminology;used;diseases;eye,Know Your Standard - Bureau of Indian Standards,https://standards.bis.gov.in/website/know-your-standards,2026-09-07
IS 18750 : Part 4 : 2024,"Unani Medicine - Glossary of Terms - Part 4 Standardized Terminology Used for Ear, Nose and Throat Diseases",,,,,,,,,,,https://standards.bis.gov.in/website/know-your-standards,https://standardsbis.bsbedge.com/,unani;medicine;glossary;terms;standardized;terminology;used;ear;nose;throat;diseases,Know Your Standard - Bureau of Indian Standards,https://standards.bis.gov.in/website/know-your-standards,2026-09-07
IS 18750 : Part 5 : 2024,Unani Medicine - Glossary of Terms - Part 5 Standardized Terminology Used for Cardiovascular Diseases,,,,,,,,,,,https://standards.bis.gov.in/website/know-your-standards,https://standardsbis.bsbedge.com/,unani;medicine;glossary;terms;standardized;terminology;used;cardiovascular;diseases,Know Your Standard - Bureau of Indian Standards,https://standards.bis.gov.in/website/know-your-standards,2026-09-07
IS 18750 : Part 6 : 2024,Unani Medicine - Glossary of Terms - Part 6 Standardized Terminology Used for Respiratory System Diseases,,,,,,,,,,,https://standards.bis.gov.in/website/know-your-standards,https://standardsbis.bsbedge.com/,unani;medicine;glossary;terms;standardized;terminology;used;respiratory;system;diseases,Know Your Standard - Bureau of Indian Standards,https://standards.bis.gov.in/website/know-your-standards,2026-09-07
IS 18750 : Part 8 : Sec 1 : 2025,Unani Medicine - Glossary of Terms - Part 8 Gastro-Intestinal Tract Diseases - Section 1 Standardized Terminology Used for Diseases of Oesophagus and Stomach,,,,,,,,,,,https://standards.bis.gov.in/website/know-your-standards,https://standardsbis.bsbedge.com/,unani;medicine;glossary;terms;gastro;intestinal;tract;diseases;section;standardized;terminology;used,Know Your Standard - Bureau of Indian Standards,https://standards.bis.gov.in/website/know-your-standards,2026-09-07
IS 18750 : Part 8 : Sec 2 : 2025,"Unani Medicine - Glossary of Terms - Part 8 Gastro-Intestinal Tract Diseases - Section 2 Standardized Terminology used for Diseases of Liver, Spleen and Pancreas",,,,,,,,,,,https://standards.bis.gov.in/website/know-your-standards,https://standardsbis.bsbedge.com/,unani;medicine;glossary;terms;gastro;intestinal;tract;diseases;section;standardized;terminology;used,Know Your Standard - Bureau of Indian Standards,https://standards.bis.gov.in/website/know-your-standards,2026-09-07
IS 18750 : Part 8 : Sec 3 : 2026,"Unani medicine - Glossary of Terms - Part 8 Lower Gastro-Intestinal Tract Diseases - Section 3 Standardized Terminology Used For Intestine, Mesentery and other Parts",,,,,,,,,,,https://standards.bis.gov.in/website/know-your-standards,https://standardsbis.bsbedge.com/,unani;medicine;glossary;terms;lower;gastro;intestinal;tract;diseases;section;standardized;terminology,Know Your Standard - Bureau of Indian Standards,https://standards.bis.gov.in/website/know-your-standards,2026-09-07
IS 19355 : 2025,Unani Medicine - Glass Cup MIḤJAMA (Cupping Therapy) Device,,,,,,,,,,,https://standards.bis.gov.in/website/know-your-standards,https://standardsbis.bsbedge.com/,unani;medicine;glass;cup;jama;cupping;therapy;device,Know Your Standard - Bureau of Indian Standards,https://standards.bis.gov.in/website/know-your-standards,2026-09-07
IS 19442 : 2026,Unani Medicine - Air Extraction Miḥjama (Cupping Therapy) Device,,,,,,,,,,,https://standards.bis.gov.in/website/know-your-standards,https://standardsbis.bsbedge.com/,unani;medicine;air;extraction;jama;cupping;therapy;device,Know Your Standard - Bureau of Indian Standards,https://standards.bis.gov.in/website/know-your-standards,2026-09-07
IS 19047 : part 1 : 2024,Siddha - Glossary of Terms - Part 1 Standardized Terminology for Core Concepts,,,,,,,,,,,https://standards.bis.gov.in/website/know-your-standards,https://standardsbis.bsbedge.com/,siddha;glossary;terms;standardized;terminology;core;concepts,Know Your Standard - Bureau of Indian Standards,https://standards.bis.gov.in/website/know-your-standards,2026-09-07
IS 19047 : Part 2 : 2024,Siddha - Glossary of Terms - Part 2 Standardized Terminology for Preventive Health,,,,,,,,,,,https://standards.bis.gov.in/website/know-your-standards,https://standardsbis.bsbedge.com/,siddha;glossary;terms;standardized;terminology;preventive;health,Know Your Standard - Bureau of Indian Standards,https://standards.bis.gov.in/website/know-your-standards,2026-09-07
IS 19047 : Part 3 : 2024,Siddha - Glossary of Terms - Part 3 Standardized Terminology for Materials,,,,,,,,,,,https://standards.bis.gov.in/website/know-your-standards,https://standardsbis.bsbedge.com/,siddha;glossary;terms;standardized;terminology;materials,Know Your Standard - Bureau of Indian Standards,https://standards.bis.gov.in/website/know-your-standards,2026-09-07
IS 19047 : Part 4 : 2025,Siddha - Glossary of Terms - Part 4 Standardized Terminology for Foods,,,,,,,,,,,https://standards.bis.gov.in/website/know-your-standards,https://standardsbis.bsbedge.com/,siddha;glossary;terms;standardized;terminology;foods,Know Your Standard - Bureau of Indian Standards,https://standards.bis.gov.in/website/know-your-standards,2026-09-07
IS 19047 : Part 6 : 2026,Siddha - Glossary of Terms - Part 6 Standardized Terminology for Processes and Medicine,,,,,,,,,,,https://standards.bis.gov.in/website/know-your-standards,https://standardsbis.bsbedge.com/,siddha;glossary;terms;standardized;terminology;processes;medicine,Know Your Standard - Bureau of Indian Standards,https://standards.bis.gov.in/website/know-your-standards,2026-09-07
IS 19047 : Part 7 : 2025,Siddha - Glossary of Terms - Part 7 Standardized Terminology on Fundamental Principles of Varmam,,,,,,,,,,,https://standards.bis.gov.in/website/know-your-standards,https://standardsbis.bsbedge.com/,siddha;glossary;terms;standardized;terminology;fundamental;principles;varmam,Know Your Standard - Bureau of Indian Standards,https://standards.bis.gov.in/website/know-your-standards,2026-09-07
IS 19735 : 2026,Siddha Poṭi Timirtal (Powder Rubbing) Therapy - Code of Practice,,,,,,,,,,,https://standards.bis.gov.in/website/know-your-standards,https://standardsbis.bsbedge.com/,siddha;timirtal;powder;rubbing;therapy,Know Your Standard - Bureau of Indian Standards,https://standards.bis.gov.in/website/know-your-standards,2026-09-07
IS 19737 : 2026,Siddha Pukai (Fumigation) Therapy - Code of Practice,,,,,,,,,,,https://standards.bis.gov.in/website/know-your-standards,https://standardsbis.bsbedge.com/,siddha;pukai;fumigation;therapy,Know Your Standard - Bureau of Indian Standards,https://standards.bis.gov.in/website/know-your-standards,2026-09-07
IS 18926 : 2024,Homoeopathy-Glossary of Terms Standardized Terminology for Commonly Used Terms Related to Homoeopathy,,,,,,,,,,,https://standards.bis.gov.in/website/know-your-standards,https://standardsbis.bsbedge.com/,homoeopathy;glossary;terms;standardized;terminology;commonly;used;related,Know Your Standard - Bureau of Indian Standards,https://standards.bis.gov.in/website/know-your-standards,2026-09-07
IS 18946 : 2024,Non-medicated Tablets for use in Homoeopathy-Specification,,,,,,,,,,,https://standards.bis.gov.in/website/know-your-standards,https://standardsbis.bsbedge.com/,non;medicated;tablets;use;homoeopathy,Know Your Standard - Bureau of Indian Standards,https://standards.bis.gov.in/website/know-your-standards,2026-09-07
IS 18947 : 2024,Globules for Use in Homoeopathy-Specification,,,,,,,,,,,https://standards.bis.gov.in/website/know-your-standards,https://standardsbis.bsbedge.com/,globules;use;homoeopathy,Know Your Standard - Bureau of Indian Standards,https://standards.bis.gov.in/website/know-your-standards,2026-09-07
IS 18977 : 2024,Millefolium (Achillea millefolium L.) Hydro-alcoholic Extract for Use in Homoeopathy-Specification,,,,,,,,,,,https://standards.bis.gov.in/website/know-your-standards,https://standardsbis.bsbedge.com/,millefolium;achillea;hydro;alcoholic;extract;use;homoeopathy,Know Your Standard - Bureau of Indian Standards,https://standards.bis.gov.in/website/know-your-standards,2026-09-07
IS 18979 : 2024,Withania somnifera Hydro-alcoholic Extract for Use in Homoeopathy-Specification,,,,,,,,,,,https://standards.bis.gov.in/website/know-your-standards,https://standardsbis.bsbedge.com/,withania;somnifera;hydro;alcoholic;extract;use;homoeopathy,Know Your Standard - Bureau of Indian Standards,https://standards.bis.gov.in/website/know-your-standards,2026-09-07
IS 19130 : 2025,Hydrocotyle asiatica Hydro-alcoholic Extract for Use in Homoeopathy - Specification,,,,,,,,,,,https://standards.bis.gov.in/website/know-your-standards,https://standardsbis.bsbedge.com/,hydrocotyle;asiatica;hydro;alcoholic;extract;use;homoeopathy,Know Your Standard - Bureau of Indian Standards,https://standards.bis.gov.in/website/know-your-standards,2026-09-07
IS 19134 : 2025,Gymnema sylvestre Hydro-alcoholic Extract for Use in Homoeopathy - Specification,,,,,,,,,,,https://standards.bis.gov.in/website/know-your-standards,https://standardsbis.bsbedge.com/,gymnema;sylvestre;hydro;alcoholic;extract;use;homoeopathy,Know Your Standard - Bureau of Indian Standards,https://standards.bis.gov.in/website/know-your-standards,2026-09-07
IS 19135 : 2025,Alfalfa Hydro-alcoholic Extract for Use in Homoeopathy - Specification,,,,,,,,,,,https://standards.bis.gov.in/website/know-your-standards,https://standardsbis.bsbedge.com/,alfalfa;hydro;alcoholic;extract;use;homoeopathy,Know Your Standard - Bureau of Indian Standards,https://standards.bis.gov.in/website/know-your-standards,2026-09-07
IS 19326 : 2025,Janosia ashoka Hydro-alcoholic Extract for Use in Homoeopathy - Specification,,,,,,,,,,,https://standards.bis.gov.in/website/know-your-standards,https://standardsbis.bsbedge.com/,janosia;ashoka;hydro;alcoholic;extract;use;homoeopathy,Know Your Standard - Bureau of Indian Standards,https://standards.bis.gov.in/website/know-your-standards,2026-09-07
IS 19350 : 2025,Jaborandi Hydro-alcoholic Extract for Use in Homoeopathy - Specification,,,,,,,,,,,https://standards.bis.gov.in/website/know-your-standards,https://standardsbis.bsbedge.com/,jaborandi;hydro;alcoholic;extract;use;homoeopathy,Know Your Standard - Bureau of Indian Standards,https://standards.bis.gov.in/website/know-your-standards,2026-09-07
IS 19351 : 2025,Digitalis Purpurea Hydro-alcoholic Extract for Use in Homoeopathy - Specification,,,,,,,,,,,https://standards.bis.gov.in/website/know-your-standards,https://standardsbis.bsbedge.com/,digitalis;purpurea;hydro;alcoholic;extract;use;homoeopathy,Know Your Standard - Bureau of Indian Standards,https://standards.bis.gov.in/website/know-your-standards,2026-09-07
IS 19400 : 2025,Holarrhena antidysenterica Hydro-Alcoholic Extract for Use in Homoeopathy - Specification,,,,,,,,,,,https://standards.bis.gov.in/website/know-your-standards,https://standardsbis.bsbedge.com/,holarrhena;antidysenterica;hydro;alcoholic;extract;use;homoeopathy,Know Your Standard - Bureau of Indian Standards,https://standards.bis.gov.in/website/know-your-standards,2026-09-07
IS 19415 : 2025,Sugar of Milk for Use in Homoeopathy - Specification,,,,,,,,,,,https://standards.bis.gov.in/website/know-your-standards,https://standardsbis.bsbedge.com/,sugar;milk;use;homoeopathy,Know Your Standard - Bureau of Indian Standards,https://standards.bis.gov.in/website/know-your-standards,2026-09-07
IS 19509 : 2026,Justicia adhatoda Hydroalcoholic Extract for Use in Homoeopathy - Specification,,,,,,,,,,,https://standards.bis.gov.in/website/know-your-standards,https://standardsbis.bsbedge.com/,justicia;adhatoda;hydroalcoholic;extract;use;homoeopathy,Know Your Standard - Bureau of Indian Standards,https://standards.bis.gov.in/website/know-your-standards,2026-09-07
IS 19898 : 2026,Echinacea angustifolia Hydro-Alcoholic Extract for Use in Homoeopathy - Specification,,,,,,,,,,,https://standards.bis.gov.in/website/know-your-standards,https://standardsbis.bsbedge.com/,echinacea;angustifolia;hydro;alcoholic;extract;use;homoeopathy,Know Your Standard - Bureau of Indian Standards,https://standards.bis.gov.in/website/know-your-standards,2026-09-07
IS 19901 : 2026,Safe Handling of Biotherapeutic Products Used in Homoeopathy - Guidelines,,,,,,,,,,,https://standards.bis.gov.in/website/know-your-standards,https://standardsbis.bsbedge.com/,safe;handling;biotherapeutic;products;used;homoeopathy;guidelines,Know Your Standard - Bureau of Indian Standards,https://standards.bis.gov.in/website/know-your-standards,2026-09-07
IS 19136 : 2025,Naturopathy - Glossary of Terms,,,,,,,,,,,https://standards.bis.gov.in/website/know-your-standards,https://standardsbis.bsbedge.com/,naturopathy;glossary;terms,Know Your Standard - Bureau of Indian Standards,https://standards.bis.gov.in/website/know-your-standards,2026-09-07
IS 19340 : 2025,Naturopathy Leg Massage Therapy - Code of Practice,,,,,,,,,,,https://standards.bis.gov.in/website/know-your-standards,https://standardsbis.bsbedge.com/,naturopathy;leg;massage;therapy,Know Your Standard - Bureau of Indian Standards,https://standards.bis.gov.in/website/know-your-standards,2026-09-07
IS 19341 : 2025,Naturopathy Head Massage Therapy - Code of Practice,,,,,,,,,,,https://standards.bis.gov.in/website/know-your-standards,https://standardsbis.bsbedge.com/,naturopathy;head;massage;therapy,Know Your Standard - Bureau of Indian Standards,https://standards.bis.gov.in/website/know-your-standards,2026-09-07
IS 19630 : 2026,Naturopathy Back Massage Therapy - Code of Practice,,,,,,,,,,,https://standards.bis.gov.in/website/know-your-standards,https://standardsbis.bsbedge.com/,naturopathy;back;massage;therapy,Know Your Standard - Bureau of Indian Standards,https://standards.bis.gov.in/website/know-your-standards,2026-09-07
IS 19729 : 2026,Naturopathy Therapeutic Fasting - Code of Practice,,,,,,,,,,,https://standards.bis.gov.in/website/know-your-standards,https://standardsbis.bsbedge.com/,naturopathy;therapeutic;fasting,Know Your Standard - Bureau of Indian Standards,https://standards.bis.gov.in/website/know-your-standards,2026-09-07
